gid,role,role_score,cluster_id,priority_score,evidence,depth,is_seed,in_deg,in_kzt,in_tx,out_deg,out_kzt,out_tx,pagerank,pass_through,truncated_by_depth,inflow_gap,seed_reach,seed_in_deg,in_days,out_days,matched_2d_kzt,matched_2d_share,early_in_share,amount_score,degree_score,tx_score,seed_score,role_weight,priority_base
100000000011452100,consolidator,0.597500000,1,0.456185098,Гип. consolidator; d=1; контр. в/из=3/1; KZT в/из=110000/16685; tx=7/2; seed-вход=1; баланс неизвестен,1,False,3,110000.000000000,7,1,16685.000000000,2,0.000487245,0.151681818,False,False,1,1,7,2,13685.000000000,0.124409091,0.818181818,0.752562941,0.352582869,0.498921986,0.200000000,0.850000000,0.571123754
100000000018102100,peripheral,0.150000000,1,0.149491189,Гип. peripheral; d=4; контр. в/из=1/0; KZT в/из=7000/0; tx=1/0; роль не определена; обрыв d=4; дальнейший выход неизвестен,4,False,1,7000.000000000,1,0,0.000000000,0,0.000318637,,True,False,1,0,1,0,0.000000000,0.000000000,1.000000000,0.573992722,0.176291434,0.150190483,0.200000000,0.000000000,0.259984676
100000000031787100,peripheral,0.200000000,7,0.222596902,Гип. peripheral; d=2; контр. в/из=1/2; KZT в/из=90000/90000; tx=2/4; роль не определена; баланс неизвестен,2,False,1,90000.000000000,2,2,90000.000000000,4,0.000428872,1.000000000,False,False,1,0,2,4,40000.000000000,0.444444444,1.000000000,0.739553583,0.279415313,0.421637992,0.200000000,0.000000000,0.370994836
100000000041368100,peripheral,0.200000000,3,0.246505862,Гип. peripheral; d=1; контр. в/из=1/0; KZT в/из=160000/0; tx=1/0; роль не определена; баланс неизвестен,1,False,1,160000.000000000,1,0,0.000000000,0,0.000315816,0.000000000,False,False,4,1,1,0,0.000000000,0.000000000,1.000000000,0.776854147,0.176291434,0.150190483,0.800000000,0.000000000,0.410843104
100000000076451100,peripheral,0.200000000,16,0.278787140,Гип. peripheral; d=2; контр. в/из=3/4; KZT в/из=87707/58000; tx=4/4; роль не определена; баланс неизвестен,2,False,3,87707.000000000,4,4,58000.000000000,4,0.001383636,0.661292713,False,False,3,0,3,3,5000.000000000,0.057007993,0.513071933,0.737880471,0.409336034,0.476092568,0.600000000,0.000000000,0.464645233
100000000089154100,distributor,0.600000000,1,0.548017292,Гип. distributor; d=1; контр. в/из=1/15; KZT в/из=10000/425500; tx=1/21; дней выхода=10; выход>1.2 входа: пропуски/начальный остаток,1,False,1,10000.000000000,1,15,425500.000000000,21,0.000285899,42.550000000,False,True,1,1,1,10,0.000000000,0.000000000,1.000000000,0.840263579,0.705165738,0.679395956,0.200000000,0.800000000,0.685021615
100000000190228100,peripheral,0.200000000,9,0.216304887,Гип. peripheral; d=2; контр. в/из=1/1; KZT в/из=5000/28560; tx=1/1; роль не определена; выход>1.2 входа: пропуски/начальный остаток,2,False,1,5000.000000000,1,1,28560.000000000,1,0.000578558,5.712000000,False,True,3,0,1,1,0.000000000,0.000000000,0.000000000,0.665143052,0.176291434,0.238046284,0.600000000,0.000000000,0.360508145
100000000201868100,peripheral,0.200000000,54,0.202418263,Гип. peripheral; d=2; контр. в/из=1/1; KZT в/из=190000/190000; tx=1/1; роль не определена; баланс неизвестен,2,False,1,190000.000000000,1,1,190000.000000000,1,0.000967520,1.000000000,False,False,1,0,1,1,190000.000000000,1.000000000,1.000000000,0.787995142,0.176291434,0.238046284,0.200000000,0.000000000,0.337363772
100000000254336100,peripheral,0.200000000,1,0.230579088,Гип. peripheral; d=3; контр. в/из=2/1; KZT в/из=97177/60000; tx=2/1; роль не определена; баланс неизвестен,3,False,2,97177.000000000,2,1,60000.000000000,1,0.000290357,0.617430050,False,False,2,0,2,1,60000.000000000,0.617430050,1.000000000,0.744527575,0.279415313,0.300380966,0.400000000,0.000000000,0.384298480
100000000267734100,peripheral,0.200000000,7,0.277931447,Гип. peripheral; d=1; контр. в/из=2/7; KZT в/из=180000/282000; tx=4/8; роль не определена; выход>1.2 входа: пропуски/начальный остаток,1,False,2,180000.000000000,4,7,282000.000000000,8,0.000533901,1.566666667,False,True,1,1,4,5,40000.000000000,0.222222222,0.666666667,0.813595310,0.528874303,0.555770829,0.200000000,0.000000000,0.463219078
100000000274067100,peripheral,0.200000000,7,0.291647548,Гип. peripheral; d=1; контр. в/из=2/3; KZT в/из=517704/2969000; tx=9/9; роль не определена; выход>1.2 входа: пропуски/начальный остаток,1,False,2,517704.000000000,9,3,2969000.000000000,9,0.000411173,5.734937339,False,True,1,1,7,8,55000.000000000,0.106238314,0.787523372,0.966209769,0.352582869,0.637998286,0.200000000,0.000000000,0.486079247
100000000287768100,peripheral,0.200000000,1,0.174826535,Гип. peripheral; d=3; контр. в/из=1/0; KZT в/из=35168/0; tx=1/0; роль не определена; баланс неизвестен,3,False,1,35168.000000000,1,0,0.000000000,0,0.000287132,0.000000000,False,False,1,0,1,0,0.000000000,0.000000000,0.000000000,0.678635665,0.176291434,0.150190483,0.200000000,0.000000000,0.291377559
100000000288317100,peripheral,0.200000000,1,0.229600380,Гип. peripheral; d=3; контр. в/из=2/3; KZT в/из=100000/53500; tx=2/3; роль не определена; баланс неизвестен,3,False,2,100000.000000000,2,3,53500.000000000,3,0.000311104,0.535000000,False,False,1,0,2,3,0.000000000,0.000000000,0.500000000,0.746384037,0.352582869,0.388236767,0.200000000,0.000000000,0.382667300
100000000291906100,transit,0.521932000,48,0.414072508,Гип. transit; d=2; контр. в/из=2/2; KZT в/из=388000/455854; tx=3/6; out/in=1.175; 1–2д=2%; баланс неизвестен,2,False,2,388000.000000000,3,2,455854.000000000,6,0.000757952,1.174881443,False,False,1,0,2,6,8000.000000000,0.020618557,1.000000000,0.844730853,0.279415313,0.498921986,0.200000000,0.650000000,0.544140616
100000000291908100,terminal,0.486464000,48,0.344482120,Гип. terminal; d=3; контр. в/из=1/1; KZT в/из=295500/13300; tx=5/1; out/in=0.045; до24.07=86%; остаток неизвестен; гипотеза в окне,3,False,1,295500.000000000,5,1,13300.000000000,1,0.000701668,0.045008460,False,False,1,0,5,1,0.000000000,0.000000000,0.864636210,0.816626867,0.176291434,0.421637992,0.200000000,0.450000000,0.463492046
100000000297649100,peripheral,0.200000000,11,0.250475847,Гип. peripheral; d=2; контр. в/из=1/1; KZT в/из=40000/70600; tx=1/2; роль не определена; выход>1.2 входа: пропуски/начальный остаток,2,False,1,40000.000000000,1,1,70600.000000000,2,0.000802395,1.765000000,False,True,4,0,1,2,0.000000000,0.000000000,1.000000000,0.723814375,0.176291434,0.300380966,0.800000000,0.000000000,0.417459744
100000000299820100,peripheral,0.150000000,4,0.153479470,Гип. peripheral; d=4; контр. в/из=1/0; KZT в/из=10000/0; tx=1/0; роль не определена; обрыв d=4; дальнейший выход неизвестен,4,False,1,10000.000000000,1,0,0.000000000,0,0.000447548,,True,False,1,0,1,0,0.000000000,0.000000000,1.000000000,0.597113194,0.176291434,0.150190483,0.200000000,0.000000000,0.266920818
100000000307908100,peripheral,0.200000000,41,0.152065041,Гип. peripheral; d=2; контр. в/из=1/0; KZT в/из=5000/0; tx=1/0; роль не определена; баланс неизвестен,2,False,1,5000.000000000,1,0,0.000000000,0,0.000295513,0.000000000,False,False,1,0,1,0,0.000000000,0.000000000,1.000000000,0.552182918,0.176291434,0.150190483,0.200000000,0.000000000,0.253441735
100000000331309100,coordinator,0.600000000,6,0.776000000,Гип. coordinator; d=2; контр. в/из=5/99; KZT в/из=984635/23001375; tx=8/126; seed-пути=4; выход>1.2 входа: пропуски/начальный остаток,2,False,5,984635.000000000,8,99,23001375.000000000,126,0.000869742,23.360306103,False,True,4,0,4,29,984635.000000000,1.000000000,1.000000000,1.000000000,1.000000000,1.000000000,0.800000000,1.000000000,0.970000000
100000000332284100,consolidator,0.600000000,6,0.573341613,Гип. consolidator; d=2; контр. в/из=10/3; KZT в/из=107426/289500; tx=12/3; seed-вход=0; выход>1.2 входа: пропуски/начальный остаток,2,False,10,107426.000000000,12,3,289500.000000000,3,0.000712720,2.694878335,False,True,3,0,9,2,11500.000000000,0.107050435,0.411446019,0.815296978,0.609868162,0.600761933,0.600000000,0.850000000,0.716677016
100000000343175100,coordinator,0.600000000,12,0.734218349,Гип. coordinator; d=0; контр. в/из=8/31; KZT в/из=178712/4000039; tx=14/33; seed-пути=4; seed: вход неполон; баланс неизвестен,0,True,8,178712.000000000,14,31,4000039.000000000,33,0.000709762,,False,True,4,1,11,12,130212.000000000,0.728613635,1.000000000,0.985534231,0.881457172,0.838808217,0.800000000,1.000000000,0.917772936
100000000369781100,peripheral,0.150000000,6,0.180228998,Гип. peripheral; d=4; контр. в/из=1/0; KZT в/из=5000/0; tx=1/0; роль не определена; обрыв d=4; дальнейший выход неизвестен,4,False,1,5000.000000000,1,0,0.000000000,0,0.000529321,,True,False,3,0,1,0,0.000000000,0.000000000,1.000000000,0.552182918,0.176291434,0.150190483,0.600000000,0.000000000,0.313441735
100000000375150100,peripheral,0.150000000,13,0.191514597,Гип. peripheral; d=4; контр. в/из=1/0; KZT в/из=300000/0; tx=1/0; роль не определена; обрыв d=4; дальнейший выход неизвестен,4,False,1,300000.000000000,1,0,0.000000000,0,0.000740800,,True,False,1,0,1,0,0.000000000,0.000000000,1.000000000,0.817606681,0.176291434,0.150190483,0.200000000,0.000000000,0.333068864
100000000404740100,peripheral,0.150000000,25,0.163725845,Гип. peripheral; d=4; контр. в/из=1/0; KZT в/из=25000/0; tx=1/0; роль не определена; обрыв d=4; дальнейший выход неизвестен,4,False,1,25000.000000000,1,0,0.000000000,0,0.000554596,,True,False,1,0,1,0,0.000000000,0.000000000,1.000000000,0.656512467,0.176291434,0.150190483,0.200000000,0.000000000,0.284740599
100000000408846100,peripheral,0.200000000,26,0.176473808,Гип. peripheral; d=3; контр. в/из=1/0; KZT в/из=40500/0; tx=1/0; роль не определена; баланс неизвестен,3,False,1,40500.000000000,1,0,0.000000000,0,0.000294103,0.000000000,False,False,1,0,1,0,0.000000000,0.000000000,1.000000000,0.687787180,0.176291434,0.150190483,0.200000000,0.000000000,0.294123013
100000000413678100,peripheral,0.200000000,4,0.309451967,Гип. peripheral; d=3; контр. в/из=2/3; KZT в/из=306500/528198; tx=2/18; роль не определена; выход>1.2 входа: пропуски/начальный остаток,3,False,2,306500.000000000,2,3,528198.000000000,18,0.000299057,1.723321370,False,True,3,0,1,15,71999.000000000,0.234907015,1.000000000,0.854280210,0.352582869,0.659684276,0.600000000,0.000000000,0.515753278
100000000424935100,peripheral,0.150000000,28,0.158013487,Гип. peripheral; d=4; контр. в/из=1/0; KZT в/из=15000/0; tx=1/0; роль не определена; обрыв d=4; дальнейший выход неизвестен,4,False,1,15000.000000000,1,0,0.000000000,0,0.000299774,,True,False,1,0,1,0,0.000000000,0.000000000,1.000000000,0.623397351,0.176291434,0.150190483,0.200000000,0.000000000,0.274806065
100000000425407100,peripheral,0.200000000,3,0.168240523,Гип. peripheral; d=2; контр. в/из=1/0; KZT в/из=20000/0; tx=1/0; роль не определена; баланс неизвестен,2,False,1,20000.000000000,1,0,0.000000000,0,0.000303433,0.000000000,False,False,1,0,1,0,0.000000000,0.000000000,1.000000000,0.642046710,0.176291434,0.150190483,0.200000000,0.000000000,0.280400872
100000000437046100,coordinator,0.600000000,1,0.767189064,Гип. coordinator; d=2; контр. в/из=9/42; KZT в/из=1107200/7606224; tx=20/73; seed-пути=4; выход>1.2 входа: пропуски/начальный остаток,2,False,9,1107200.000000000,20,42,7606224.000000000,73,0.000787536,6.869783237,False,True,4,0,12,19,957200.000000000,0.864523121,0.682080925,1.000000000,0.956603997,0.984436867,0.800000000,1.000000000,0.958986329
100000000440392100,terminal,0.490000000,5,0.344608901,Гип. terminal; d=1; контр. в/из=1/0; KZT в/из=105705/0; tx=4/0; out/in=0.000; до24.07=100%; остаток неизвестен; гипотеза в окне,1,False,1,105705.000000000,4,0,0.000000000,0,0.000295328,0.000000000,False,False,2,1,4,0,0.000000000,0.000000000,1.000000000,0.749980903,0.176291434,0.348731503,0.400000000,0.450000000,0.462562283
100000000456947100,peripheral,0.050000000,70,0.000000000,Гип. peripheral; d=0; контр. в/из=0/0; KZT в/из=0/0; tx=0/0; роль не определена; нет рёбер; роль неизвестна; вход seed неполон,0,True,0,0.000000000,0,0,0.000000000,0,0.000284037,,False,False,0,0,0,0,0.000000000,0.000000000,0.000000000,0.000000000,0.000000000,0.000000000,0.000000000,0.000000000,0.000000000
100000000470237100,peripheral,0.150000000,28,0.166659809,Гип. peripheral; d=4; контр. в/из=1/0; KZT в/из=32500/0; tx=1/0; роль не определена; обрыв d=4; дальнейший выход неизвестен,4,False,1,32500.000000000,1,0,0.000000000,0,0.000584077,,True,False,1,0,1,0,0.000000000,0.000000000,0.000000000,0.673520954,0.176291434,0.150190483,0.200000000,0.000000000,0.289843145
100000000481716100,peripheral,0.200000000,8,0.157548829,Гип. peripheral; d=3; контр. в/из=1/0; KZT в/из=8000/0; tx=1/0; роль не определена; баланс неизвестен,3,False,1,8000.000000000,1,0,0.000000000,0,0.000374967,0.000000000,False,False,1,0,1,0,0.000000000,0.000000000,1.000000000,0.582648410,0.176291434,0.150190483,0.200000000,0.000000000,0.262581382
100000000489417100,peripheral,0.200000000,13,0.241440983,Гип. peripheral; d=2; контр. в/из=3/1; KZT в/из=73504/80000; tx=3/1; роль не определена; баланс неизвестен,2,False,3,73504.000000000,3,1,80000.000000000,1,0.000548475,1.088376143,False,False,2,0,2,1,0.000000000,0.000000000,1.000000000,0.731917795,0.352582869,0.348731503,0.400000000,0.000000000,0.402401638
100000000490383100,peripheral,0.200000000,5,0.323271086,Гип. peripheral; d=2; контр. в/из=3/8; KZT в/из=62600/461375; tx=3/9; роль не определена; выход>1.2 входа: пропуски/начальный остаток,2,False,3,62600.000000000,3,8,461375.000000000,9,0.000544770,7.370207668,False,True,3,0,3,7,0.000000000,0.000000000,1.000000000,0.845511313,0.558830625,0.555770829,0.600000000,0.000000000,0.538785143
100000000500040100,peripheral,0.150000000,1,0.178480502,Гип. peripheral; d=4; контр. в/из=1/0; KZT в/из=20000/0; tx=1/0; роль не определена; обрыв d=4; дальнейший выход неизвестен,4,False,1,20000.000000000,1,0,0.000000000,0,0.000304384,,True,False,2,0,1,0,0.000000000,0.000000000,0.000000000,0.642046710,0.176291434,0.150190483,0.400000000,0.000000000,0.310400872
100000000507799100,peripheral,0.200000000,37,0.183455851,Гип. peripheral; d=1; контр. в/из=1/1; KZT в/из=5132/8000; tx=1/1; роль не определена; выход>1.2 входа: пропуски/начальный остаток,1,False,1,5132.000000000,1,1,8000.000000000,1,0.000284585,1.558846454,False,True,2,1,1,1,0.000000000,0.000000000,1.000000000,0.582648410,0.176291434,0.238046284,0.400000000,0.000000000,0.305759752
100000000533217100,peripheral,0.200000000,1,0.179741224,Гип. peripheral; d=2; контр. в/из=1/0; KZT в/из=53587/0; tx=1/0; роль не определена; баланс неизвестен,2,False,1,53587.000000000,1,0,0.000000000,0,0.000648452,0.000000000,False,False,1,0,1,0,0.000000000,0.000000000,1.000000000,0.705939493,0.176291434,0.150190483,0.200000000,0.000000000,0.299568707
100000000534581100,peripheral,0.200000000,4,0.242138867,Гип. peripheral; d=3; контр. в/из=2/1; KZT в/из=55960/40000; tx=2/1; роль не определена; баланс неизвестен,3,False,2,55960.000000000,2,1,40000.000000000,1,0.000296821,0.714796283,False,False,3,0,2,1,0.000000000,0.000000000,0.160614725,0.708748569,0.279415313,0.300380966,0.600000000,0.000000000,0.403564778
100000000542087100,peripheral,0.150000000,35,0.186171275,Гип. peripheral; d=4; контр. в/из=1/0; KZT в/из=8506.91/0; tx=1/0; роль не определена; обрыв d=4; дальнейший выход неизвестен,4,False,1,8506.910000000,1,0,0.000000000,0,0.000284877,,True,False,3,0,1,0,0.000000000,0.000000000,1.000000000,0.586630905,0.176291434,0.150190483,0.600000000,0.000000000,0.323776131
100000000552584100,terminal,0.480000000,23,0.387824372,Гип. terminal; d=3; контр. в/из=1/1; KZT в/из=2500000/57500; tx=3/1; out/in=0.023; до24.07=100%; остаток неизвестен; гипотеза в окне,3,False,1,2500000.000000000,3,1,57500.000000000,1,0.001395816,0.023000000,False,False,2,0,2,1,0.000000000,0.000000000,1.000000000,0.955063255,0.176291434,0.348731503,0.400000000,0.450000000,0.524086989
100000000555721100,terminal,0.480000000,1,0.353151982,Гип. terminal; d=1; контр. в/из=2/0; KZT в/из=113000/0; tx=3/0; out/in=0.000; до24.07=100%; остаток неизвестен; гипотеза в окне,1,False,2,113000.000000000,3,0,0.000000000,0,0.000306382,0.000000000,False,False,2,1,2,0,0.000000000,0.000000000,1.000000000,0.754307336,0.279415313,0.300380966,0.400000000,0.450000000,0.477232408
100000000557536100,peripheral,0.150000000,35,0.244392356,Гип. peripheral; d=4; контр. в/из=1/0; KZT в/из=153000/0; tx=7/0; роль не определена; обрыв d=4; дальнейший выход неизвестен,4,False,1,153000.000000000,7,0,0.000000000,0,0.000299141,,True,False,3,0,6,0,0.000000000,0.000000000,1.000000000,0.773953936,0.176291434,0.450571450,0.600000000,0.000000000,0.425030185
100000000560751100,peripheral,0.200000000,13,0.188844360,Гип. peripheral; d=3; контр. в/из=1/0; KZT в/из=25000/0; tx=1/0; роль не определена; баланс неизвестен,3,False,1,25000.000000000,1,0,0.000000000,0,0.000549128,0.000000000,False,False,2,0,1,0,0.000000000,0.000000000,1.000000000,0.656512467,0.176291434,0.150190483,0.400000000,0.000000000,0.314740599
100000000561160100,peripheral,0.150000000,3,0.206269151,Гип. peripheral; d=4; контр. в/из=1/0; KZT в/из=240000/0; tx=1/0; роль не определена; обрыв d=4; дальнейший выход неизвестен,4,False,1,240000.000000000,1,0,0.000000000,0,0.000433670,,True,False,2,0,1,0,0.000000000,0.000000000,0.000000000,0.803140330,0.176291434,0.150190483,0.400000000,0.000000000,0.358728958
100000000569479100,peripheral,0.200000000,1,0.200594442,Гип. peripheral; d=3; контр. в/из=1/0; KZT в/из=320000/0; tx=1/0; роль не определена; баланс неизвестен,3,False,1,320000.000000000,1,0,0.000000000,0,0.000392672,0.000000000,False,False,1,0,1,0,0.000000000,0.000000000,0.000000000,0.821790702,0.176291434,0.150190483,0.200000000,0.000000000,0.334324070
100000000572276100,peripheral,0.200000000,2,0.182525663,Гип. peripheral; d=3; контр. в/из=1/1; KZT в/из=13075/34547; tx=1/1; роль не определена; выход>1.2 входа: пропуски/начальный остаток,3,False,1,13075.000000000,1,1,34547.000000000,1,0.000286063,2.642217973,False,True,1,0,1,1,0.000000000,0.000000000,1.000000000,0.677480695,0.176291434,0.238046284,0.200000000,0.000000000,0.304209438
100000000580561100,peripheral,0.200000000,42,0.263417996,Гип. peripheral; d=0; контр. в/из=2/3; KZT в/из=27980/1488077; tx=3/13; роль не определена; seed: вход неполон; баланс неизвестен,0,True,2,27980.000000000,3,3,1488077.000000000,13,0.000828964,,False,True,0,0,3,11,23680.000000000,0.846318799,1.000000000,0.921429057,0.352582869,0.613898019,0.000000000,0.000000000,0.439029994
100000000581662100,peripheral,0.150000000,14,0.161860983,Гип. peripheral; d=4; контр. в/из=1/0; KZT в/из=21160/0; tx=1/0; роль не определена; обрыв d=4; дальнейший выход неизвестен,4,False,1,21160.000000000,1,0,0.000000000,0,0.000301269,,True,False,1,0,1,0,0.000000000,0.000000000,1.000000000,0.645701672,0.176291434,0.150190483,0.200000000,0.000000000,0.281497361
100000000581682100,peripheral,0.150000000,28,0.145728998,Гип. peripheral; d=4; контр. в/из=1/0; KZT в/из=5000/0; tx=1/0; роль не определена; обрыв d=4; дальнейший выход неизвестен,4,False,1,5000.000000000,1,0,0.000000000,0,0.000289283,,True,False,1,0,1,0,0.000000000,0.000000000,1.000000000,0.552182918,0.176291434,0.150190483,0.200000000,0.000000000,0.253441735
100000000583220100,peripheral,0.200000000,66,0.250131847,Гип. peripheral; d=3; контр. в/из=1/1; KZT в/из=5000/761255; tx=1/4; роль не определена; выход>1.2 входа: пропуски/начальный остаток,3,False,1,5000.000000000,1,1,761255.000000000,4,0.000296490,152.251000000,False,True,2,0,1,4,5000.000000000,1.000000000,0.000000000,0.877975368,0.176291434,0.388236767,0.400000000,0.000000000,0.416886412
100000000594783100,terminal,0.538615000,23,0.443729284,Гип. terminal; d=3; контр. в/из=1/2; KZT в/из=2635000/152500; tx=10/2; out/in=0.058; до24.07=89%; остаток неизвестен; гипотеза в окне,3,False,1,2635000.000000000,10,2,152500.000000000,2,0.001455852,0.057874763,False,False,2,0,7,2,60000.000000000,0.022770398,0.886148008,0.958472824,0.279415313,0.555770829,0.400000000,0.450000000,0.576790534
100000000596954100,peripheral,0.200000000,3,0.269040816,Гип. peripheral; d=2; контр. в/из=1/2; KZT в/из=120000/48100; tx=1/2; роль не определена; баланс неизвестен,2,False,1,120000.000000000,1,2,48100.000000000,2,0.000512506,0.400833333,False,False,4,0,1,1,48100.000000000,0.400833333,1.000000000,0.758203843,0.279415313,0.300380966,0.800000000,0.000000000,0.448401360
100000000600707100,peripheral,0.150000000,36,0.185503048,Гип. peripheral; d=4; контр. в/из=1/0; KZT в/из=89000/0; tx=2/0; роль не определена; обрыв d=4; дальнейший выход неизвестен,4,False,1,89000.000000000,2,0,0.000000000,0,0.000566529,,True,False,1,0,2,0,0.000000000,0.000000000,0.438202247,0.738829226,0.176291434,0.238046284,0.200000000,0.000000000,0.322613997
100000000607731100,peripheral,0.200000000,29,0.190196669,Гип. peripheral; d=1; контр. в/из=1/1; KZT в/из=20000/66666; tx=1/1; роль не определена; выход>1.2 входа: пропуски/начальный остаток,1,False,1,20000.000000000,1,1,66666.000000000,1,0.000315727,3.333300000,False,True,1,1,1,1,0.000000000,0.000000000,1.000000000,0.720097395,0.176291434,0.238046284,0.200000000,0.000000000,0.316994448
100000000607941100,peripheral,0.200000000,5,0.258268260,Гип. peripheral; d=2; контр. в/из=2/1; KZT в/из=50000/70000; tx=3/4; роль не определена; выход>1.2 входа: пропуски/начальный остаток,2,False,2,50000.000000000,3,1,70000.000000000,4,0.000574373,1.400000000,False,True,3,0,2,4,10000.000000000,0.200000000,0.400000000,0.723261065,0.279415313,0.450571450,0.600000000,0.000000000,0.430447100
100000000608031100,peripheral,0.150000000,17,0.165764705,Гип. peripheral; d=4; контр. в/из=1/0; KZT в/из=30000/0; tx=1/0; роль не определена; обрыв d=4; дальнейший выход неизвестен,4,False,1,30000.000000000,1,0,0.000000000,0,0.000535430,,True,False,1,0,1,0,0.000000000,0.000000000,1.000000000,0.668331948,0.176291434,0.150190483,0.200000000,0.000000000,0.288286444
100000000611474100,peripheral,0.200000000,22,0.173724968,Гип. peripheral; d=3; контр. в/из=1/0; KZT в/из=32000/0; tx=1/0; роль не определена; баланс неизвестен,3,False,1,32000.000000000,1,0,0.000000000,0,0.000591952,0.000000000,False,False,1,0,1,0,0.000000000,0.000000000,0.000000000,0.672515848,0.176291434,0.150190483,0.200000000,0.000000000,0.289541614
100000000625169100,peripheral,0.200000000,2,0.160152491,Гип. peripheral; d=2; контр. в/из=1/0; KZT в/из=10000/0; tx=1/0; роль не определена; баланс неизвестен,2,False,1,10000.000000000,1,0,0.000000000,0,0.000287408,0.000000000,False,False,1,0,1,0,0.000000000,0.000000000,0.000000000,0.597113194,0.176291434,0.150190483,0.200000000,0.000000000,0.266920818
100000000627521100,peripheral,0.150000000,38,0.183162549,Гип. peripheral; d=4; контр. в/из=1/0; KZT в/из=6500/0; tx=1/0; роль не определена; обрыв d=4; дальнейший выход неизвестен,4,False,1,6500.000000000,1,0,0.000000000,0,0.000284563,,True,False,3,0,1,0,0.000000000,0.000000000,1.000000000,0.569189012,0.176291434,0.150190483,0.600000000,0.000000000,0.318543563
100000000629812100,peripheral,0.200000000,55,0.261634571,Гип. peripheral; d=2; контр. в/из=2/0; KZT в/из=22000/0; tx=2/0; роль не определена; баланс неизвестен,2,False,2,22000.000000000,2,0,0.000000000,0,0.000296362,0.000000000,False,False,6,0,2,0,0.000000000,0.000000000,0.454545455,0.648225378,0.279415313,0.238046284,1.000000000,0.000000000,0.436057619
100000000634341100,peripheral,0.150000000,1,0.170846906,Гип. peripheral; d=4; контр. в/из=1/0; KZT в/из=24000/0; tx=2/0; роль не определена; обрыв d=4; дальнейший выход неизвестен,4,False,1,24000.000000000,2,0,0.000000000,0,0.000551576,,True,False,1,0,2,0,0.000000000,0.000000000,1.000000000,0.653866083,0.176291434,0.238046284,0.200000000,0.000000000,0.297125055
100000000640800100,peripheral,0.200000000,4,0.261217727,Гип. peripheral; d=3; контр. в/из=1/4; KZT в/из=80000/518135; tx=1/6; роль не определена; выход>1.2 входа: пропуски/начальный остаток,3,False,1,80000.000000000,1,4,518135.000000000,6,0.000301572,6.476687500,False,True,1,0,1,5,0.000000000,0.000000000,1.000000000,0.853033181,0.409336034,0.450571450,0.200000000,0.000000000,0.435362879
100000000646541100,peripheral,0.200000000,1,0.246007217,Гип. peripheral; d=2; контр. в/из=3/0; KZT в/из=25300/0; tx=4/0; роль не определена; баланс неизвестен,2,False,3,25300.000000000,4,0,0.000000000,0,0.000502843,0.000000000,False,False,3,0,4,0,0.000000000,0.000000000,0.197628458,0.657285766,0.352582869,0.348731503,0.600000000,0.000000000,0.410012029
100000000655469100,peripheral,0.150000000,21,0.186058064,Гип. peripheral; d=4; контр. в/из=1/0; KZT в/из=20000/0; tx=2/0; роль не определена; обрыв d=4; дальнейший выход неизвестен,4,False,1,20000.000000000,2,0,0.000000000,0,0.000343470,,True,False,2,0,2,0,0.000000000,0.000000000,1.000000000,0.642046710,0.176291434,0.238046284,0.400000000,0.000000000,0.323579243
100000000656682100,peripheral,0.200000000,1,0.232660876,Гип. peripheral; d=3; контр. в/из=1/2; KZT в/из=71000/80000; tx=1/3; роль не определена; баланс неизвестен,3,False,1,71000.000000000,1,2,80000.000000000,3,0.000288008,1.126760563,False,False,2,0,1,3,0.000000000,0.000000000,1.000000000,0.731917795,0.279415313,0.348731503,0.400000000,0.000000000,0.387768126
100000000661131100,peripheral,0.200000000,2,0.165341291,Гип. peripheral; d=3; контр. в/из=1/0; KZT в/из=15600/0; tx=1/0; роль не определена; баланс неизвестен,3,False,1,15600.000000000,1,0,0.000000000,0,0.000286454,0.000000000,False,False,1,0,1,0,0.000000000,0.000000000,1.000000000,0.625939865,0.176291434,0.150190483,0.200000000,0.000000000,0.275568819
100000000661912100,transit,0.597330000,4,0.501081722,Гип. transit; d=1; контр. в/из=5/2; KZT в/из=393036/430700; tx=9/8; out/in=1.096; 1–2д=13%; баланс неизвестен,1,False,5,393036.000000000,9,2,430700.000000000,8,0.001793142,1.095828372,False,False,2,1,8,7,50311.000000000,0.128006086,0.923671114,0.841051058,0.455706747,0.626283051,0.400000000,0.650000000,0.627399124
100000000667713100,peripheral,0.200000000,5,0.306182469,Гип. peripheral; d=1; контр. в/из=2/6; KZT в/из=119495/79236; tx=10/7; роль не определена; баланс неизвестен,1,False,2,119495.000000000,10,6,79236.000000000,7,0.000318342,0.663090506,False,False,3,1,7,6,24700.000000000,0.206703209,1.000000000,0.757930443,0.494912626,0.626283051,0.600000000,0.000000000,0.510304116
100000000673868100,peripheral,0.200000000,30,0.304941391,Гип. peripheral; d=3; контр. в/из=1/5; KZT в/из=2030650/383000; tx=5/19; роль не определена; баланс неизвестен,3,False,1,2030650.000000000,5,5,383000.000000000,19,0.001162491,0.188609559,False,False,1,0,5,10,262000.000000000,0.129022727,1.000000000,0.941582841,0.455706747,0.697463005,0.200000000,0.000000000,0.508235652
100000000673915100,peripheral,0.150000000,35,0.195841772,Гип. peripheral; d=4; контр. в/из=1/0; KZT в/из=20200/0; tx=1/0; роль не определена; обрыв d=4; дальнейший выход неизвестен,4,False,1,20200.000000000,1,0,0.000000000,0,0.000286031,,True,False,3,0,1,0,0.000000000,0.000000000,1.000000000,0.642691759,0.176291434,0.150190483,0.600000000,0.000000000,0.340594387
100000000703894100,peripheral,0.200000000,29,0.197055829,Гип. peripheral; d=1; контр. в/из=1/1; KZT в/из=120000/35000; tx=1/1; роль не определена; баланс неизвестен,1,False,1,120000.000000000,1,1,35000.000000000,1,0.000474176,0.291666667,False,False,1,1,1,1,0.000000000,0.000000000,1.000000000,0.758203843,0.176291434,0.238046284,0.200000000,0.000000000,0.328426382
100000000703902100,peripheral,0.200000000,2,0.171074978,Гип. peripheral; d=1; контр. в/из=1/0; KZT в/из=25499/0; tx=1/0; роль не определена; баланс неизвестен,1,False,1,25499.000000000,1,0,0.000000000,0,0.000289349,0.000000000,False,False,1,1,1,0,0.000000000,0.000000000,1.000000000,0.657793679,0.176291434,0.150190483,0.200000000,0.000000000,0.285124963
100000000704700100,peripheral,0.150000000,24,0.153479470,Гип. peripheral; d=4; контр. в/из=1/0; KZT в/из=10000/0; tx=1/0; роль не определена; обрыв d=4; дальнейший выход неизвестен,4,False,1,10000.000000000,1,0,0.000000000,0,0.000530097,,True,False,1,0,1,0,0.000000000,0.000000000,0.000000000,0.597113194,0.176291434,0.150190483,0.200000000,0.000000000,0.266920818
100000000706545100,consolidator,0.605000000,5,0.522668287,Гип. consolidator; d=1; контр. в/из=3/1; KZT в/из=1070300/75800; tx=8/3; seed-вход=1; баланс неизвестен,1,False,3,1070300.000000000,8,1,75800.000000000,3,0.003413558,0.070821265,False,False,2,1,7,2,0.000000000,0.000000000,0.994861254,0.900064614,0.352582869,0.538427250,0.400000000,0.850000000,0.651300046
100000000718427100,peripheral,0.200000000,2,0.154192236,Гип. peripheral; d=2; контр. в/из=1/0; KZT в/из=6000/0; tx=1/0; роль не определена; баланс неизвестен,2,False,1,6000.000000000,1,0,0.000000000,0,0.000286060,0.000000000,False,False,1,0,1,0,0.000000000,0.000000000,1.000000000,0.564000671,0.176291434,0.150190483,0.200000000,0.000000000,0.256987061
100000000723383100,peripheral,0.200000000,21,0.209556211,Гип. peripheral; d=2; контр. в/из=1/2; KZT в/из=6800/75000; tx=1/2; роль не определена; выход>1.2 входа: пропуски/начальный остаток,2,False,1,6800.000000000,1,2,75000.000000000,2,0.000386796,11.029411765,False,True,1,0,1,1,0.000000000,0.000000000,1.000000000,0.727733814,0.279415313,0.300380966,0.200000000,0.000000000,0.349260352
100000000724540100,peripheral,0.200000000,18,0.248928264,Гип. peripheral; d=2; контр. в/из=1/1; KZT в/из=50000/100000; tx=1/1; роль не определена; выход>1.2 входа: пропуски/начальный остаток,2,False,1,50000.000000000,1,1,100000.000000000,1,0.000307942,2.000000000,False,True,4,0,1,1,0.000000000,0.000000000,0.000000000,0.746384037,0.176291434,0.238046284,0.800000000,0.000000000,0.414880441
100000000733373100,peripheral,0.200000000,5,0.196952850,Гип. peripheral; d=2; контр. в/из=1/0; KZT в/из=10710/0; tx=1/0; роль не определена; баланс неизвестен,2,False,1,10710.000000000,1,0,0.000000000,0,0.000304116,0.000000000,False,False,3,0,1,0,0.000000000,0.000000000,1.000000000,0.601559637,0.176291434,0.150190483,0.600000000,0.000000000,0.328254751
100000000733451100,peripheral,0.200000000,13,0.231358462,Гип. peripheral; d=3; контр. в/из=1/1; KZT в/из=70000/300000; tx=2/1; роль не определена; выход>1.2 входа: пропуски/начальный остаток,3,False,1,70000.000000000,2,1,300000.000000000,1,0.000537367,4.285714286,False,True,2,0,1,1,0.000000000,0.000000000,1.000000000,0.817606681,0.176291434,0.300380966,0.400000000,0.000000000,0.385597436
100000000733940100,peripheral,0.150000000,31,0.209368965,Гип. peripheral; d=4; контр. в/из=1/0; KZT в/из=752000/0; tx=2/0; роль не определена; обрыв d=4; дальнейший выход неизвестен,4,False,1,752000.000000000,2,0,0.000000000,0,0.000408736,,True,False,1,0,2,0,0.000000000,0.000000000,0.904255319,0.877182364,0.176291434,0.238046284,0.200000000,0.000000000,0.364119939
100000000737152100,peripheral,0.150000000,1,0.201988547,Гип. peripheral; d=4; контр. в/из=1/0; KZT в/из=35000/0; tx=1/0; роль не определена; обрыв d=4; дальнейший выход неизвестен,4,False,1,35000.000000000,1,0,0.000000000,0,0.000342565,,True,False,3,0,1,0,0.000000000,0.000000000,1.000000000,0.678325234,0.176291434,0.150190483,0.600000000,0.000000000,0.351284429
100000000749118100,peripheral,0.200000000,1,0.191902803,Гип. peripheral; d=3; контр. в/из=1/1; KZT в/из=10330/16500; tx=1/1; роль не определена; выход>1.2 входа: пропуски/начальный остаток,3,False,1,10330.000000000,1,1,16500.000000000,1,0.000284615,1.597289448,False,True,2,0,1,1,0.000000000,0.000000000,1.000000000,0.629575921,0.176291434,0.238046284,0.400000000,0.000000000,0.319838006
100000000764836100,peripheral,0.200000000,4,0.223685575,Гип. peripheral; d=3; контр. в/из=1/2; KZT в/из=251716/50000; tx=1/2; роль не определена; баланс неизвестен,3,False,1,251716.000000000,1,2,50000.000000000,2,0.000334848,0.198636559,False,False,1,0,1,2,0.000000000,0.000000000,1.000000000,0.806230282,0.279415313,0.300380966,0.200000000,0.000000000,0.372809292
100000000765628100,peripheral,0.200000000,5,0.152065041,Гип. peripheral; d=2; контр. в/из=1/0; KZT в/из=5000/0; tx=1/0; роль не определена; баланс неизвестен,2,False,1,5000.000000000,1,0,0.000000000,0,0.000313696,0.000000000,False,False,1,0,1,0,0.000000000,0.000000000,1.000000000,0.552182918,0.176291434,0.150190483,0.200000000,0.000000000,0.253441735
100000000769919100,peripheral,0.200000000,61,0.197713742,Гип. peripheral; d=2; контр. в/из=1/0; KZT в/из=250000/0; tx=1/0; роль не определена; баланс неизвестен,2,False,1,250000.000000000,1,0,0.000000000,0,0.000730686,0.000000000,False,False,1,0,1,0,0.000000000,0.000000000,1.000000000,0.805786811,0.176291434,0.150190483,0.200000000,0.000000000,0.329522903
100000000782285100,peripheral,0.200000000,1,0.154482234,Гип. peripheral; d=3; контр. в/из=1/0; KZT в/из=6151/0; tx=1/0; роль не определена; баланс неизвестен,3,False,1,6151.000000000,1,0,0.000000000,0,0.000319140,0.000000000,False,False,1,0,1,0,0.000000000,0.000000000,1.000000000,0.565611769,0.176291434,0.150190483,0.200000000,0.000000000,0.257470390
100000000783406100,peripheral,0.200000000,34,0.154319878,Гип. peripheral; d=3; контр. в/из=1/0; KZT в/из=6066/0; tx=1/0; роль не определена; баланс неизвестен,3,False,1,6066.000000000,1,0,0.000000000,0,0.000288618,0.000000000,False,False,1,0,1,0,0.000000000,0.000000000,1.000000000,0.564709790,0.176291434,0.150190483,0.200000000,0.000000000,0.257199796
100000000785800100,peripheral,0.200000000,56,0.175549014,Гип. peripheral; d=2; контр. в/из=1/1; KZT в/из=19000/19000; tx=1/1; роль не определена; баланс неизвестен,2,False,1,19000.000000000,1,1,19000.000000000,1,0.000358052,1.000000000,False,False,1,0,1,1,0.000000000,0.000000000,0.000000000,0.638721535,0.176291434,0.238046284,0.200000000,0.000000000,0.292581690
100000000790311100,peripheral,0.200000000,16,0.214035605,Гип. peripheral; d=2; контр. в/из=1/0; KZT в/из=46300/0; tx=1/0; роль не определена; баланс неизвестен,2,False,1,46300.000000000,1,0,0.000000000,0,0.000298654,0.000000000,False,False,3,0,1,0,0.000000000,0.000000000,0.000000000,0.696463831,0.176291434,0.150190483,0.600000000,0.000000000,0.356726009
100000000791285100,peripheral,0.200000000,26,0.257792554,Гип. peripheral; d=3; контр. в/из=1/3; KZT в/из=1120000/650000; tx=2/3; роль не определена; баланс неизвестен,3,False,1,1120000.000000000,2,3,650000.000000000,3,0.000562401,0.580357143,False,False,1,0,1,2,0.000000000,0.000000000,0.000000000,0.903007228,0.352582869,0.388236767,0.200000000,0.000000000,0.429654257
100000000795033100,peripheral,0.200000000,1,0.185140032,Гип. peripheral; d=2; контр. в/из=1/0; KZT в/из=18200/0; tx=1/0; роль не определена; баланс неизвестен,2,False,1,18200.000000000,1,0,0.000000000,0,0.000529861,0.000000000,False,False,2,0,1,0,0.000000000,0.000000000,1.000000000,0.635932866,0.176291434,0.150190483,0.400000000,0.000000000,0.308566719
100000000795129100,peripheral,0.200000000,16,0.237024038,Гип. peripheral; d=2; контр. в/из=1/0; KZT в/из=332000/0; tx=1/0; роль не определена; баланс неизвестен,2,False,1,332000.000000000,1,0,0.000000000,0,0.000388845,0.000000000,False,False,3,0,1,0,0.000000000,0.000000000,0.000000000,0.824177346,0.176291434,0.150190483,0.600000000,0.000000000,0.395040063
100000000795374100,peripheral,0.200000000,4,0.178932743,Гип. peripheral; d=3; контр. в/из=1/0; KZT в/из=50000/0; tx=1/0; роль не определена; баланс неизвестен,3,False,1,50000.000000000,1,0,0.000000000,0,0.000294130,0.000000000,False,False,1,0,1,0,0.000000000,0.000000000,1.000000000,0.701447928,0.176291434,0.150190483,0.200000000,0.000000000,0.298221238
100000000802149100,peripheral,0.200000000,1,0.187493274,Гип. peripheral; d=3; контр. в/из=1/0; KZT в/из=104128/0; tx=1/0; роль не определена; баланс неизвестен,3,False,1,104128.000000000,1,0,0.000000000,0,0.000293201,0.000000000,False,False,1,0,1,0,0.000000000,0.000000000,1.000000000,0.749006434,0.176291434,0.150190483,0.200000000,0.000000000,0.312488789
100000000803368100,peripheral,0.150000000,15,0.182951718,Гип. peripheral; d=4; контр. в/из=1/0; KZT в/из=139503/0; tx=1/0; роль не определена; обрыв d=4; дальнейший выход неизвестен,4,False,1,139503.000000000,1,0,0.000000000,0,0.000545131,,True,False,1,0,1,0,0.000000000,0.000000000,1.000000000,0.767966805,0.176291434,0.150190483,0.200000000,0.000000000,0.318176901
100000000806727100,peripheral,0.200000000,4,0.257610296,Гип. peripheral; d=2; контр. в/из=1/1; KZT в/из=45000/5000; tx=1/1; роль не определена; баланс неизвестен,2,False,1,45000.000000000,1,1,5000.000000000,1,0.000343873,0.111111111,False,False,8,0,1,1,0.000000000,0.000000000,1.000000000,0.694617546,0.176291434,0.238046284,1.000000000,0.000000000,0.429350493
100000000810551100,peripheral,0.200000000,3,0.248928264,Гип. peripheral; d=1; контр. в/из=1/1; KZT в/из=100000/7100; tx=1/1; роль не определена; баланс неизвестен,1,False,1,100000.000000000,1,1,7100.000000000,1,0.000303899,0.071000000,False,False,4,1,1,1,0.000000000,0.000000000,1.000000000,0.746384037,0.176291434,0.238046284,0.800000000,0.000000000,0.414880441
100000000817146100,peripheral,0.200000000,5,0.236862441,Гип. peripheral; d=1; контр. в/из=1/0; KZT в/из=70020/0; tx=1/0; роль не определена; баланс неизвестен,1,False,1,70020.000000000,1,0,0.000000000,0,0.000585649,0.000000000,False,False,4,1,1,0,0.000000000,0.000000000,1.000000000,0.723279585,0.176291434,0.150190483,0.800000000,0.000000000,0.394770735
100000000821507100,peripheral,0.200000000,30,0.239198388,Гип. peripheral; d=2; контр. в/из=1/0; KZT в/из=400000/0; tx=1/0; роль не определена; баланс неизвестен,2,False,1,400000.000000000,1,0,0.000000000,0,0.000333553,0.000000000,False,False,3,0,1,0,0.000000000,0.000000000,1.000000000,0.836257067,0.176291434,0.150190483,0.600000000,0.000000000,0.398663979
100000000831684100,peripheral,0.200000000,11,0.200356908,Гип. peripheral; d=2; контр. в/из=1/1; KZT в/из=15000/50000; tx=2/3; роль не определена; выход>1.2 входа: пропуски/начальный остаток,2,False,1,15000.000000000,2,1,50000.000000000,3,0.001989689,3.333333333,False,True,1,0,1,3,15000.000000000,1.000000000,1.000000000,0.701447928,0.176291434,0.388236767,0.200000000,0.000000000,0.333928180
100000000838385100,peripheral,0.200000000,28,0.255895814,Гип. peripheral; d=3; контр. в/из=1/2; KZT в/из=436900/177500; tx=8/6; роль не определена; баланс неизвестен,3,False,1,436900.000000000,8,2,177500.000000000,6,0.001927858,0.406271458,False,False,1,0,5,4,71500.000000000,0.163653010,0.325703822,0.841977642,0.279415313,0.586777786,0.200000000,0.000000000,0.426493023
100000000850297100,peripheral,0.200000000,8,0.174602725,Гип. peripheral; d=2; контр. в/из=1/1; KZT в/из=17520/17520; tx=1/1; роль не определена; баланс неизвестен,2,False,1,17520.000000000,1,1,17520.000000000,1,0.000292324,1.000000000,False,False,1,0,1,1,0.000000000,0.000000000,1.000000000,0.633464373,0.176291434,0.238046284,0.200000000,0.000000000,0.291004541
100000000860514100,peripheral,0.200000000,25,0.186839765,Гип. peripheral; d=3; контр. в/из=1/1; KZT в/из=12000/50000; tx=1/1; роль не определена; выход>1.2 входа: пропуски/начальный остаток,3,False,1,12000.000000000,1,1,50000.000000000,1,0.000304597,4.166666667,False,True,1,0,1,1,0.000000000,0.000000000,1.000000000,0.701447928,0.176291434,0.238046284,0.200000000,0.000000000,0.311399608
100000000861294100,peripheral,0.200000000,7,0.191752741,Гип. peripheral; d=2; контр. в/из=1/0; KZT в/из=150000/0; tx=1/0; роль не определена; баланс неизвестен,2,False,1,150000.000000000,1,0,0.000000000,0,0.000312276,0.000000000,False,False,1,0,1,0,0.000000000,0.000000000,0.000000000,0.772670139,0.176291434,0.150190483,0.200000000,0.000000000,0.319587901
100000000870121100,peripheral,0.200000000,13,0.180279880,Гип. peripheral; d=3; контр. в/из=1/0; KZT в/из=12000/0; tx=1/0; роль не определена; баланс неизвестен,3,False,1,12000.000000000,1,0,0.000000000,0,0.000313923,0.000000000,False,False,2,0,1,0,0.000000000,0.000000000,1.000000000,0.608932027,0.176291434,0.150190483,0.400000000,0.000000000,0.300466467
100000000878006100,peripheral,0.200000000,6,0.214211453,Гип. peripheral; d=3; контр. в/из=1/0; KZT в/из=47003/0; tx=1/0; роль не определена; баланс неизвестен,3,False,1,47003.000000000,1,0,0.000000000,0,0.000285548,0.000000000,False,False,3,0,1,0,0.000000000,0.000000000,1.000000000,0.697440764,0.176291434,0.150190483,0.600000000,0.000000000,0.357019089
100000000896111100,peripheral,0.200000000,23,0.199328427,Гип. peripheral; d=3; контр. в/из=1/0; KZT в/из=287100/0; tx=1/0; роль не определена; баланс неизвестен,3,False,1,287100.000000000,1,0,0.000000000,0,0.000384632,0.000000000,False,False,1,0,1,0,0.000000000,0.000000000,1.000000000,0.814757288,0.176291434,0.150190483,0.200000000,0.000000000,0.332214046
100000000907277100,peripheral,0.200000000,2,0.166705023,Гип. peripheral; d=1; контр. в/из=1/0; KZT в/из=17534/0; tx=1/0; роль не определена; баланс неизвестен,1,False,1,17534.000000000,1,0,0.000000000,0,0.000287690,0.000000000,False,False,1,1,1,0,0.000000000,0.000000000,1.000000000,0.633516154,0.176291434,0.150190483,0.200000000,0.000000000,0.277841706
100000000910216100,peripheral,0.200000000,3,0.218893323,Гип. peripheral; d=2; контр. в/из=1/1; KZT в/из=71000/52010; tx=3/1; роль не определена; баланс неизвестен,2,False,1,71000.000000000,3,1,52010.000000000,1,0.000321456,0.732535211,False,False,2,0,3,1,0.000000000,0.000000000,1.000000000,0.724180643,0.176291434,0.348731503,0.400000000,0.000000000,0.364822205
100000000912487100,peripheral,0.200000000,3,0.196152491,Гип. peripheral; d=2; контр. в/из=1/0; KZT в/из=10000/0; tx=1/0; роль не определена; баланс неизвестен,2,False,1,10000.000000000,1,0,0.000000000,0,0.000290102,0.000000000,False,False,3,0,1,0,0.000000000,0.000000000,1.000000000,0.597113194,0.176291434,0.150190483,0.600000000,0.000000000,0.326920818
100000000913911100,peripheral,0.200000000,3,0.251821924,Гип. peripheral; d=2; контр. в/из=2/1; KZT в/из=467000/600000; tx=2/1; роль не определена; выход>1.2 входа: пропуски/начальный остаток,2,False,2,467000.000000000,2,1,600000.000000000,1,0.000456623,1.284796574,False,True,2,0,1,1,0.000000000,0.000000000,0.000000000,0.862543331,0.279415313,0.300380966,0.400000000,0.000000000,0.419703207
100000000917179100,peripheral,0.200000000,15,0.194263806,Гип. peripheral; d=2; контр. в/из=1/0; KZT в/из=94465/0; tx=2/0; роль не определена; баланс неизвестен,2,False,1,94465.000000000,2,0,0.000000000,0,0.000423415,0.000000000,False,False,1,0,1,0,0.000000000,0.000000000,0.000000000,0.742692602,0.176291434,0.238046284,0.200000000,0.000000000,0.323773010
100000000922570100,peripheral,0.200000000,11,0.186839765,Гип. peripheral; d=1; контр. в/из=1/1; KZT в/из=47101/50000; tx=1/1; роль не определена; баланс неизвестен,1,False,1,47101.000000000,1,1,50000.000000000,1,0.000291803,1.061548587,False,False,1,1,1,1,0.000000000,0.000000000,1.000000000,0.701447928,0.176291434,0.238046284,0.200000000,0.000000000,0.311399608
100000000926078100,peripheral,0.150000000,4,0.206725669,Гип. peripheral; d=4; контр. в/из=1/0; KZT в/из=250000/0; tx=1/0; роль не определена; обрыв d=4; дальнейший выход неизвестен,4,False,1,250000.000000000,1,0,0.000000000,0,0.000513417,,True,False,2,0,1,0,0.000000000,0.000000000,0.000000000,0.805786811,0.176291434,0.150190483,0.400000000,0.000000000,0.359522903
100000000926766100,peripheral,0.200000000,25,0.175394458,Гип. peripheral; d=3; контр. в/из=1/1; KZT в/из=18750/6000; tx=1/1; роль не определена; баланс неизвестен,3,False,1,18750.000000000,1,1,6000.000000000,1,0.000316162,0.320000000,False,False,1,0,1,1,0.000000000,0.000000000,0.000000000,0.637862892,0.176291434,0.238046284,0.200000000,0.000000000,0.292324097
100000000933075100,peripheral,0.200000000,11,0.223936944,Гип. peripheral; d=3; контр. в/из=1/2; KZT в/из=40000/55000; tx=1/2; роль не определена; выход>1.2 входа: пропуски/начальный остаток,3,False,1,40000.000000000,1,2,55000.000000000,2,0.000801915,1.375000000,False,True,2,0,1,2,0.000000000,0.000000000,1.000000000,0.707626773,0.279415313,0.300380966,0.400000000,0.000000000,0.373228239
100000000941942100,peripheral,0.200000000,3,0.244082851,Гип. peripheral; d=1; контр. в/из=1/0; KZT в/из=130000/0; tx=1/0; роль не определена; баланс неизвестен,1,False,1,130000.000000000,1,0,0.000000000,0,0.000309857,0.000000000,False,False,4,1,1,0,0.000000000,0.000000000,1.000000000,0.763392973,0.176291434,0.150190483,0.800000000,0.000000000,0.406804751
100000000942301100,peripheral,0.200000000,1,0.206486897,Гип. peripheral; d=3; контр. в/из=1/0; KZT в/из=57580/0; tx=2/0; роль не определена; баланс неизвестен,3,False,1,57580.000000000,2,0,0.000000000,0,0.000298935,0.000000000,False,False,2,0,2,0,0.000000000,0.000000000,1.000000000,0.710598665,0.176291434,0.238046284,0.400000000,0.000000000,0.344144829
100000000943371100,peripheral,0.200000000,13,0.237266252,Гип. peripheral; d=2; контр. в/из=1/0; KZT в/из=15500/0; tx=1/0; роль не определена; баланс неизвестен,2,False,1,15500.000000000,1,0,0.000000000,0,0.000304269,0.000000000,False,False,5,0,1,0,0.000000000,0.000000000,1.000000000,0.625522977,0.176291434,0.150190483,1.000000000,0.000000000,0.395443753
100000000945428100,peripheral,0.200000000,1,0.185743558,Гип. peripheral; d=1; контр. в/из=1/0; KZT в/из=89629/0; tx=1/0; роль не определена; баланс неизвестен,1,False,1,89629.000000000,1,0,0.000000000,0,0.000300725,0.000000000,False,False,1,1,1,0,0.000000000,0.000000000,1.000000000,0.739285790,0.176291434,0.150190483,0.200000000,0.000000000,0.309572596
100000000954884100,peripheral,0.200000000,34,0.174432400,Гип. peripheral; d=3; контр. в/из=1/0; KZT в/из=34000/0; tx=1/0; роль не определена; баланс неизвестен,3,False,1,34000.000000000,1,0,0.000000000,0,0.000309713,0.000000000,False,False,1,0,1,0,0.000000000,0.000000000,0.000000000,0.676446025,0.176291434,0.150190483,0.200000000,0.000000000,0.290720667
100000000955444100,peripheral,0.200000000,42,0.155839819,Гип. peripheral; d=2; контр. в/из=1/0; KZT в/из=6910/0; tx=1/0; роль не определена; баланс неизвестен,2,False,1,6910.000000000,1,0,0.000000000,0,0.000350554,0.000000000,False,False,1,0,1,0,0.000000000,0.000000000,1.000000000,0.573153909,0.176291434,0.150190483,0.200000000,0.000000000,0.259733032
100000000955529100,peripheral,0.200000000,3,0.189628901,Гип. peripheral; d=3; контр. в/из=1/1; KZT в/из=27000/63500; tx=1/1; роль не определена; выход>1.2 входа: пропуски/начальный остаток,3,False,1,27000.000000000,1,1,63500.000000000,1,0.000294027,2.351851852,False,True,1,0,1,1,0.000000000,0.000000000,1.000000000,0.716943127,0.176291434,0.238046284,0.200000000,0.000000000,0.316048168
100000000957746100,peripheral,0.150000000,17,0.180880503,Гип. peripheral; d=4; контр. в/из=1/0; KZT в/из=5300/0; tx=1/0; роль не определена; обрыв d=4; дальнейший выход неизвестен,4,False,1,5300.000000000,1,0,0.000000000,0,0.000345341,,True,False,3,0,1,0,0.000000000,0.000000000,1.000000000,0.555959760,0.176291434,0.150190483,0.600000000,0.000000000,0.314574787
100000000961900100,peripheral,0.200000000,1,0.200991395,Гип. peripheral; d=1; контр. в/из=2/0; KZT в/из=36000/0; tx=3/0; роль не определена; баланс неизвестен,1,False,2,36000.000000000,3,0,0.000000000,0,0.000292722,0.000000000,False,False,1,1,3,0,0.000000000,0.000000000,1.000000000,0.680151501,0.279415313,0.300380966,0.200000000,0.000000000,0.334985658
100000000967918100,peripheral,0.200000000,1,0.200437598,Гип. peripheral; d=2; контр. в/из=1/0; KZT в/из=21200/0; tx=3/0; роль не определена; баланс неизвестен,2,False,1,21200.000000000,3,0,0.000000000,0,0.000476435,0.000000000,False,False,2,0,3,0,0.000000000,0.000000000,0.679245283,0.645824102,0.176291434,0.300380966,0.400000000,0.000000000,0.334062663
100000000968253100,peripheral,0.200000000,2,0.164883639,Гип. peripheral; d=1; контр. в/из=1/0; KZT в/из=15000/0; tx=1/0; роль не определена; баланс неизвестен,1,False,1,15000.000000000,1,0,0.000000000,0,0.000287162,0.000000000,False,False,1,1,1,0,0.000000000,0.000000000,1.000000000,0.623397351,0.176291434,0.150190483,0.200000000,0.000000000,0.274806065
100000000971908100,peripheral,0.200000000,7,0.185661376,Гип. peripheral; d=2; контр. в/из=1/0; KZT в/из=89000/0; tx=1/0; роль не определена; баланс неизвестен,2,False,1,89000.000000000,1,0,0.000000000,0,0.000300792,0.000000000,False,False,1,0,1,0,0.000000000,0.000000000,0.000000000,0.738829226,0.176291434,0.150190483,0.200000000,0.000000000,0.309435627
100000000976943100,peripheral,0.200000000,12,0.202855356,Гип. peripheral; d=3; контр. в/из=1/1; KZT в/из=70000/84000; tx=1/3; роль не определена; баланс неизвестен,3,False,1,70000.000000000,1,1,84000.000000000,3,0.000371288,1.200000000,False,False,1,0,1,3,0.000000000,0.000000000,1.000000000,0.735080824,0.176291434,0.348731503,0.200000000,0.000000000,0.338092260
100000000978041100,peripheral,0.200000000,2,0.177558460,Гип. peripheral; d=1; контр. в/из=1/0; KZT в/из=44445/0; tx=1/0; роль не определена; баланс неизвестен,1,False,1,44445.000000000,1,0,0.000000000,0,0.000293296,0.000000000,False,False,1,1,1,0,0.000000000,0.000000000,1.000000000,0.693813022,0.176291434,0.150190483,0.200000000,0.000000000,0.295930766
100000000979567100,peripheral,0.200000000,2,0.160152491,Гип. peripheral; d=2; контр. в/из=1/0; KZT в/из=10000/0; tx=1/0; роль не определена; баланс неизвестен,2,False,1,10000.000000000,1,0,0.000000000,0,0.000527594,0.000000000,False,False,1,0,1,0,0.000000000,0.000000000,1.000000000,0.597113194,0.176291434,0.150190483,0.200000000,0.000000000,0.266920818
100000000979923100,peripheral,0.200000000,12,0.258773578,Гип. peripheral; d=1; контр. в/из=1/0; KZT в/из=97900/0; tx=1/0; роль не определена; баланс неизвестен,1,False,1,97900.000000000,1,0,0.000000000,0,0.000298803,0.000000000,False,False,5,1,1,0,0.000000000,0.000000000,1.000000000,0.745008122,0.176291434,0.150190483,1.000000000,0.000000000,0.431289296
100000000981693100,peripheral,0.150000000,1,0.176329290,Гип. peripheral; d=4; контр. в/из=1/0; KZT в/из=16500/0; tx=1/0; роль не определена; обрыв d=4; дальнейший выход неизвестен,4,False,1,16500.000000000,1,0,0.000000000,0,0.000525960,,True,False,2,0,1,0,0.000000000,0.000000000,0.000000000,0.629575921,0.176291434,0.150190483,0.400000000,0.000000000,0.306659636
100000000993112100,peripheral,0.200000000,32,0.191030696,Гип. peripheral; d=2; контр. в/из=1/0; KZT в/из=141000/0; tx=1/0; роль не определена; баланс неизвестен,2,False,1,141000.000000000,1,0,0.000000000,0,0.000438496,0.000000000,False,False,1,0,1,0,0.000000000,0.000000000,1.000000000,0.768658782,0.176291434,0.150190483,0.200000000,0.000000000,0.318384494
100000000998559100,peripheral,0.200000000,3,0.241021242,Гип. peripheral; d=1; контр. в/из=1/0; KZT в/из=100000/0; tx=1/0; роль не определена; баланс неизвестен,1,False,1,100000.000000000,1,0,0.000000000,0,0.000303899,0.000000000,False,False,4,1,1,0,0.000000000,0.000000000,0.000000000,0.746384037,0.176291434,0.150190483,0.800000000,0.000000000,0.401702071
100000001009583100,peripheral,0.200000000,6,0.239014318,Гип. peripheral; d=3; контр. в/из=1/0; KZT в/из=393740/0; tx=1/0; роль не определена; баланс неизвестен,3,False,1,393740.000000000,1,0,0.000000000,0,0.000296692,0.000000000,False,False,3,0,1,0,0.000000000,0.000000000,0.000000000,0.835234456,0.176291434,0.150190483,0.600000000,0.000000000,0.398357196
100000001046057100,peripheral,0.200000000,10,0.184905811,Гип. peripheral; d=3; контр. в/из=1/0; KZT в/из=83420/0; tx=1/0; роль не определена; баланс неизвестен,3,False,1,83420.000000000,1,0,0.000000000,0,0.000316760,0.000000000,False,False,1,0,1,0,0.000000000,0.000000000,1.000000000,0.734631641,0.176291434,0.150190483,0.200000000,0.000000000,0.308176352
100000001046626100,peripheral,0.200000000,6,0.227752741,Гип. peripheral; d=3; контр. в/из=1/0; KZT в/из=150000/0; tx=1/0; роль не определена; баланс неизвестен,3,False,1,150000.000000000,1,0,0.000000000,0,0.000288858,0.000000000,False,False,3,0,1,0,0.000000000,0.000000000,1.000000000,0.772670139,0.176291434,0.150190483,0.600000000,0.000000000,0.379587901
100000001049200100,peripheral,0.200000000,19,0.274913823,Гип. peripheral; d=1; контр. в/из=2/4; KZT в/из=76624/36000; tx=2/5; роль не определена; баланс неизвестен,1,False,2,76624.000000000,2,4,36000.000000000,5,0.000296669,0.469826686,False,False,3,1,2,4,0.000000000,0.000000000,0.078487158,0.729122600,0.409336034,0.450571450,0.600000000,0.000000000,0.458189704
100000001052789100,peripheral,0.200000000,19,0.183020522,Гип. peripheral; d=3; контр. в/из=1/0; KZT в/из=70975/0; tx=1/0; роль не определена; баланс неизвестен,3,False,1,70975.000000000,1,0,0.000000000,0,0.000296089,0.000000000,False,False,1,0,1,0,0.000000000,0.000000000,1.000000000,0.724157811,0.176291434,0.150190483,0.200000000,0.000000000,0.305034203
100000001052945100,peripheral,0.200000000,57,0.267533454,Гип. peripheral; d=3; контр. в/из=1/3; KZT в/из=56520/1595700; tx=1/6; роль не определена; выход>1.2 входа: пропуски/начальный остаток,3,False,1,56520.000000000,1,3,1595700.000000000,6,0.000299958,28.232484076,False,True,1,0,1,5,0.000000000,0.000000000,1.000000000,0.925955995,0.352582869,0.450571450,0.200000000,0.000000000,0.445889090
100000001053894100,peripheral,0.150000000,38,0.273138260,Гип. peripheral; d=4; контр. в/из=1/0; KZT в/из=2000000/0; tx=7/0; роль не определена; обрыв d=4; дальнейший выход неизвестен,4,False,1,2000000.000000000,7,0,0.000000000,0,0.000445936,,True,False,3,0,7,0,0.000000000,0.000000000,0.750000000,0.940596857,0.176291434,0.450571450,0.600000000,0.000000000,0.475023061
100000001056414100,peripheral,0.200000000,14,0.215713742,Гип. peripheral; d=3; контр. в/из=1/0; KZT в/из=250000/0; tx=1/0; роль не определена; баланс неизвестен,3,False,1,250000.000000000,1,0,0.000000000,0,0.000295860,0.000000000,False,False,2,0,1,0,0.000000000,0.000000000,1.000000000,0.805786811,0.176291434,0.150190483,0.400000000,0.000000000,0.359522903
100000001063678100,peripheral,0.200000000,22,0.229683769,Гип. peripheral; d=3; контр. в/из=1/2; KZT в/из=35000/90000; tx=1/2; роль не определена; выход>1.2 входа: пропуски/начальный остаток,3,False,1,35000.000000000,1,2,90000.000000000,2,0.000326470,2.571428571,False,True,2,0,1,2,20000.000000000,0.571428571,1.000000000,0.739553583,0.279415313,0.300380966,0.400000000,0.000000000,0.382806282
100000001065234100,peripheral,0.150000000,16,0.193553525,Гип. peripheral; d=4; контр. в/из=1/0; KZT в/из=360000/0; tx=1/0; роль не определена; обрыв d=4; дальнейший выход неизвестен,4,False,1,360000.000000000,1,0,0.000000000,0,0.000545243,,True,False,1,0,1,0,0.000000000,0.000000000,1.000000000,0.829426558,0.176291434,0.150190483,0.200000000,0.000000000,0.336614827
100000001065481100,peripheral,0.150000000,13,0.166312749,Гип. peripheral; d=4; контр. в/из=1/0; KZT в/из=16000/0; tx=2/0; роль не определена; обрыв d=4; дальнейший выход неизвестен,4,False,1,16000.000000000,2,0,0.000000000,0,0.000429736,,True,False,1,0,2,0,0.000000000,0.000000000,1.000000000,0.627581116,0.176291434,0.238046284,0.200000000,0.000000000,0.289239564
100000001066017100,peripheral,0.200000000,1,0.263619564,Гип. peripheral; d=3; контр. в/из=2/4; KZT в/из=136123/82500; tx=3/4; роль не определена; баланс неизвестен,3,False,2,136123.000000000,3,4,82500.000000000,4,0.000299585,0.606069511,False,False,2,0,2,4,8000.000000000,0.058770377,1.000000000,0.766376716,0.409336034,0.450571450,0.400000000,0.000000000,0.439365939
100000001072022100,consolidator,0.590000000,3,0.582414283,Гип. consolidator; d=1; контр. в/из=3/0; KZT в/из=1684000/0; tx=6/0; seed-вход=1; баланс неизвестен,1,False,3,1684000.000000000,6,0,0.000000000,0,0.000498874,0.000000000,False,False,5,1,3,0,0.000000000,0.000000000,0.251781473,0.929447700,0.352582869,0.421637992,1.000000000,0.850000000,0.732596583
100000001073568100,peripheral,0.200000000,15,0.249261699,Гип. peripheral; d=3; контр. в/из=1/2; KZT в/из=707465/219503; tx=4/3; роль не определена; баланс неизвестен,3,False,1,707465.000000000,4,2,219503.000000000,3,0.000483319,0.310266939,False,False,1,0,3,1,0.000000000,0.000000000,1.000000000,0.873224614,0.279415313,0.450571450,0.200000000,0.000000000,0.415436164
100000001074553100,peripheral,0.200000000,9,0.210846481,Гип. peripheral; d=1; контр. в/из=2/0; KZT в/из=28971/0; tx=2/0; роль не определена; баланс неизвестен,1,False,2,28971.000000000,2,0,0.000000000,0,0.000287941,0.000000000,False,False,2,2,2,0,0.000000000,0.000000000,1.000000000,0.666069323,0.279415313,0.238046284,0.400000000,0.000000000,0.351410802
100000001083990100,peripheral,0.200000000,11,0.204816403,Гип. peripheral; d=2; контр. в/из=1/0; KZT в/из=49900/0; tx=2/0; роль не определена; баланс неизвестен,2,False,1,49900.000000000,2,0,0.000000000,0,0.000499146,0.000000000,False,False,2,0,1,0,0.000000000,0.000000000,1.000000000,0.701318141,0.176291434,0.238046284,0.400000000,0.000000000,0.341360672
100000001089055100,peripheral,0.150000000,17,0.156413279,Гип. peripheral; d=4; контр. в/из=1/0; KZT в/из=13000/0; tx=1/0; роль не определена; обрыв d=4; дальнейший выход неизвестен,4,False,1,13000.000000000,1,0,0.000000000,0,0.000327471,,True,False,1,0,1,0,0.000000000,0.000000000,1.000000000,0.614120783,0.176291434,0.150190483,0.200000000,0.000000000,0.272023094
100000001102676100,peripheral,0.200000000,3,0.204839765,Гип. peripheral; d=2; контр. в/из=1/1; KZT в/из=50000/50000; tx=1/1; роль не определена; баланс неизвестен,2,False,1,50000.000000000,1,1,50000.000000000,1,0.000311315,1.000000000,False,False,2,0,1,1,0.000000000,0.000000000,0.000000000,0.701447928,0.176291434,0.238046284,0.400000000,0.000000000,0.341399608
100000001103905100,peripheral,0.200000000,2,0.167011094,Гип. peripheral; d=1; контр. в/из=1/0; KZT в/из=18000/0; tx=1/0; роль не определена; баланс неизвестен,1,False,1,18000.000000000,1,0,0.000000000,0,0.000287787,0.000000000,False,False,1,1,1,0,0.000000000,0.000000000,1.000000000,0.635216544,0.176291434,0.150190483,0.200000000,0.000000000,0.278351823
100000001110358100,peripheral,0.200000000,1,0.212006856,Гип. peripheral; d=3; контр. в/из=2/0; KZT в/из=32000/0; tx=2/0; роль не определена; баланс неизвестен,3,False,2,32000.000000000,2,0,0.000000000,0,0.000291394,0.000000000,False,False,2,0,1,0,0.000000000,0.000000000,1.000000000,0.672515848,0.279415313,0.238046284,0.400000000,0.000000000,0.353344759
100000001111763100,peripheral,0.200000000,2,0.166442552,Гип. peripheral; d=1; контр. в/из=1/0; KZT в/из=17144/0; tx=1/0; роль не определена; баланс неизвестен,1,False,1,17144.000000000,1,0,0.000000000,0,0.000287609,0.000000000,False,False,1,1,1,0,0.000000000,0.000000000,1.000000000,0.632057978,0.176291434,0.150190483,0.200000000,0.000000000,0.277404253
100000001114385100,peripheral,0.200000000,3,0.190775744,Гип. peripheral; d=2; контр. в/из=1/0; KZT в/из=29500/0; tx=1/0; роль не определена; баланс неизвестен,2,False,1,29500.000000000,1,0,0.000000000,0,0.000288657,0.000000000,False,False,2,0,1,0,0.000000000,0.000000000,1.000000000,0.667242379,0.176291434,0.150190483,0.400000000,0.000000000,0.317959573
100000001126374100,consolidator,0.612500000,1,0.506523784,Гип. consolidator; d=1; контр. в/из=4/2; KZT в/из=182500/29200; tx=7/4; seed-вход=1; баланс неизвестен,1,False,4,182500.000000000,7,2,29200.000000000,4,0.000311765,0.160000000,False,False,2,1,7,3,15200.000000000,0.083287671,0.964383562,0.785384197,0.409336034,0.538427250,0.400000000,0.850000000,0.628246554
100000001130176100,peripheral,0.200000000,1,0.214751382,Гип. peripheral; d=3; контр. в/из=1/0; KZT в/из=25000/0; tx=2/0; роль не определена; баланс неизвестен,3,False,1,25000.000000000,2,0,0.000000000,0,0.000554679,0.000000000,False,False,3,0,2,0,0.000000000,0.000000000,1.000000000,0.656512467,0.176291434,0.238046284,0.600000000,0.000000000,0.357918970
100000001130553100,peripheral,0.150000000,6,0.202129861,Гип. peripheral; d=4; контр. в/из=1/0; KZT в/из=18000/0; tx=2/0; роль не определена; обрыв d=4; дальнейший выход неизвестен,4,False,1,18000.000000000,2,0,0.000000000,0,0.000540082,,True,False,3,0,1,0,0.000000000,0.000000000,1.000000000,0.635216544,0.176291434,0.238046284,0.600000000,0.000000000,0.351530193
100000001131403100,peripheral,0.150000000,57,0.222977202,Гип. peripheral; d=4; контр. в/из=1/0; KZT в/из=1570000/0; tx=3/0; роль не определена; обрыв d=4; дальнейший выход неизвестен,4,False,1,1570000.000000000,3,0,0.000000000,0,0.000534895,,True,False,1,0,3,0,0.000000000,0.000000000,0.961783439,0.924903357,0.176291434,0.300380966,0.200000000,0.000000000,0.387786439
100000001138283100,peripheral,0.200000000,4,0.210569689,Гип. peripheral; d=3; контр. в/из=1/2; KZT в/из=81805/50000; tx=1/2; роль не определена; баланс неизвестен,3,False,1,81805.000000000,1,2,50000.000000000,2,0.000300550,0.611209584,False,False,1,0,1,2,0.000000000,0.000000000,1.000000000,0.733364247,0.279415313,0.300380966,0.200000000,0.000000000,0.350949482
100000001138376100,peripheral,0.200000000,16,0.201114709,Гип. peripheral; d=2; контр. в/из=1/0; KZT в/из=15300/0; tx=1/0; роль не определена; баланс неизвестен,2,False,1,15300.000000000,1,0,0.000000000,0,0.000288867,0.000000000,False,False,3,0,1,0,0.000000000,0.000000000,0.000000000,0.624681072,0.176291434,0.150190483,0.600000000,0.000000000,0.335191181
100000001140785100,peripheral,0.200000000,10,0.252235623,Гип. peripheral; d=3; контр. в/из=2/0; KZT в/из=215000/0; tx=2/0; роль не определена; баланс неизвестен,3,False,2,215000.000000000,2,0,0.000000000,0,0.000313619,0.000000000,False,False,3,0,1,0,0.000000000,0.000000000,1.000000000,0.796008999,0.279415313,0.238046284,0.600000000,0.000000000,0.420392705
100000001141268100,peripheral,0.200000000,18,0.267217976,Гип. peripheral; d=3; контр. в/из=2/1; KZT в/из=480000/10000; tx=2/1; роль не определена; баланс неизвестен,3,False,2,480000.000000000,2,1,10000.000000000,1,0.000362799,0.020833333,False,False,3,0,1,1,10000.000000000,0.020833333,0.000000000,0.848076953,0.279415313,0.300380966,0.600000000,0.000000000,0.445363293
100000001145749100,peripheral,0.200000000,3,0.178152491,Гип. peripheral; d=3; контр. в/из=1/0; KZT в/из=10000/0; tx=1/0; роль не определена; баланс неизвестен,3,False,1,10000.000000000,1,0,0.000000000,0,0.000475585,0.000000000,False,False,2,0,1,0,0.000000000,0.000000000,1.000000000,0.597113194,0.176291434,0.150190483,0.400000000,0.000000000,0.296920818
100000001149815100,peripheral,0.200000000,2,0.162279880,Гип. peripheral; d=3; контр. в/из=1/0; KZT в/из=12000/0; tx=1/0; роль не определена; баланс неизвестен,3,False,1,12000.000000000,1,0,0.000000000,0,0.000285896,0.000000000,False,False,1,0,1,0,0.000000000,0.000000000,0.000000000,0.608932027,0.176291434,0.150190483,0.200000000,0.000000000,0.270466467
100000001155773100,peripheral,0.200000000,2,0.169084422,Гип. peripheral; d=3; контр. в/из=1/0; KZT в/из=21500/0; tx=1/0; роль не определена; баланс неизвестен,3,False,1,21500.000000000,1,0,0.000000000,0,0.000287368,0.000000000,False,False,1,0,1,0,0.000000000,0.000000000,1.000000000,0.646735035,0.176291434,0.150190483,0.200000000,0.000000000,0.281807370
100000001160401100,peripheral,0.200000000,1,0.186164808,Гип. peripheral; d=3; контр. в/из=1/0; KZT в/из=47190/0; tx=2/0; роль не определена; баланс неизвестен,3,False,1,47190.000000000,2,0,0.000000000,0,0.000303214,0.000000000,False,False,1,0,2,0,0.000000000,0.000000000,1.000000000,0.697698171,0.176291434,0.238046284,0.200000000,0.000000000,0.310274681
100000001162560100,peripheral,0.200000000,9,0.325194563,Гип. peripheral; d=1; контр. в/из=1/12; KZT в/из=331300/2904398; tx=2/14; роль не определена; выход>1.2 входа: пропуски/начальный остаток,1,False,1,331300.000000000,2,12,2904398.000000000,14,0.000319385,8.766670691,False,True,1,1,2,7,172000.000000000,0.519166918,1.000000000,0.964783570,0.652355826,0.613898019,0.200000000,0.000000000,0.541990939
100000001164648100,peripheral,0.200000000,8,0.220073599,Гип. peripheral; d=1; контр. в/из=2/0; KZT в/из=13660/0; tx=2/0; роль не определена; баланс неизвестен,1,False,2,13660.000000000,2,0,0.000000000,0,0.000288580,0.000000000,False,False,3,1,2,0,0.000000000,0.000000000,0.468521230,0.617331087,0.279415313,0.238046284,0.600000000,0.000000000,0.366789331
100000001166289100,terminal,0.547226000,2,0.401492896,Гип. terminal; d=2; контр. в/из=2/1; KZT в/из=721039/25000; tx=10/1; out/in=0.035; до24.07=97%; остаток неизвестен; гипотеза в окне,2,False,2,721039.000000000,10,1,25000.000000000,1,0.002116238,0.034672188,False,False,1,0,10,1,25000.000000000,0.034672188,0.972262249,0.874456712,0.279415313,0.538427250,0.200000000,0.450000000,0.518984164
100000001169666100,peripheral,0.200000000,8,0.209739152,Гип. peripheral; d=3; контр. в/из=1/1; KZT в/из=220000/24000; tx=2/1; роль не определена; баланс неизвестен,3,False,1,220000.000000000,2,1,24000.000000000,1,0.000317781,0.109090909,False,False,1,0,2,1,0.000000000,0.000000000,1.000000000,0.797499404,0.176291434,0.300380966,0.200000000,0.000000000,0.349565253
100000001184915100,peripheral,0.200000000,16,0.239075024,Гип. peripheral; d=2; контр. в/из=1/0; KZT в/из=201000/0; tx=2/0; роль не определена; баланс неизвестен,2,False,1,201000.000000000,2,0,0.000000000,0,0.000347490,0.000000000,False,False,3,0,1,0,0.000000000,0.000000000,0.000000000,0.791643812,0.176291434,0.238046284,0.600000000,0.000000000,0.398458373
100000001194266100,peripheral,0.200000000,3,0.232932743,Гип. peripheral; d=1; контр. в/из=1/0; KZT в/из=50000/0; tx=1/0; роль не определена; баланс неизвестен,1,False,1,50000.000000000,1,0,0.000000000,0,0.000293968,0.000000000,False,False,4,1,1,0,0.000000000,0.000000000,1.000000000,0.701447928,0.176291434,0.150190483,0.800000000,0.000000000,0.388221238
100000001202637100,peripheral,0.150000000,8,0.153479470,Гип. peripheral; d=4; контр. в/из=1/0; KZT в/из=10000/0; tx=1/0; роль не определена; обрыв d=4; дальнейший выход неизвестен,4,False,1,10000.000000000,1,0,0.000000000,0,0.000545481,,True,False,1,0,1,0,0.000000000,0.000000000,1.000000000,0.597113194,0.176291434,0.150190483,0.200000000,0.000000000,0.266920818
100000001202787100,peripheral,0.150000000,1,0.211837909,Гип. peripheral; d=4; контр. в/из=2/0; KZT в/из=14850/0; tx=2/0; роль не определена; обрыв d=4; дальнейший выход неизвестен,4,False,2,14850.000000000,2,0,0.000000000,0,0.000349179,,True,False,3,0,2,0,0.000000000,0.000000000,1.000000000,0.622745831,0.279415313,0.238046284,0.600000000,0.000000000,0.368413755
100000001220124100,peripheral,0.150000000,4,0.186231813,Гип. peripheral; d=4; контр. в/из=1/0; KZT в/из=40000/0; tx=1/0; роль не определена; обрыв d=4; дальнейший выход неизвестен,4,False,1,40000.000000000,1,0,0.000000000,0,0.000536335,,True,False,2,0,1,0,0.000000000,0.000000000,1.000000000,0.686981847,0.176291434,0.150190483,0.400000000,0.000000000,0.323881414
100000001222245100,peripheral,0.150000000,6,0.250308908,Гип. peripheral; d=4; контр. в/из=1/0; KZT в/из=420000/0; tx=5/0; роль не определена; обрыв d=4; дальнейший выход неизвестен,4,False,1,420000.000000000,5,0,0.000000000,0,0.000545838,,True,False,3,0,5,0,0.000000000,0.000000000,0.226190476,0.839420127,0.176291434,0.388236767,0.600000000,0.000000000,0.435319840
100000001222263100,peripheral,0.200000000,6,0.270895008,Гип. peripheral; d=3; контр. в/из=1/1; KZT в/из=745570/420000; tx=1/5; роль не определена; баланс неизвестен,3,False,1,745570.000000000,1,1,420000.000000000,5,0.000308000,0.563327387,False,False,3,0,1,5,0.000000000,0.000000000,0.000000000,0.876625650,0.176291434,0.421637992,0.600000000,0.000000000,0.451491681
100000001223977100,peripheral,0.200000000,49,0.192918116,Гип. peripheral; d=3; контр. в/из=1/1; KZT в/из=5000/18000; tx=1/1; роль не определена; выход>1.2 входа: пропуски/начальный остаток,3,False,1,5000.000000000,1,1,18000.000000000,1,0.000303864,3.600000000,False,True,2,0,1,1,0.000000000,0.000000000,1.000000000,0.635216544,0.176291434,0.238046284,0.400000000,0.000000000,0.321530193
100000001227106100,peripheral,0.200000000,6,0.228848315,Гип. peripheral; d=3; контр. в/из=1/0; KZT в/из=164765/0; tx=1/0; роль не определена; баланс неизвестен,3,False,1,164765.000000000,1,0,0.000000000,0,0.000289333,0.000000000,False,False,3,0,1,0,0.000000000,0.000000000,1.000000000,0.778756664,0.176291434,0.150190483,0.600000000,0.000000000,0.381413858
100000001229743100,peripheral,0.200000000,1,0.166830148,Гип. peripheral; d=3; контр. в/из=1/1; KZT в/из=7000/9000; tx=1/1; роль не определена; выход>1.2 входа: пропуски/начальный остаток,3,False,1,7000.000000000,1,1,9000.000000000,1,0.000286882,1.285714286,False,True,1,0,1,1,0.000000000,0.000000000,1.000000000,0.590283388,0.176291434,0.238046284,0.200000000,0.000000000,0.278050246
100000001232297100,peripheral,0.200000000,13,0.275595283,Гип. peripheral; d=2; контр. в/из=1/2; KZT в/из=5000/45000; tx=1/2; роль не определена; выход>1.2 входа: пропуски/начальный остаток,2,False,1,5000.000000000,1,2,45000.000000000,2,0.000290564,9.000000000,False,True,5,0,1,2,0.000000000,0.000000000,1.000000000,0.694617546,0.279415313,0.300380966,1.000000000,0.000000000,0.459325471
100000001236706100,peripheral,0.200000000,13,0.305749687,Гип. peripheral; d=3; контр. в/из=3/2; KZT в/из=142700/36000; tx=3/2; роль не определена; баланс неизвестен,3,False,3,142700.000000000,3,2,36000.000000000,2,0.000761276,0.252277505,False,False,5,0,2,2,0.000000000,0.000000000,1.000000000,0.769435741,0.352582869,0.388236767,1.000000000,0.000000000,0.509582811
100000001241318100,peripheral,0.200000000,1,0.179612693,Гип. peripheral; d=2; контр. в/из=1/0; KZT в/из=53000/0; tx=1/0; роль не определена; баланс неизвестен,2,False,1,53000.000000000,1,0,0.000000000,0,0.000527700,0.000000000,False,False,1,0,1,0,0.000000000,0.000000000,1.000000000,0.705225430,0.176291434,0.150190483,0.200000000,0.000000000,0.299354488
100000001246806100,peripheral,0.150000000,9,0.182162732,Гип. peripheral; d=4; контр. в/из=1/0; KZT в/из=130000/0; tx=1/0; роль не определена; обрыв d=4; дальнейший выход неизвестен,4,False,1,130000.000000000,1,0,0.000000000,0,0.000529823,,True,False,1,0,1,0,0.000000000,0.000000000,1.000000000,0.763392973,0.176291434,0.150190483,0.200000000,0.000000000,0.316804751
100000001248999100,peripheral,0.200000000,17,0.170085039,Гип. peripheral; d=3; контр. в/из=1/0; KZT в/из=23425/0; tx=1/0; роль не определена; баланс неизвестен,3,False,1,23425.000000000,1,0,0.000000000,0,0.000287697,0.000000000,False,False,1,0,1,0,0.000000000,0.000000000,1.000000000,0.652294021,0.176291434,0.150190483,0.200000000,0.000000000,0.283475066
100000001249054100,peripheral,0.150000000,8,0.176907114,Гип. peripheral; d=4; контр. в/из=1/0; KZT в/из=17375/0; tx=1/0; роль не определена; обрыв d=4; дальнейший выход неизвестен,4,False,1,17375.000000000,1,0,0.000000000,0,0.000290492,,True,False,2,0,1,0,0.000000000,0.000000000,0.000000000,0.632925621,0.176291434,0.150190483,0.400000000,0.000000000,0.307664546
100000001250022100,peripheral,0.200000000,7,0.178932743,Гип. peripheral; d=2; контр. в/из=1/0; KZT в/из=50000/0; tx=1/0; роль не определена; баланс неизвестен,2,False,1,50000.000000000,1,0,0.000000000,0,0.000293450,0.000000000,False,False,1,0,1,0,0.000000000,0.000000000,0.000000000,0.701447928,0.176291434,0.150190483,0.200000000,0.000000000,0.298221238
100000001251686100,peripheral,0.200000000,3,0.203011094,Гип. peripheral; d=2; контр. в/из=1/0; KZT в/из=18000/0; tx=1/0; роль не определена; баланс неизвестен,2,False,1,18000.000000000,1,0,0.000000000,0,0.000294953,0.000000000,False,False,3,0,1,0,0.000000000,0.000000000,1.000000000,0.635216544,0.176291434,0.150190483,0.600000000,0.000000000,0.338351823
100000001252290100,peripheral,0.200000000,6,0.234938132,Гип. peripheral; d=3; контр. в/из=1/1; KZT в/из=141005/5000; tx=1/1; роль не определена; баланс неизвестен,3,False,1,141005.000000000,1,1,5000.000000000,1,0.000288569,0.035459735,False,False,3,0,1,1,0.000000000,0.000000000,1.000000000,0.768661081,0.176291434,0.238046284,0.600000000,0.000000000,0.391563554
100000001253557100,consolidator,0.612500000,10,0.570615726,Гип. consolidator; d=1; контр. в/из=5/0; KZT в/из=210200/0; tx=5/0; seed-вход=1; баланс неизвестен,1,False,5,210200.000000000,5,0,0.000000000,0,0.000349201,0.000000000,False,False,5,1,5,0,0.000000000,0.000000000,0.870599429,0.794545237,0.455706747,0.388236767,1.000000000,0.850000000,0.707740436
100000001256409100,peripheral,0.150000000,4,0.150984295,Гип. peripheral; d=4; контр. в/из=1/0; KZT в/из=8000/0; tx=1/0; роль не определена; обрыв d=4; дальнейший выход неизвестен,4,False,1,8000.000000000,1,0,0.000000000,0,0.000543889,,True,False,1,0,1,0,0.000000000,0.000000000,0.000000000,0.582648410,0.176291434,0.150190483,0.200000000,0.000000000,0.262581382
100000001262647100,peripheral,0.200000000,16,0.170196586,Гип. peripheral; d=2; контр. в/из=1/0; KZT в/из=23650/0; tx=1/0; роль не определена; баланс неизвестен,2,False,1,23650.000000000,1,0,0.000000000,0,0.000301743,0.000000000,False,False,1,0,1,0,0.000000000,0.000000000,0.000000000,0.652913724,0.176291434,0.150190483,0.200000000,0.000000000,0.283660977
100000001270349100,peripheral,0.200000000,27,0.195109800,Гип. peripheral; d=3; контр. в/из=1/0; KZT в/из=200000/0; tx=1/0; роль не определена; баланс неизвестен,3,False,1,200000.000000000,1,0,0.000000000,0,0.000353303,0.000000000,False,False,1,0,1,0,0.000000000,0.000000000,1.000000000,0.791320471,0.176291434,0.150190483,0.200000000,0.000000000,0.325183001
100000001270470100,peripheral,0.150000000,1,0.189939913,Гип. peripheral; d=4; контр. в/из=1/0; KZT в/из=28300/0; tx=2/0; роль не определена; обрыв d=4; дальнейший выход неизвестен,4,False,1,28300.000000000,2,0,0.000000000,0,0.000427263,,True,False,2,0,2,0,0.000000000,0.000000000,1.000000000,0.664550180,0.176291434,0.238046284,0.400000000,0.000000000,0.330330284
100000001273783100,peripheral,0.200000000,8,0.169972416,Гип. peripheral; d=2; контр. в/из=1/0; KZT в/из=23200/0; tx=1/0; роль не определена; баланс неизвестен,2,False,1,23200.000000000,1,0,0.000000000,0,0.000295011,0.000000000,False,False,1,0,1,0,0.000000000,0.000000000,1.000000000,0.651668338,0.176291434,0.150190483,0.200000000,0.000000000,0.283287361
100000001275557100,peripheral,0.150000000,22,0.161230502,Гип. peripheral; d=4; контр. в/из=1/0; KZT в/из=20000/0; tx=1/0; роль не определена; обрыв d=4; дальнейший выход неизвестен,4,False,1,20000.000000000,1,0,0.000000000,0,0.000345704,,True,False,1,0,1,0,0.000000000,0.000000000,1.000000000,0.642046710,0.176291434,0.150190483,0.200000000,0.000000000,0.280400872
100000001275752100,peripheral,0.200000000,9,0.191868854,Гип. peripheral; d=3; контр. в/из=1/0; KZT в/из=151500/0; tx=1/0; роль не определена; баланс неизвестен,3,False,1,151500.000000000,1,0,0.000000000,0,0.000291790,0.000000000,False,False,1,0,1,0,0.000000000,0.000000000,0.000000000,0.773315215,0.176291434,0.150190483,0.200000000,0.000000000,0.319781424
100000001276409100,peripheral,0.150000000,8,0.195876787,Гип. peripheral; d=4; контр. в/из=1/0; KZT в/из=94760/0; tx=1/0; роль не определена; обрыв d=4; дальнейший выход неизвестен,4,False,1,94760.000000000,1,0,0.000000000,0,0.000319239,,True,False,2,0,1,0,0.000000000,0.000000000,1.000000000,0.742894739,0.176291434,0.150190483,0.400000000,0.000000000,0.340655281
100000001279272100,peripheral,0.200000000,1,0.223605750,Гип. peripheral; d=3; контр. в/из=1/2; KZT в/из=250000/136758; tx=1/2; роль не определена; баланс неизвестен,3,False,1,250000.000000000,1,2,136758.000000000,2,0.000306039,0.547032000,False,False,1,0,1,2,130000.000000000,0.520000000,1.000000000,0.805786811,0.279415313,0.300380966,0.200000000,0.000000000,0.372676251
100000001279875100,peripheral,0.200000000,14,0.178752824,Гип. peripheral; d=2; контр. в/из=1/0; KZT в/из=49235/0; tx=1/0; роль не определена; баланс неизвестен,2,False,1,49235.000000000,1,0,0.000000000,0,0.000301625,0.000000000,False,False,1,0,1,0,0.000000000,0.000000000,0.000000000,0.700448382,0.176291434,0.150190483,0.200000000,0.000000000,0.297921374
100000001280798100,peripheral,0.200000000,8,0.170263006,Гип. peripheral; d=3; контр. в/из=1/0; KZT в/из=23785/0; tx=1/0; роль не определена; баланс неизвестен,3,False,1,23785.000000000,1,0,0.000000000,0,0.000292838,0.000000000,False,False,1,0,1,0,0.000000000,0.000000000,1.000000000,0.653282722,0.176291434,0.150190483,0.200000000,0.000000000,0.283771676
100000001282143100,consolidator,0.620000000,14,0.610258272,Гип. consolidator; d=3; контр. в/из=5/0; KZT в/из=1700000/0; tx=6/0; seed-вход=0; баланс неизвестен,3,False,5,1700000.000000000,6,0,0.000000000,0,0.000399449,0.000000000,False,False,5,0,3,0,0.000000000,0.000000000,0.352941176,0.930060754,0.455706747,0.421637992,1.000000000,0.850000000,0.753405275
100000001285440100,peripheral,0.200000000,18,0.217664225,Гип. peripheral; d=3; контр. в/из=2/0; KZT в/из=243000/0; tx=2/0; роль не определена; баланс неизвестен,3,False,2,243000.000000000,2,0,0.000000000,0,0.000318600,0.000000000,False,False,1,0,1,0,0.000000000,0.000000000,0.000000000,0.803945679,0.279415313,0.238046284,0.200000000,0.000000000,0.362773709
100000001286703100,peripheral,0.150000000,38,0.196006630,Гип. peripheral; d=4; контр. в/из=1/0; KZT в/из=20500/0; tx=1/0; роль не определена; обрыв d=4; дальнейший выход неизвестен,4,False,1,20500.000000000,1,0,0.000000000,0,0.000285697,,True,False,3,0,1,0,0.000000000,0.000000000,1.000000000,0.643647454,0.176291434,0.150190483,0.600000000,0.000000000,0.340881096
100000001287955100,peripheral,0.200000000,14,0.252619583,Гип. peripheral; d=2; контр. в/из=1/4; KZT в/из=17520/310000; tx=1/5; роль не определена; выход>1.2 входа: пропуски/начальный остаток,2,False,1,17520.000000000,1,4,310000.000000000,5,0.000292324,17.694063927,False,True,1,0,1,3,17520.000000000,1.000000000,1.000000000,0.819732439,0.409336034,0.421637992,0.200000000,0.000000000,0.421032638
100000001290243100,peripheral,0.200000000,5,0.160152491,Гип. peripheral; d=2; контр. в/из=1/0; KZT в/из=10000/0; tx=1/0; роль не определена; баланс неизвестен,2,False,1,10000.000000000,1,0,0.000000000,0,0.000318187,0.000000000,False,False,1,0,1,0,0.000000000,0.000000000,1.000000000,0.597113194,0.176291434,0.150190483,0.200000000,0.000000000,0.266920818
100000001297206100,peripheral,0.150000000,1,0.149097786,Гип. peripheral; d=4; контр. в/из=1/0; KZT в/из=6758/0; tx=1/0; роль не определена; обрыв d=4; дальнейший выход неизвестен,4,False,1,6758.000000000,1,0,0.000000000,0,0.000296892,,True,False,1,0,1,0,0.000000000,0.000000000,1.000000000,0.571712128,0.176291434,0.150190483,0.200000000,0.000000000,0.259300498
100000001298099100,peripheral,0.200000000,8,0.167641992,Гип. peripheral; d=3; контр. в/из=1/0; KZT в/из=19000/0; tx=1/0; роль не определена; баланс неизвестен,3,False,1,19000.000000000,1,0,0.000000000,0,0.000291067,0.000000000,False,False,1,0,1,0,0.000000000,0.000000000,1.000000000,0.638721535,0.176291434,0.150190483,0.200000000,0.000000000,0.279403320
100000001299323100,peripheral,0.150000000,9,0.197442422,Гип. peripheral; d=4; контр. в/из=1/0; KZT в/из=109000/0; tx=1/0; роль не определена; обрыв d=4; дальнейший выход неизвестен,4,False,1,109000.000000000,1,0,0.000000000,0,0.000298278,,True,False,2,0,1,0,0.000000000,0.000000000,0.000000000,0.751970887,0.176291434,0.150190483,0.400000000,0.000000000,0.343378125
100000001299443100,peripheral,0.150000000,8,0.150984295,Гип. peripheral; d=4; контр. в/из=1/0; KZT в/из=8000/0; tx=1/0; роль не определена; обрыв d=4; дальнейший выход неизвестен,4,False,1,8000.000000000,1,0,0.000000000,0,0.000288290,,True,False,1,0,1,0,0.000000000,0.000000000,1.000000000,0.582648410,0.176291434,0.150190483,0.200000000,0.000000000,0.262581382
100000001299828100,peripheral,0.150000000,1,0.179228691,Гип. peripheral; d=4; контр. в/из=1/0; KZT в/из=100000/0; tx=1/0; роль не определена; обрыв d=4; дальнейший выход неизвестен,4,False,1,100000.000000000,1,0,0.000000000,0,0.000543972,,True,False,1,0,1,0,0.000000000,0.000000000,1.000000000,0.746384037,0.176291434,0.150190483,0.200000000,0.000000000,0.311702071
100000001303311100,consolidator,0.612500000,18,0.551098811,Гип. consolidator; d=3; контр. в/из=5/0; KZT в/из=1324000/0; tx=5/0; seed-вход=0; баланс неизвестен,3,False,5,1324000.000000000,5,0,0.000000000,0,0.000498733,0.000000000,False,False,3,0,2,0,0.000000000,0.000000000,0.000000000,0.913855149,0.455706747,0.388236767,0.600000000,0.850000000,0.683533409
100000001307612100,peripheral,0.200000000,2,0.175877687,Гип. peripheral; d=1; контр. в/из=1/0; KZT в/из=38483/0; tx=1/0; роль не определена; баланс неизвестен,1,False,1,38483.000000000,1,0,0.000000000,0,0.000292054,0.000000000,False,False,1,1,1,0,0.000000000,0.000000000,1.000000000,0.684475396,0.176291434,0.150190483,0.200000000,0.000000000,0.293129478
100000001308856100,peripheral,0.200000000,2,0.171742415,Гип. peripheral; d=2; контр. в/из=1/0; KZT в/из=27000/0; tx=1/0; роль не определена; баланс неизвестен,2,False,1,27000.000000000,1,0,0.000000000,0,0.000293138,0.000000000,False,False,1,0,1,0,0.000000000,0.000000000,1.000000000,0.661501662,0.176291434,0.150190483,0.200000000,0.000000000,0.286237358
100000001311175100,peripheral,0.150000000,14,0.191514597,Гип. peripheral; d=4; контр. в/из=1/0; KZT в/из=300000/0; tx=1/0; роль не определена; обрыв d=4; дальнейший выход неизвестен,4,False,1,300000.000000000,1,0,0.000000000,0,0.000528336,,True,False,1,0,1,0,0.000000000,0.000000000,1.000000000,0.817606681,0.176291434,0.150190483,0.200000000,0.000000000,0.333068864
100000001317336100,peripheral,0.200000000,31,0.250678205,Гип. peripheral; d=3; контр. в/из=1/2; KZT в/из=131196/1752000; tx=1/3; роль не определена; выход>1.2 входа: пропуски/начальный остаток,3,False,1,131196.000000000,1,2,1752000.000000000,3,0.000341789,13.354065673,False,True,1,0,1,2,0.000000000,0.000000000,1.000000000,0.932014066,0.279415313,0.348731503,0.200000000,0.000000000,0.417797008
100000001325618100,peripheral,0.150000000,8,0.152667983,Гип. peripheral; d=4; контр. в/из=1/0; KZT в/из=9300/0; tx=1/0; роль не определена; обрыв d=4; дальнейший выход неизвестен,4,False,1,9300.000000000,1,0,0.000000000,0,0.000288981,,True,False,1,0,1,0,0.000000000,0.000000000,0.000000000,0.592408921,0.176291434,0.150190483,0.200000000,0.000000000,0.265509536
100000001329153100,peripheral,0.200000000,1,0.209806064,Гип. peripheral; d=3; контр. в/из=1/0; KZT в/из=150687/0; tx=1/0; роль не определена; баланс неизвестен,3,False,1,150687.000000000,1,0,0.000000000,0,0.000292465,0.000000000,False,False,2,0,1,0,0.000000000,0.000000000,1.000000000,0.772966381,0.176291434,0.150190483,0.400000000,0.000000000,0.349676774
100000001330595100,peripheral,0.200000000,24,0.240249105,Гип. peripheral; d=2; контр. в/из=3/1; KZT в/из=87000/154000; tx=6/1; роль не определена; выход>1.2 входа: пропуски/начальный остаток,2,False,3,87000.000000000,6,1,154000.000000000,1,0.000671140,1.770114943,False,True,1,0,5,1,0.000000000,0.000000000,1.000000000,0.774376280,0.352582869,0.450571450,0.200000000,0.000000000,0.400415175
100000001330685100,consolidator,0.597500000,6,0.549495623,Гип. consolidator; d=1; контр. в/из=3/1; KZT в/из=2435923/100500; tx=7/1; seed-вход=1; баланс неизвестен,1,False,3,2435923.000000000,7,1,100500.000000000,1,0.000435437,0.041257462,False,False,3,1,5,1,0.000000000,0.000000000,0.894676474,0.953379945,0.352582869,0.476092568,0.600000000,0.850000000,0.687944442
100000001339466100,peripheral,0.200000000,3,0.208971866,Гип. peripheral; d=2; контр. в/из=1/0; KZT в/из=30000/0; tx=1/0; роль не определена; баланс неизвестен,2,False,1,30000.000000000,1,0,0.000000000,0,0.000302230,0.000000000,False,False,3,0,1,0,0.000000000,0.000000000,1.000000000,0.668331948,0.176291434,0.150190483,0.600000000,0.000000000,0.348286444
100000001346560100,peripheral,0.200000000,4,0.267350294,Гип. peripheral; d=2; контр. в/из=2/1; KZT в/из=10000/22200; tx=2/1; роль не определена; выход>1.2 входа: пропуски/начальный остаток,2,False,2,10000.000000000,2,1,22200.000000000,1,0.000582978,2.220000000,False,True,8,0,2,1,5000.000000000,0.500000000,0.500000000,0.648812053,0.279415313,0.300380966,1.000000000,0.000000000,0.445583823
100000001362940100,peripheral,0.200000000,3,0.238562280,Гип. peripheral; d=1; контр. в/из=1/0; KZT в/из=81000/0; tx=1/0; роль не определена; баланс неизвестен,1,False,1,81000.000000000,1,0,0.000000000,0,0.000300125,0.000000000,False,False,4,1,1,0,0.000000000,0.000000000,1.000000000,0.732723137,0.176291434,0.150190483,0.800000000,0.000000000,0.397603800
100000001363952100,peripheral,0.200000000,4,0.225156537,Гип. peripheral; d=1; контр. в/из=2/1; KZT в/из=196655/91000; tx=2/2; роль не определена; баланс неизвестен,1,False,2,196655.000000000,2,1,91000.000000000,2,0.000305404,0.462739315,False,False,1,1,2,2,0.000000000,0.000000000,1.000000000,0.790227024,0.279415313,0.348731503,0.200000000,0.000000000,0.375260895
100000001373265100,peripheral,0.200000000,4,0.199059730,Гип. peripheral; d=3; контр. в/из=1/1; KZT в/из=142482/5000; tx=1/1; роль не определена; баланс неизвестен,3,False,1,142482.000000000,1,1,5000.000000000,1,0.000312798,0.035092152,False,False,1,0,1,1,0.000000000,0.000000000,1.000000000,0.769336626,0.176291434,0.238046284,0.200000000,0.000000000,0.331766217
100000001378288100,peripheral,0.150000000,4,0.203207118,Гип. peripheral; d=4; контр. в/из=1/0; KZT в/из=268000/0; tx=3/0; роль не определена; обрыв d=4; дальнейший выход неизвестен,4,False,1,268000.000000000,3,0,0.000000000,0,0.000520299,,True,False,1,0,3,0,0.000000000,0.000000000,1.000000000,0.810294171,0.176291434,0.300380966,0.200000000,0.000000000,0.353403683
100000001379511100,peripheral,0.200000000,10,0.180044935,Гип. peripheral; d=3; контр. в/из=1/0; KZT в/из=55000/0; tx=1/0; роль не определена; баланс неизвестен,3,False,1,55000.000000000,1,0,0.000000000,0,0.000305612,0.000000000,False,False,1,0,1,0,0.000000000,0.000000000,1.000000000,0.707626773,0.176291434,0.150190483,0.200000000,0.000000000,0.300074891
100000001380054100,peripheral,0.200000000,29,0.247554144,Гип. peripheral; d=1; контр. в/из=2/3; KZT в/из=127050/360000; tx=2/4; роль не определена; выход>1.2 входа: пропуски/начальный остаток,1,False,2,127050.000000000,2,3,360000.000000000,4,0.000711185,2.833530106,False,True,1,1,2,3,0.000000000,0.000000000,1.000000000,0.829426558,0.352582869,0.421637992,0.200000000,0.000000000,0.412590240
100000001380107100,peripheral,0.200000000,55,0.172192236,Гип. peripheral; d=3; контр. в/из=1/0; KZT в/из=6000/0; tx=1/0; роль не определена; баланс неизвестен,3,False,1,6000.000000000,1,0,0.000000000,0,0.000289377,0.000000000,False,False,2,0,1,0,0.000000000,0.000000000,1.000000000,0.564000671,0.176291434,0.150190483,0.400000000,0.000000000,0.286987061
100000001380986100,peripheral,0.200000000,9,0.182887413,Гип. peripheral; d=2; контр. в/из=1/0; KZT в/из=70170/0; tx=1/0; роль не определена; баланс неизвестен,2,False,1,70170.000000000,1,0,0.000000000,0,0.000290596,0.000000000,False,False,1,0,1,0,0.000000000,0.000000000,1.000000000,0.723418317,0.176291434,0.150190483,0.200000000,0.000000000,0.304812354
100000001382002100,peripheral,0.200000000,1,0.201783089,Гип. peripheral; d=2; контр. в/из=1/1; KZT в/из=55000/56500; tx=2/3; роль не определена; баланс неизвестен,2,False,1,55000.000000000,2,1,56500.000000000,3,0.000658061,1.027272727,False,False,1,0,2,3,0.000000000,0.000000000,1.000000000,0.709371153,0.176291434,0.388236767,0.200000000,0.000000000,0.336305148
100000001384826100,peripheral,0.200000000,6,0.246013195,Гип. peripheral; d=3; контр. в/из=1/1; KZT в/из=364260/10000; tx=1/1; роль не определена; баланс неизвестен,3,False,1,364260.000000000,1,1,10000.000000000,1,0.000295745,0.027452918,False,False,3,0,1,1,0.000000000,0.000000000,1.000000000,0.830189208,0.176291434,0.238046284,0.600000000,0.000000000,0.410021992
100000001386612100,peripheral,0.200000000,20,0.217492502,Гип. peripheral; d=2; контр. в/из=1/0; KZT в/из=62264/0; tx=1/0; роль не определена; баланс неизвестен,2,False,1,62264.000000000,1,0,0.000000000,0,0.000430968,0.000000000,False,False,3,0,1,0,0.000000000,0.000000000,1.000000000,0.715668816,0.176291434,0.150190483,0.600000000,0.000000000,0.362487504
100000001389255100,peripheral,0.200000000,2,0.165735481,Гип. peripheral; d=1; контр. в/из=1/0; KZT в/из=16136/0; tx=1/0; роль не определена; баланс неизвестен,1,False,1,16136.000000000,1,0,0.000000000,0,0.000287399,0.000000000,False,False,1,1,1,0,0.000000000,0.000000000,1.000000000,0.628129808,0.176291434,0.150190483,0.200000000,0.000000000,0.276225802
100000001411870100,terminal,0.490000000,7,0.391007045,Гип. terminal; d=1; контр. в/из=2/0; KZT в/из=900000/0; tx=4/0; out/in=0.000; до24.07=100%; остаток неизвестен; гипотеза в окне,1,False,2,900000.000000000,4,0,0.000000000,0,0.000475211,0.000000000,False,False,2,1,2,0,0.000000000,0.000000000,1.000000000,0.888829613,0.279415313,0.348731503,0.400000000,0.450000000,0.524841672
100000001415126100,peripheral,0.200000000,20,0.189742415,Гип. peripheral; d=0; контр. в/из=1/0; KZT в/из=27000/0; tx=1/0; роль не определена; seed: вход неполон; баланс неизвестен,0,True,1,27000.000000000,1,0,0.000000000,0,0.000407179,,False,False,2,0,1,0,0.000000000,0.000000000,1.000000000,0.661501662,0.176291434,0.150190483,0.400000000,0.000000000,0.316237358
100000001418900100,peripheral,0.200000000,2,0.184276641,Гип. peripheral; d=2; контр. в/из=1/0; KZT в/из=40140/0; tx=2/0; роль не определена; баланс неизвестен,2,False,1,40140.000000000,2,0,0.000000000,0,0.000297567,0.000000000,False,False,1,0,2,0,0.000000000,0.000000000,0.534130543,0.687208351,0.176291434,0.238046284,0.200000000,0.000000000,0.307127735
100000001420847100,peripheral,0.200000000,19,0.176147546,Гип. peripheral; d=2; контр. в/из=1/0; KZT в/из=20000/0; tx=2/0; роль не определена; баланс неизвестен,2,False,1,20000.000000000,2,0,0.000000000,0,0.000301180,0.000000000,False,False,1,0,2,0,0.000000000,0.000000000,0.500000000,0.642046710,0.176291434,0.238046284,0.200000000,0.000000000,0.293579243
100000001427082100,peripheral,0.200000000,21,0.268179957,Гип. peripheral; d=3; контр. в/из=1/5; KZT в/из=5000/124900; tx=1/6; роль не определена; выход>1.2 входа: пропуски/начальный остаток,3,False,1,5000.000000000,1,5,124900.000000000,6,0.000436654,24.980000000,False,True,2,0,1,6,0.000000000,0.000000000,1.000000000,0.760798428,0.455706747,0.450571450,0.400000000,0.000000000,0.446966595
100000001429930100,peripheral,0.200000000,13,0.189302024,Гип. peripheral; d=0; контр. в/из=1/0; KZT в/из=26000/0; tx=1/0; роль не определена; seed: вход неполон; баланс неизвестен,0,True,1,26000.000000000,1,0,0.000000000,0,0.000348790,,False,False,2,0,1,0,0.000000000,0.000000000,1.000000000,0.659055047,0.176291434,0.150190483,0.400000000,0.000000000,0.315503374
100000001439416100,peripheral,0.200000000,1,0.223108504,Гип. peripheral; d=3; контр. в/из=1/2; KZT в/из=10000/165000; tx=1/3; роль не определена; выход>1.2 входа: пропуски/начальный остаток,3,False,1,10000.000000000,1,2,165000.000000000,3,0.000341106,16.500000000,False,True,1,0,1,3,0.000000000,0.000000000,1.000000000,0.778849063,0.279415313,0.348731503,0.200000000,0.000000000,0.371847507
100000001445848100,peripheral,0.200000000,34,0.258293930,Гип. peripheral; d=3; контр. в/из=1/1; KZT в/из=546000/351850; tx=13/14; роль не определена; баланс неизвестен,3,False,1,546000.000000000,13,1,351850.000000000,14,0.000696365,0.644413919,False,False,1,0,10,12,186500.000000000,0.341575092,0.890109890,0.856429176,0.176291434,0.722018959,0.200000000,0.000000000,0.430489884
100000001463701100,peripheral,0.200000000,12,0.300613246,Гип. peripheral; d=1; контр. в/из=2/0; KZT в/из=621000/0; tx=2/0; роль не определена; баланс неизвестен,1,False,2,621000.000000000,2,0,0.000000000,0,0.000568859,0.000000000,False,False,5,1,1,0,0.000000000,0.000000000,1.000000000,0.864773573,0.279415313,0.238046284,1.000000000,0.000000000,0.501022077
100000001471706100,peripheral,0.150000000,20,0.222178584,Гип. peripheral; d=4; контр. в/из=1/0; KZT в/из=377000/0; tx=8/0; роль не определена; обрыв d=4; дальнейший выход неизвестен,4,False,1,377000.000000000,8,0,0.000000000,0,0.000536914,,True,False,1,0,7,0,0.000000000,0.000000000,1.000000000,0.832417883,0.176291434,0.476092568,0.200000000,0.000000000,0.386397537
100000001477796100,peripheral,0.200000000,3,0.194009256,Гип. peripheral; d=1; контр. в/из=1/0; KZT в/из=182000/0; tx=1/0; роль не определена; баланс неизвестен,1,False,1,182000.000000000,1,0,0.000000000,0,0.000328836,0.000000000,False,False,1,1,1,0,0.000000000,0.000000000,0.000000000,0.785206338,0.176291434,0.150190483,0.200000000,0.000000000,0.323348761
100000001484381100,peripheral,0.200000000,8,0.234737881,Гип. peripheral; d=3; контр. в/из=2/0; KZT в/из=95585/0; tx=4/0; роль не определена; баланс неизвестен,3,False,2,95585.000000000,4,0,0.000000000,0,0.000319510,0.000000000,False,False,2,0,3,0,0.000000000,0.000000000,1.000000000,0.743456714,0.279415313,0.348731503,0.400000000,0.000000000,0.391229802
100000001490461100,peripheral,0.200000000,8,0.194147546,Гип. peripheral; d=2; контр. в/из=1/1; KZT в/из=20000/5000; tx=1/1; роль не определена; баланс неизвестен,2,False,1,20000.000000000,1,1,5000.000000000,1,0.000319216,0.250000000,False,False,2,0,1,1,0.000000000,0.000000000,1.000000000,0.642046710,0.176291434,0.238046284,0.400000000,0.000000000,0.323579243
100000001498732100,peripheral,0.150000000,50,0.146794665,Гип. peripheral; d=4; контр. в/из=1/0; KZT в/из=5500/0; tx=1/0; роль не определена; обрыв d=4; дальнейший выход неизвестен,4,False,1,5500.000000000,1,0,0.000000000,0,0.000287853,,True,False,1,0,1,0,0.000000000,0.000000000,1.000000000,0.558360702,0.176291434,0.150190483,0.200000000,0.000000000,0.255295070
100000001524952100,peripheral,0.200000000,1,0.187457245,Гип. peripheral; d=1; контр. в/из=1/0; KZT в/из=103807/0; tx=1/0; роль не определена; баланс неизвестен,1,False,1,103807.000000000,1,0,0.000000000,0,0.000303365,0.000000000,False,False,1,1,1,0,0.000000000,0.000000000,1.000000000,0.748806273,0.176291434,0.150190483,0.200000000,0.000000000,0.312428741
100000001526235100,peripheral,0.200000000,25,0.287968839,Гип. peripheral; d=2; контр. в/из=3/8; KZT в/из=82000/432750; tx=4/9; роль не определена; выход>1.2 входа: пропуски/начальный остаток,2,False,3,82000.000000000,4,8,432750.000000000,9,0.000872288,5.277439024,False,True,1,0,4,8,39500.000000000,0.481707317,0.926829268,0.841358896,0.558830625,0.571828476,0.200000000,0.000000000,0.479948065
100000001527186100,peripheral,0.200000000,3,0.271263142,Гип. peripheral; d=1; контр. в/из=1/0; KZT в/из=678000/0; tx=2/0; роль не определена; баланс неизвестен,1,False,1,678000.000000000,2,0,0.000000000,0,0.000418699,0.000000000,False,False,4,1,1,0,0.000000000,0.000000000,1.000000000,0.870466692,0.176291434,0.238046284,0.800000000,0.000000000,0.452105237
100000001530709100,peripheral,0.200000000,1,0.197822384,Гип. peripheral; d=3; контр. в/из=1/0; KZT в/из=53961/0; tx=1/0; роль не определена; баланс неизвестен,3,False,1,53961.000000000,1,0,0.000000000,0,0.000287055,0.000000000,False,False,2,0,1,0,0.000000000,0.000000000,1.000000000,0.706390381,0.176291434,0.150190483,0.400000000,0.000000000,0.329703974
100000001530740100,peripheral,0.200000000,5,0.164883639,Гип. peripheral; d=2; контр. в/из=1/0; KZT в/из=15000/0; tx=1/0; роль не определена; баланс неизвестен,2,False,1,15000.000000000,1,0,0.000000000,0,0.000526693,0.000000000,False,False,1,0,1,0,0.000000000,0.000000000,1.000000000,0.623397351,0.176291434,0.150190483,0.200000000,0.000000000,0.274806065
100000001530983100,distributor,0.600000000,5,0.653848586,Гип. distributor; d=1; контр. в/из=4/11; KZT в/из=564158/1829538; tx=4/17; дней выхода=10; выход>1.2 входа: пропуски/начальный остаток,1,False,4,564158.000000000,4,11,1829538.000000000,17,0.000354074,3.242953215,False,True,5,2,4,10,46290.000000000,0.082051482,1.000000000,0.934821560,0.631998181,0.669764190,1.000000000,0.800000000,0.817310733
100000001533161100,peripheral,0.150000000,43,0.179228691,Гип. peripheral; d=4; контр. в/из=1/0; KZT в/из=100000/0; tx=1/0; роль не определена; обрыв d=4; дальнейший выход неизвестен,4,False,1,100000.000000000,1,0,0.000000000,0,0.000322546,,True,False,1,0,1,0,0.000000000,0.000000000,1.000000000,0.746384037,0.176291434,0.150190483,0.200000000,0.000000000,0.311702071
100000001534244100,peripheral,0.200000000,9,0.246053792,Гип. peripheral; d=3; контр. в/из=2/1; KZT в/из=366000/45000; tx=2/1; роль не определена; баланс неизвестен,3,False,2,366000.000000000,2,1,45000.000000000,1,0.000339681,0.122950820,False,False,2,0,1,1,0.000000000,0.000000000,0.000000000,0.830498151,0.279415313,0.300380966,0.400000000,0.000000000,0.410089653
100000001537524100,peripheral,0.150000000,14,0.183763043,Гип. peripheral; d=4; контр. в/из=1/0; KZT в/из=150000/0; tx=1/0; роль не определена; обрыв d=4; дальнейший выход неизвестен,4,False,1,150000.000000000,1,0,0.000000000,0,0.000297054,,True,False,1,0,1,0,0.000000000,0.000000000,0.000000000,0.772670139,0.176291434,0.150190483,0.200000000,0.000000000,0.319587901
100000001538095100,peripheral,0.200000000,14,0.255318103,Гип. peripheral; d=3; контр. в/из=2/0; KZT в/из=280000/0; tx=2/0; роль не определена; баланс неизвестен,3,False,2,280000.000000000,2,0,0.000000000,0,0.000328309,0.000000000,False,False,3,0,1,0,0.000000000,0.000000000,0.000000000,0.813133886,0.279415313,0.238046284,0.600000000,0.000000000,0.425530171
100000001541418100,peripheral,0.200000000,9,0.224935656,Гип. peripheral; d=2; контр. в/из=2/0; KZT в/из=96900/0; tx=2/0; роль не определена; баланс неизвестен,2,False,2,96900.000000000,2,0,0.000000000,0,0.000301922,0.000000000,False,False,2,0,2,0,0.000000000,0.000000000,1.000000000,0.744342517,0.279415313,0.238046284,0.400000000,0.000000000,0.374892760
100000001549194100,peripheral,0.200000000,15,0.178085903,Гип. peripheral; d=3; контр. в/из=1/0; KZT в/из=46500/0; tx=1/0; роль не определена; баланс неизвестен,3,False,1,46500.000000000,1,0,0.000000000,0,0.000297136,0.000000000,False,False,1,0,1,0,0.000000000,0.000000000,1.000000000,0.696743265,0.176291434,0.150190483,0.200000000,0.000000000,0.296809839
100000001550388100,peripheral,0.200000000,1,0.178932743,Гип. peripheral; d=1; контр. в/из=1/0; KZT в/из=50000/0; tx=1/0; роль не определена; баланс неизвестен,1,False,1,50000.000000000,1,0,0.000000000,0,0.000293347,0.000000000,False,False,1,1,1,0,0.000000000,0.000000000,1.000000000,0.701447928,0.176291434,0.150190483,0.200000000,0.000000000,0.298221238
100000001550419100,peripheral,0.200000000,15,0.169871386,Гип. peripheral; d=3; контр. в/из=1/0; KZT в/из=23000/0; tx=1/0; роль не определена; баланс неизвестен,3,False,1,23000.000000000,1,0,0.000000000,0,0.000290516,0.000000000,False,False,1,0,1,0,0.000000000,0.000000000,1.000000000,0.651107060,0.176291434,0.150190483,0.200000000,0.000000000,0.283118977
100000001554432100,peripheral,0.200000000,3,0.233813515,Гип. peripheral; d=1; контр. в/из=1/0; KZT в/из=53920/0; tx=1/0; роль не определена; баланс неизвестен,1,False,1,53920.000000000,1,0,0.000000000,0,0.000294747,0.000000000,False,False,4,1,1,0,0.000000000,0.000000000,1.000000000,0.706341105,0.176291434,0.150190483,0.800000000,0.000000000,0.389689191
100000001557930100,peripheral,0.200000000,7,0.174639901,Гип. peripheral; d=2; контр. в/из=1/0; KZT в/из=34610/0; tx=1/0; роль не определена; баланс неизвестен,2,False,1,34610.000000000,1,0,0.000000000,0,0.000290553,0.000000000,False,False,1,0,1,0,0.000000000,0.000000000,0.000000000,0.677598808,0.176291434,0.150190483,0.200000000,0.000000000,0.291066502
100000001567366100,terminal,0.490000000,5,0.374364494,Гип. terminal; d=1; контр. в/из=1/0; KZT в/из=824070/0; tx=4/0; out/in=0.000; до24.07=100%; остаток неизвестен; гипотеза в окне,1,False,1,824070.000000000,4,0,0.000000000,0,0.000372057,0.000000000,False,False,2,1,4,0,0.000000000,0.000000000,1.000000000,0.883115546,0.176291434,0.348731503,0.400000000,0.450000000,0.502502676
100000001578517100,peripheral,0.200000000,5,0.226971866,Гип. peripheral; d=2; контр. в/из=1/0; KZT в/из=30000/0; tx=1/0; роль не определена; баланс неизвестен,2,False,1,30000.000000000,1,0,0.000000000,0,0.000288972,0.000000000,False,False,4,0,1,0,0.000000000,0.000000000,1.000000000,0.668331948,0.176291434,0.150190483,0.800000000,0.000000000,0.378286444
100000001584286100,terminal,0.480000000,14,0.446773397,Гип. terminal; d=2; контр. в/из=2/0; KZT в/из=738699/0; tx=3/0; out/in=0.000; до24.07=100%; остаток неизвестен; гипотеза в окне,2,False,2,738699.000000000,3,0,0.000000000,0,0.000326621,0.000000000,False,False,5,0,2,0,0.000000000,0.000000000,1.000000000,0.876025422,0.279415313,0.300380966,1.000000000,0.450000000,0.603747834
100000001590795100,peripheral,0.150000000,8,0.145862370,Гип. peripheral; d=4; контр. в/из=1/0; KZT в/из=5060/0; tx=1/0; роль не определена; обрыв d=4; дальнейший выход неизвестен,4,False,1,5060.000000000,1,0,0.000000000,0,0.000286727,,True,False,1,0,1,0,0.000000000,0.000000000,0.000000000,0.552956094,0.176291434,0.150190483,0.200000000,0.000000000,0.253673688
100000001597424100,peripheral,0.200000000,15,0.178480669,Гип. peripheral; d=3; контр. в/из=1/0; KZT в/из=48100/0; tx=1/0; роль не определена; баланс неизвестен,3,False,1,48100.000000000,1,0,0.000000000,0,0.000297586,0.000000000,False,False,1,0,1,0,0.000000000,0.000000000,1.000000000,0.698936410,0.176291434,0.150190483,0.200000000,0.000000000,0.297467782
100000001597505100,peripheral,0.200000000,32,0.179413692,Гип. peripheral; d=2; контр. в/из=1/1; KZT в/из=26460/12920; tx=1/1; роль не определена; баланс неизвестен,2,False,1,26460.000000000,1,1,12920.000000000,1,0.000313023,0.488284203,False,False,1,0,1,1,0.000000000,0.000000000,0.000000000,0.660191969,0.176291434,0.238046284,0.200000000,0.000000000,0.299022820
100000001598625100,peripheral,0.150000000,4,0.163725845,Гип. peripheral; d=4; контр. в/из=1/0; KZT в/из=25000/0; tx=1/0; роль не определена; обрыв d=4; дальнейший выход неизвестен,4,False,1,25000.000000000,1,0,0.000000000,0,0.000426348,,True,False,1,0,1,0,0.000000000,0.000000000,1.000000000,0.656512467,0.176291434,0.150190483,0.200000000,0.000000000,0.284740599
100000001600934100,peripheral,0.200000000,4,0.207416888,Гип. peripheral; d=3; контр. в/из=1/1; KZT в/из=180300/11000; tx=2/1; роль не определена; баланс неизвестен,3,False,1,180300.000000000,2,1,11000.000000000,1,0.002510221,0.061009429,False,False,1,0,2,1,0.000000000,0.000000000,1.000000000,0.784597940,0.176291434,0.300380966,0.200000000,0.000000000,0.345694814
100000001601320100,peripheral,0.200000000,7,0.203902383,Гип. peripheral; d=2; контр. в/из=2/1; KZT в/из=43500/46200; tx=2/1; роль не определена; баланс неизвестен,2,False,2,43500.000000000,2,1,46200.000000000,1,0.000806330,1.062068966,False,False,1,0,2,1,0.000000000,0.000000000,0.218390805,0.696323661,0.279415313,0.300380966,0.200000000,0.000000000,0.339837306
100000001609499100,terminal,0.480000000,1,0.385896986,Гип. terminal; d=1; контр. в/из=3/2; KZT в/из=263113/21000; tx=3/2; out/in=0.080; до24.07=100%; остаток неизвестен; гипотеза в окне,1,False,3,263113.000000000,3,2,21000.000000000,2,0.000319111,0.079813616,False,False,2,1,3,2,10000.000000000,0.038006484,1.000000000,0.809101083,0.352582869,0.388236767,0.400000000,0.450000000,0.521482414
100000001611488100,peripheral,0.200000000,6,0.272873078,Гип. peripheral; d=3; контр. в/из=2/0; KZT в/из=779300/0; tx=3/0; роль не определена; баланс неизвестен,3,False,2,779300.000000000,3,0,0.000000000,0,0.000871594,0.000000000,False,False,3,0,3,0,0.000000000,0.000000000,0.708327987,0.879494184,0.279415313,0.300380966,0.600000000,0.000000000,0.454788463
100000001616816100,peripheral,0.200000000,7,0.347124291,Гип. peripheral; d=0; контр. в/из=5/3; KZT в/из=176195/181326; tx=12/10; роль не определена; seed: вход неполон; баланс неизвестен,0,True,5,176195.000000000,12,3,181326.000000000,10,0.002411939,,False,False,7,0,9,7,81760.000000000,0.464031329,1.000000000,0.784965809,0.455706747,0.679395956,1.000000000,0.000000000,0.578540485
100000001632325100,peripheral,0.200000000,2,0.198723989,Гип. peripheral; d=3; контр. в/из=1/0; KZT в/из=85600/0; tx=3/0; роль не определена; баланс неизвестен,3,False,1,85600.000000000,3,0,0.000000000,0,0.000297300,0.000000000,False,False,1,0,2,0,0.000000000,0.000000000,1.000000000,0.736304054,0.176291434,0.300380966,0.200000000,0.000000000,0.331206648
100000001633685100,peripheral,0.200000000,1,0.248375389,Гип. peripheral; d=2; контр. в/из=3/0; KZT в/из=45000/0; tx=3/0; роль не определена; баланс неизвестен,2,False,3,45000.000000000,3,0,0.000000000,0,0.000304518,0.000000000,False,False,3,0,3,0,0.000000000,0.000000000,1.000000000,0.694617546,0.352582869,0.300380966,0.600000000,0.000000000,0.413958982
100000001637376100,peripheral,0.200000000,6,0.246471537,Гип. peripheral; d=3; контр. в/из=1/1; KZT в/из=116700/234250; tx=1/2; роль не определена; выход>1.2 входа: пропуски/начальный остаток,3,False,1,116700.000000000,1,1,234250.000000000,2,0.000287788,2.007283633,False,True,3,0,1,2,0.000000000,0.000000000,0.000000000,0.801568208,0.176291434,0.300380966,0.600000000,0.000000000,0.410785894
100000001639766100,peripheral,0.200000000,7,0.168240523,Гип. peripheral; d=3; контр. в/из=1/0; KZT в/из=20000/0; tx=1/0; роль не определена; баланс неизвестен,3,False,1,20000.000000000,1,0,0.000000000,0,0.000647182,0.000000000,False,False,1,0,1,0,0.000000000,0.000000000,0.000000000,0.642046710,0.176291434,0.150190483,0.200000000,0.000000000,0.280400872
100000001641789100,peripheral,0.200000000,7,0.238897747,Гип. peripheral; d=1; контр. в/из=1/0; KZT в/из=17826/0; tx=1/0; роль не определена; баланс неизвестен,1,False,1,17826.000000000,1,0,0.000000000,0,0.000485586,0.000000000,False,False,5,1,1,0,0.000000000,0.000000000,1.000000000,0.634586840,0.176291434,0.150190483,1.000000000,0.000000000,0.398162911
100000001641951100,peripheral,0.200000000,4,0.260713051,Гип. peripheral; d=2; контр. в/из=1/0; KZT в/из=25000/0; tx=4/0; роль не определена; баланс неизвестен,2,False,1,25000.000000000,4,0,0.000000000,0,0.000317279,0.000000000,False,False,8,0,4,0,0.000000000,0.000000000,0.800000000,0.656512467,0.176291434,0.348731503,1.000000000,0.000000000,0.434521752
100000001648936100,peripheral,0.200000000,7,0.186141725,Гип. peripheral; d=2; контр. в/из=1/0; KZT в/из=92740/0; tx=1/0; роль не определена; баланс неизвестен,2,False,1,92740.000000000,1,0,0.000000000,0,0.000301496,0.000000000,False,False,1,0,1,0,0.000000000,0.000000000,0.000000000,0.741497828,0.176291434,0.150190483,0.200000000,0.000000000,0.310236208
100000001650895100,peripheral,0.200000000,8,0.199928919,Гип. peripheral; d=3; контр. в/из=1/1; KZT в/из=153500/10000; tx=1/1; роль не определена; баланс неизвестен,3,False,1,153500.000000000,1,1,10000.000000000,1,0.000307581,0.065146580,False,False,1,0,1,1,0.000000000,0.000000000,1.000000000,0.774165452,0.176291434,0.238046284,0.200000000,0.000000000,0.333214865
100000001660397100,peripheral,0.200000000,1,0.224282242,Гип. peripheral; d=1; контр. в/из=2/3; KZT в/из=48600/49000; tx=2/4; роль не определена; баланс неизвестен,1,False,2,48600.000000000,2,3,49000.000000000,4,0.000293545,1.008230453,False,False,1,1,2,4,12000.000000000,0.246913580,1.000000000,0.700138212,0.352582869,0.421637992,0.200000000,0.000000000,0.373803736
100000001669260100,peripheral,0.150000000,4,0.197227237,Гип. peripheral; d=4; контр. в/из=1/0; KZT в/из=500000/0; tx=1/0; роль не определена; обрыв d=4; дальнейший выход неизвестен,4,False,1,500000.000000000,1,0,0.000000000,0,0.000556729,,True,False,1,0,1,0,0.000000000,0.000000000,1.000000000,0.850723439,0.176291434,0.150190483,0.200000000,0.000000000,0.343003891
100000001674850100,peripheral,0.200000000,10,0.235372476,Гип. peripheral; d=3; контр. в/из=2/0; KZT в/из=237000/0; tx=2/0; роль не определена; баланс неизвестен,3,False,2,237000.000000000,2,0,0.000000000,0,0.000312393,0.000000000,False,False,2,0,1,0,0.000000000,0.000000000,1.000000000,0.802324851,0.279415313,0.238046284,0.400000000,0.000000000,0.392287460
100000001677389100,peripheral,0.200000000,17,0.169171620,Гип. peripheral; d=3; контр. в/из=1/1; KZT в/из=11000/5400; tx=1/1; роль не определена; баланс неизвестен,3,False,1,11000.000000000,1,1,5400.000000000,1,0.000287077,0.490909091,False,False,1,0,1,1,0.000000000,0.000000000,1.000000000,0.603291567,0.176291434,0.238046284,0.200000000,0.000000000,0.281952700
100000001677929100,peripheral,0.200000000,7,0.247476888,Гип. peripheral; d=2; контр. в/из=3/2; KZT в/из=126777/286098; tx=3/4; роль не определена; выход>1.2 входа: пропуски/начальный остаток,2,False,3,126777.000000000,3,2,286098.000000000,4,0.003489721,2.256702714,False,True,1,0,3,4,0.000000000,0.000000000,0.645046026,0.814530632,0.352582869,0.450571450,0.200000000,0.000000000,0.412461481
100000001680944100,peripheral,0.200000000,18,0.238992365,Гип. peripheral; d=3; контр. в/из=1/0; KZT в/из=393000/0; tx=1/0; роль не определена; баланс неизвестен,3,False,1,393000.000000000,1,0,0.000000000,0,0.000343654,0.000000000,False,False,3,0,1,0,0.000000000,0.000000000,0.000000000,0.835112499,0.176291434,0.150190483,0.600000000,0.000000000,0.398320609
100000001684867100,peripheral,0.200000000,5,0.191183861,Гип. peripheral; d=1; контр. в/из=1/0; KZT в/из=30550/0; tx=1/0; роль не определена; баланс неизвестен,1,False,1,30550.000000000,1,0,0.000000000,0,0.000287300,0.000000000,False,False,2,1,1,0,0.000000000,0.000000000,1.000000000,0.669509696,0.176291434,0.150190483,0.400000000,0.000000000,0.318639768
100000001686328100,peripheral,0.200000000,9,0.208947640,Гип. peripheral; d=3; контр. в/из=1/0; KZT в/из=140000/0; tx=1/0; роль не определена; баланс неизвестен,3,False,1,140000.000000000,1,0,0.000000000,0,0.000313326,0.000000000,False,False,2,0,1,0,0.000000000,0.000000000,0.000000000,0.768197360,0.176291434,0.150190483,0.400000000,0.000000000,0.348246067
100000001688676100,peripheral,0.200000000,19,0.190410339,Гип. peripheral; d=3; контр. в/из=1/0; KZT в/из=133700/0; tx=1/0; роль не определена; баланс неизвестен,3,False,1,133700.000000000,1,0,0.000000000,0,0.000306740,0.000000000,False,False,1,0,1,0,0.000000000,0.000000000,0.000000000,0.765212351,0.176291434,0.150190483,0.200000000,0.000000000,0.317350565
100000001689968100,terminal,0.480000000,6,0.402216900,Гип. terminal; d=3; контр. в/из=3/0; KZT в/из=344333.75/0; tx=3/0; out/in=0.000; до24.07=100%; остаток неизвестен; гипотеза в окне,3,False,3,344333.750000000,3,0,0.000000000,0,0.000337221,0.000000000,False,False,3,0,3,0,0.000000000,0.000000000,1.000000000,0.826542107,0.352582869,0.300380966,0.600000000,0.450000000,0.543536351
100000001690439100,peripheral,0.200000000,6,0.164244103,Гип. peripheral; d=3; контр. в/из=1/0; KZT в/из=14200/0; tx=1/0; роль не определена; баланс неизвестен,3,False,1,14200.000000000,1,0,0.000000000,0,0.000474100,0.000000000,False,False,1,0,1,0,0.000000000,0.000000000,1.000000000,0.619844375,0.176291434,0.150190483,0.200000000,0.000000000,0.273740172
100000001690558100,peripheral,0.200000000,19,0.210377226,Гип. peripheral; d=3; контр. в/из=1/0; KZT в/из=740000/0; tx=1/0; роль не определена; баланс неизвестен,3,False,1,740000.000000000,1,0,0.000000000,0,0.000409690,0.000000000,False,False,1,0,1,0,0.000000000,0.000000000,1.000000000,0.876139500,0.176291434,0.150190483,0.200000000,0.000000000,0.350628709
100000001696818100,peripheral,0.200000000,3,0.179733164,Гип. peripheral; d=1; контр. в/из=1/0; KZT в/из=53550/0; tx=1/0; роль не определена; баланс неизвестен,1,False,1,53550.000000000,1,0,0.000000000,0,0.000297218,0.000000000,False,False,1,1,1,0,0.000000000,0.000000000,0.000000000,0.705894715,0.176291434,0.150190483,0.200000000,0.000000000,0.299555274
100000001697501100,distributor,0.600000000,2,0.628191086,Гип. distributor; d=1; контр. в/из=3/38; KZT в/из=123700/1482606; tx=3/55; дней выхода=24; выход>1.2 входа: пропуски/начальный остаток,1,False,3,123700.000000000,3,38,1482606.000000000,55,0.000587937,11.985497171,False,True,1,1,3,24,56200.000000000,0.454324980,0.404203719,0.921190267,0.931771138,0.883517002,0.200000000,0.800000000,0.785238858
100000001703168100,peripheral,0.200000000,3,0.211698783,Гип. peripheral; d=2; контр. в/из=1/1; KZT в/из=45000/90000; tx=1/1; роль не определена; выход>1.2 входа: пропуски/начальный остаток,2,False,1,45000.000000000,1,1,90000.000000000,1,0.000291084,2.000000000,False,True,2,0,1,1,45000.000000000,1.000000000,1.000000000,0.739553583,0.176291434,0.238046284,0.400000000,0.000000000,0.352831304
100000001714173100,terminal,0.510000000,18,0.406559111,Гип. terminal; d=3; контр. в/из=1/0; KZT в/из=638905/0; tx=6/0; out/in=0.000; до24.07=100%; остаток неизвестен; гипотеза в окне,3,False,1,638905.000000000,6,0,0.000000000,0,0.000567262,0.000000000,False,False,3,0,3,0,0.000000000,0.000000000,1.000000000,0.866616344,0.176291434,0.421637992,0.600000000,0.450000000,0.538488889
100000001714413100,peripheral,0.200000000,6,0.233721767,Гип. peripheral; d=3; контр. в/из=1/0; KZT в/из=250172/0; tx=1/0; роль не определена; баланс неизвестен,3,False,1,250172.000000000,1,0,0.000000000,0,0.000292078,0.000000000,False,False,3,0,1,0,0.000000000,0.000000000,1.000000000,0.805831398,0.176291434,0.150190483,0.600000000,0.000000000,0.389536279
100000001714883100,peripheral,0.150000000,8,0.149330300,Гип. peripheral; d=4; контр. в/из=1/0; KZT в/из=6900/0; tx=1/0; роль не определена; обрыв d=4; дальнейший выход неизвестен,4,False,1,6900.000000000,1,0,0.000000000,0,0.000287705,,True,False,1,0,1,0,0.000000000,0.000000000,0.000000000,0.573060034,0.176291434,0.150190483,0.200000000,0.000000000,0.259704870
100000001716579100,peripheral,0.200000000,2,0.164008366,Гип. peripheral; d=1; контр. в/из=1/0; KZT в/из=13916/0; tx=1/0; роль не определена; баланс неизвестен,1,False,1,13916.000000000,1,0,0.000000000,0,0.000286936,0.000000000,False,False,1,1,1,0,0.000000000,0.000000000,1.000000000,0.618534726,0.176291434,0.150190483,0.200000000,0.000000000,0.273347277
100000001724740100,peripheral,0.150000000,9,0.203232535,Гип. peripheral; d=4; контр. в/из=1/0; KZT в/из=185000/0; tx=4/0; роль не определена; обрыв d=4; дальнейший выход неизвестен,4,False,1,185000.000000000,4,0,0.000000000,0,0.000533298,,True,False,1,0,2,0,0.000000000,0.000000000,0.000000000,0.786266248,0.176291434,0.348731503,0.200000000,0.000000000,0.353447887
100000001726614100,peripheral,0.200000000,1,0.190840206,Гип. peripheral; d=3; контр. в/из=1/0; KZT в/из=138717/0; tx=1/0; роль не определена; баланс неизвестен,3,False,1,138717.000000000,1,0,0.000000000,0,0.000296245,0.000000000,False,False,1,0,1,0,0.000000000,0.000000000,1.000000000,0.767600504,0.176291434,0.150190483,0.200000000,0.000000000,0.318067011
100000001732159100,peripheral,0.200000000,10,0.352238010,Гип. peripheral; d=0; контр. в/из=2/4; KZT в/из=2378100/1505966; tx=30/23; роль не определена; seed: вход неполон; баланс неизвестен,0,True,2,2378100.000000000,30,4,1505966.000000000,23,0.001085705,,False,False,3,2,10,13,416156.000000000,0.174995164,1.000000000,0.951822476,0.409336034,0.864329335,0.600000000,0.000000000,0.587063350
100000001733216100,peripheral,0.150000000,1,0.198343672,Гип. peripheral; d=4; контр. в/из=1/0; KZT в/из=60000/0; tx=2/0; роль не определена; обрыв d=4; дальнейший выход неизвестен,4,False,1,60000.000000000,2,0,0.000000000,0,0.000405324,,True,False,2,0,1,0,0.000000000,0.000000000,1.000000000,0.713267625,0.176291434,0.238046284,0.400000000,0.000000000,0.344945517
100000001733687100,peripheral,0.200000000,9,0.217841318,Гип. peripheral; d=3; контр. в/из=1/0; KZT в/из=300000/0; tx=1/0; роль не определена; баланс неизвестен,3,False,1,300000.000000000,1,0,0.000000000,0,0.000305068,0.000000000,False,False,2,0,1,0,0.000000000,0.000000000,0.000000000,0.817606681,0.176291434,0.150190483,0.400000000,0.000000000,0.363068864
100000001737722100,peripheral,0.200000000,3,0.199149411,Гип. peripheral; d=2; контр. в/из=1/0; KZT в/из=60460/0; tx=1/0; роль не определена; баланс неизвестен,2,False,1,60460.000000000,1,0,0.000000000,0,0.000317021,0.000000000,False,False,2,0,1,0,0.000000000,0.000000000,1.000000000,0.713762752,0.176291434,0.150190483,0.400000000,0.000000000,0.331915685
100000001740277100,peripheral,0.200000000,7,0.166434581,Гип. peripheral; d=3; контр. в/из=1/1; KZT в/из=8700/5000; tx=1/1; роль не определена; баланс неизвестен,3,False,1,8700.000000000,1,1,5000.000000000,1,0.000374239,0.574712644,False,False,1,0,1,1,5000.000000000,0.574712644,1.000000000,0.588085798,0.176291434,0.238046284,0.200000000,0.000000000,0.277390969
100000001745217100,peripheral,0.200000000,1,0.178932743,Гип. peripheral; d=3; контр. в/из=1/0; KZT в/из=50000/0; tx=1/0; роль не определена; баланс неизвестен,3,False,1,50000.000000000,1,0,0.000000000,0,0.000288438,0.000000000,False,False,1,0,1,0,0.000000000,0.000000000,1.000000000,0.701447928,0.176291434,0.150190483,0.200000000,0.000000000,0.298221238
100000001746925100,peripheral,0.200000000,3,0.243946142,Гип. peripheral; d=1; контр. в/из=1/1; KZT в/из=65250/5000; tx=1/1; роль не определена; баланс неизвестен,1,False,1,65250.000000000,1,1,5000.000000000,1,0.000296997,0.076628352,False,False,4,1,1,1,0.000000000,0.000000000,1.000000000,0.718705578,0.176291434,0.238046284,0.800000000,0.000000000,0.406576903
100000001782980100,peripheral,0.200000000,29,0.225724466,Гип. peripheral; d=2; контр. в/из=1/1; KZT в/из=50000/596200; tx=1/3; роль не определена; выход>1.2 входа: пропуски/начальный остаток,2,False,1,50000.000000000,1,1,596200.000000000,3,0.000367997,11.924000000,False,True,1,0,1,3,0.000000000,0.000000000,1.000000000,0.862131435,0.176291434,0.348731503,0.200000000,0.000000000,0.376207443
100000001784279100,peripheral,0.200000000,1,0.174993234,Гип. peripheral; d=3; контр. в/из=1/0; KZT в/из=35674/0; tx=1/0; роль не определена; баланс неизвестен,3,False,1,35674.000000000,1,0,0.000000000,0,0.000287177,0.000000000,False,False,1,0,1,0,0.000000000,0.000000000,1.000000000,0.679561771,0.176291434,0.150190483,0.200000000,0.000000000,0.291655391
100000001785161100,peripheral,0.200000000,30,0.193253754,Гип. peripheral; d=3; контр. в/из=2/0; KZT в/из=30000/0; tx=2/0; роль не определена; баланс неизвестен,3,False,2,30000.000000000,2,0,0.000000000,0,0.000329225,0.000000000,False,False,1,0,2,0,0.000000000,0.000000000,0.500000000,0.668331948,0.279415313,0.238046284,0.200000000,0.000000000,0.322089590
100000001788284100,peripheral,0.200000000,25,0.264627917,Гип. peripheral; d=3; контр. в/из=1/5; KZT в/из=8000/296700; tx=1/8; роль не определена; выход>1.2 входа: пропуски/начальный остаток,3,False,1,8000.000000000,1,5,296700.000000000,8,0.000297744,37.087500000,False,True,1,0,1,6,0.000000000,0.000000000,1.000000000,0.816889602,0.455706747,0.498921986,0.200000000,0.000000000,0.441046528
100000001805543100,peripheral,0.200000000,5,0.198864162,Гип. peripheral; d=1; контр. в/из=1/0; KZT в/из=59000/0; tx=1/0; роль не определена; баланс неизвестен,1,False,1,59000.000000000,1,0,0.000000000,0,0.000290339,0.000000000,False,False,2,1,1,0,0.000000000,0.000000000,1.000000000,0.712178037,0.176291434,0.150190483,0.400000000,0.000000000,0.331440271
100000001808684100,peripheral,0.200000000,7,0.199977390,Гип. peripheral; d=3; контр. в/из=1/1; KZT в/из=48400/37700; tx=3/2; роль не определена; баланс неизвестен,3,False,1,48400.000000000,3,1,37700.000000000,2,0.001162847,0.778925620,False,False,1,0,3,2,0.000000000,0.000000000,0.206611570,0.699339491,0.176291434,0.388236767,0.200000000,0.000000000,0.333295649
100000001816678100,peripheral,0.150000000,3,0.208016109,Гип. peripheral; d=4; контр. в/из=1/0; KZT в/из=60000/0; tx=1/0; роль не определена; обрыв d=4; дальнейший выход неизвестен,4,False,1,60000.000000000,1,0,0.000000000,0,0.000307965,,True,False,3,0,1,0,0.000000000,0.000000000,0.000000000,0.713267625,0.176291434,0.150190483,0.600000000,0.000000000,0.361767147
100000001818442100,peripheral,0.200000000,8,0.176957769,Гип. peripheral; d=3; контр. в/из=1/0; KZT в/из=42215/0; tx=1/0; роль не определена; баланс неизвестен,3,False,1,42215.000000000,1,0,0.000000000,0,0.000299657,0.000000000,False,False,1,0,1,0,0.000000000,0.000000000,1.000000000,0.690475852,0.176291434,0.150190483,0.200000000,0.000000000,0.294929615
100000001819396100,peripheral,0.200000000,26,0.192941079,Гип. peripheral; d=3; контр. в/из=1/0; KZT в/из=166080/0; tx=1/0; роль не определена; баланс неизвестен,3,False,1,166080.000000000,1,0,0.000000000,0,0.000325315,0.000000000,False,False,1,0,1,0,0.000000000,0.000000000,1.000000000,0.779272019,0.176291434,0.150190483,0.200000000,0.000000000,0.321568465
100000001822623100,peripheral,0.200000000,22,0.195185406,Гип. peripheral; d=2; контр. в/из=1/0; KZT в/из=201300/0; tx=1/0; роль не определена; баланс неизвестен,2,False,1,201300.000000000,1,0,0.000000000,0,0.000321704,0.000000000,False,False,1,0,1,0,0.000000000,0.000000000,1.000000000,0.791740500,0.176291434,0.150190483,0.200000000,0.000000000,0.325309009
100000001822650100,peripheral,0.150000000,9,0.197746054,Гип. peripheral; d=4; контр. в/из=1/0; KZT в/из=112000/0; tx=1/0; роль не определена; обрыв d=4; дальнейший выход неизвестен,4,False,1,112000.000000000,1,0,0.000000000,0,0.000304241,,True,False,2,0,1,0,0.000000000,0.000000000,0.000000000,0.753731071,0.176291434,0.150190483,0.400000000,0.000000000,0.343906181
100000001825934100,peripheral,0.200000000,36,0.194572827,Гип. peripheral; d=3; контр. в/из=1/1; KZT в/из=40000/97000; tx=1/1; роль не определена; выход>1.2 входа: пропуски/начальный остаток,3,False,1,40000.000000000,1,1,97000.000000000,1,0.000472919,2.425000000,False,True,1,0,1,1,0.000000000,0.000000000,1.000000000,0.744409386,0.176291434,0.238046284,0.200000000,0.000000000,0.324288045
100000001831496100,peripheral,0.200000000,12,0.210289882,Гип. peripheral; d=3; контр. в/из=1/1; KZT в/из=25000/373000; tx=1/1; роль не определена; выход>1.2 входа: пропуски/начальный остаток,3,False,1,25000.000000000,1,1,373000.000000000,1,0.000291079,14.920000000,False,True,1,0,1,1,0.000000000,0.000000000,1.000000000,0.831726358,0.176291434,0.238046284,0.200000000,0.000000000,0.350483137
100000001835625100,peripheral,0.200000000,6,0.219684411,Гип. peripheral; d=3; контр. в/из=1/0; KZT в/из=75130/0; tx=1/0; роль не определена; баланс неизвестен,3,False,1,75130.000000000,1,0,0.000000000,0,0.000286452,0.000000000,False,False,3,0,1,0,0.000000000,0.000000000,1.000000000,0.727846087,0.176291434,0.150190483,0.600000000,0.000000000,0.366140686
100000001837130100,peripheral,0.200000000,1,0.193410698,Гип. peripheral; d=3; контр. в/из=1/0; KZT в/из=172900/0; tx=1/0; роль не определена; баланс неизвестен,3,False,1,172900.000000000,1,0,0.000000000,0,0.000299254,0.000000000,False,False,1,0,1,0,0.000000000,0.000000000,1.000000000,0.781881011,0.176291434,0.150190483,0.200000000,0.000000000,0.322351163
100000001845505100,peripheral,0.150000000,4,0.178480502,Гип. peripheral; d=4; контр. в/из=1/0; KZT в/из=20000/0; tx=1/0; роль не определена; обрыв d=4; дальнейший выход неизвестен,4,False,1,20000.000000000,1,0,0.000000000,0,0.000588641,,True,False,2,0,1,0,0.000000000,0.000000000,0.000000000,0.642046710,0.176291434,0.150190483,0.400000000,0.000000000,0.310400872
100000001848426100,peripheral,0.200000000,7,0.186487608,Гип. peripheral; d=2; контр. в/из=1/0; KZT в/из=95530/0; tx=1/0; роль не определена; баланс неизвестен,2,False,1,95530.000000000,1,0,0.000000000,0,0.000302021,0.000000000,False,False,1,0,1,0,0.000000000,0.000000000,0.000000000,0.743419400,0.176291434,0.150190483,0.200000000,0.000000000,0.310812679
100000001851289100,terminal,0.480000000,5,0.337438139,Гип. terminal; d=1; контр. в/из=1/0; KZT в/из=109510/0; tx=3/0; out/in=0.000; до24.07=100%; остаток неизвестен; гипотеза в окне,1,False,1,109510.000000000,3,0,0.000000000,0,0.000295734,0.000000000,False,False,2,1,1,0,0.000000000,0.000000000,1.000000000,0.752273510,0.176291434,0.300380966,0.400000000,0.450000000,0.455997485
100000001852140100,peripheral,0.200000000,58,0.172971866,Гип. peripheral; d=3; контр. в/из=1/0; KZT в/из=30000/0; tx=1/0; роль не определена; баланс неизвестен,3,False,1,30000.000000000,1,0,0.000000000,0,0.000798289,0.000000000,False,False,1,0,1,0,0.000000000,0.000000000,1.000000000,0.668331948,0.176291434,0.150190483,0.200000000,0.000000000,0.288286444
100000001853812100,peripheral,0.200000000,4,0.182859107,Гип. peripheral; d=3; контр. в/из=1/0; KZT в/из=70000/0; tx=1/0; роль не определена; баланс неизвестен,3,False,1,70000.000000000,1,0,0.000000000,0,0.000298167,0.000000000,False,False,1,0,1,0,0.000000000,0.000000000,1.000000000,0.723261065,0.176291434,0.150190483,0.200000000,0.000000000,0.304765179
100000001857829100,coordinator,0.600000000,4,0.660530429,Гип. coordinator; d=2; контр. в/из=6/16; KZT в/из=888535/2390993; tx=9/16; seed-пути=3; выход>1.2 входа: пропуски/начальный остаток,2,False,6,888535.000000000,9,16,2390993.000000000,16,0.000616547,2.690938455,False,True,3,0,5,8,478000.000000000,0.537964177,0.989870967,0.952173006,0.720584687,0.705961313,0.600000000,1.000000000,0.825663036
100000001860090100,peripheral,0.200000000,7,0.152065041,Гип. peripheral; d=3; контр. в/из=1/0; KZT в/из=5000/0; tx=1/0; роль не определена; баланс неизвестен,3,False,1,5000.000000000,1,0,0.000000000,0,0.000375626,0.000000000,False,False,1,0,1,0,0.000000000,0.000000000,0.000000000,0.552182918,0.176291434,0.150190483,0.200000000,0.000000000,0.253441735
100000001870116100,peripheral,0.200000000,2,0.170368011,Гип. peripheral; d=1; контр. в/из=1/0; KZT в/из=24000/0; tx=1/0; роль не определена; баланс неизвестен,1,False,1,24000.000000000,1,0,0.000000000,0,0.000289037,0.000000000,False,False,1,1,1,0,0.000000000,0.000000000,0.000000000,0.653866083,0.176291434,0.150190483,0.200000000,0.000000000,0.283946684
100000001872484100,peripheral,0.200000000,56,0.281068063,Гип. peripheral; d=1; контр. в/из=1/3; KZT в/из=871400/514580; tx=13/9; роль не определена; баланс неизвестен,1,False,1,871400.000000000,13,3,514580.000000000,9,0.002358303,0.590521001,False,False,1,1,12,9,71180.000000000,0.081684645,1.000000000,0.886736017,0.352582869,0.679395956,0.200000000,0.000000000,0.468446772
100000001875167100,peripheral,0.200000000,6,0.257797961,Гип. peripheral; d=3; контр. в/из=1/0; KZT в/из=1000000/0; tx=2/0; роль не определена; баланс неизвестен,3,False,1,1000000.000000000,2,0,0.000000000,0,0.000316178,0.000000000,False,False,3,0,1,0,0.000000000,0.000000000,0.000000000,0.895660132,0.176291434,0.238046284,0.600000000,0.000000000,0.429663269
100000001875239100,terminal,0.480000000,9,0.434872379,Гип. terminal; d=3; контр. в/из=3/0; KZT в/из=712000/0; tx=3/0; out/in=0.000; до24.07=100%; остаток неизвестен; гипотеза в окне,3,False,3,712000.000000000,3,0,0.000000000,0,0.000332190,0.000000000,False,False,4,0,1,0,0.000000000,0.000000000,1.000000000,0.873638861,0.352582869,0.300380966,0.800000000,0.450000000,0.587665377
100000001884825100,peripheral,0.200000000,9,0.276357169,Гип. peripheral; d=3; контр. в/из=3/0; KZT в/из=495000/0; tx=3/0; роль не определена; баланс неизвестен,3,False,3,495000.000000000,3,0,0.000000000,0,0.000338297,0.000000000,False,False,3,0,2,0,0.000000000,0.000000000,0.494949495,0.850071877,0.352582869,0.300380966,0.600000000,0.000000000,0.460595282
100000001887715100,peripheral,0.200000000,18,0.277811097,Гип. peripheral; d=3; контр. в/из=3/1; KZT в/из=1331500/750000; tx=4/1; роль не определена; баланс неизвестен,3,False,3,1331500.000000000,4,1,750000.000000000,1,0.000726489,0.563274502,False,False,2,0,1,1,0.000000000,0.000000000,0.000000000,0.914221352,0.352582869,0.388236767,0.400000000,0.000000000,0.463018495
100000001893287100,peripheral,0.200000000,7,0.234809252,Гип. peripheral; d=3; контр. в/из=1/1; KZT в/из=18000/152700; tx=3/14; роль не определена; выход>1.2 входа: пропуски/начальный остаток,3,False,1,18000.000000000,3,1,152700.000000000,14,0.000613755,8.483333333,False,True,1,0,3,11,12000.000000000,0.666666667,1.000000000,0.773826694,0.176291434,0.626283051,0.200000000,0.000000000,0.391348753
100000001899164100,peripheral,0.200000000,11,0.328809455,Гип. peripheral; d=1; контр. в/из=4/3; KZT в/из=291675/76500; tx=5/3; роль не определена; баланс неизвестен,1,False,4,291675.000000000,5,3,76500.000000000,3,0.001166305,0.262278221,False,False,5,1,4,2,0.000000000,0.000000000,0.861489672,0.815782220,0.409336034,0.476092568,1.000000000,0.000000000,0.548015758
100000001904863100,peripheral,0.200000000,15,0.241802335,Гип. peripheral; d=2; контр. в/из=1/0; KZT в/из=500000/0; tx=1/0; роль не определена; баланс неизвестен,2,False,1,500000.000000000,1,0,0.000000000,0,0.000478240,0.000000000,False,False,3,0,1,0,0.000000000,0.000000000,0.000000000,0.850723439,0.176291434,0.150190483,0.600000000,0.000000000,0.403003891
100000001924185100,peripheral,0.200000000,12,0.284112166,Гип. peripheral; d=1; контр. в/из=2/0; KZT в/из=151000/0; tx=2/0; роль не определена; баланс неизвестен,1,False,2,151000.000000000,2,0,0.000000000,0,0.000308532,0.000000000,False,False,8,2,2,0,0.000000000,0.000000000,1.000000000,0.773100903,0.279415313,0.238046284,1.000000000,0.000000000,0.473520276
100000001927599100,peripheral,0.200000000,8,0.232669642,Гип. peripheral; d=3; контр. в/из=2/0; KZT в/из=188000/0; tx=2/0; роль не определена; баланс неизвестен,3,False,2,188000.000000000,2,0,0.000000000,0,0.000325436,0.000000000,False,False,2,0,1,0,0.000000000,0.000000000,1.000000000,0.787309107,0.279415313,0.238046284,0.400000000,0.000000000,0.387782737
100000001929088100,peripheral,0.200000000,7,0.241363289,Гип. peripheral; d=1; контр. в/из=2/0; KZT в/из=396010/0; tx=2/0; роль не определена; баланс неизвестен,1,False,2,396010.000000000,2,0,0.000000000,0,0.000315847,0.000000000,False,False,2,2,2,0,0.000000000,0.000000000,0.530289639,0.835607142,0.279415313,0.238046284,0.400000000,0.000000000,0.402272148
100000001934935100,peripheral,0.200000000,1,0.207044780,Гип. peripheral; d=3; контр. в/из=1/0; KZT в/из=118935/0; tx=1/0; роль не определена; баланс неизвестен,3,False,1,118935.000000000,1,0,0.000000000,0,0.000290689,0.000000000,False,False,2,0,1,0,0.000000000,0.000000000,0.000000000,0.757625913,0.176291434,0.150190483,0.400000000,0.000000000,0.345074633
100000001937767100,peripheral,0.200000000,15,0.348581566,Гип. peripheral; d=1; контр. в/из=1/4; KZT в/из=53000/1933000; tx=1/6; роль не определена; выход>1.2 входа: пропуски/начальный остаток,1,False,1,53000.000000000,1,4,1933000.000000000,6,0.000883278,36.471698113,False,True,5,1,1,4,0.000000000,0.000000000,1.000000000,0.938387841,0.409336034,0.450571450,1.000000000,0.000000000,0.580969277
100000001952325100,peripheral,0.200000000,2,0.192012133,Гип. peripheral; d=1; контр. в/из=1/0; KZT в/из=77888/0; tx=2/0; роль не определена; баланс неизвестен,1,False,1,77888.000000000,2,0,0.000000000,0,0.000300262,0.000000000,False,False,1,1,2,0,0.000000000,0.000000000,0.335661463,0.730183306,0.176291434,0.238046284,0.200000000,0.000000000,0.320020221
100000001953577100,peripheral,0.200000000,2,0.165341291,Гип. peripheral; d=1; контр. в/из=1/0; KZT в/из=15600/0; tx=1/0; роль не определена; баланс неизвестен,1,False,1,15600.000000000,1,0,0.000000000,0,0.000287287,0.000000000,False,False,1,1,1,0,0.000000000,0.000000000,1.000000000,0.625939865,0.176291434,0.150190483,0.200000000,0.000000000,0.275568819
100000001954534100,peripheral,0.200000000,1,0.184235870,Гип. peripheral; d=3; контр. в/из=1/1; KZT в/из=13000/40000; tx=1/1; роль не определена; выход>1.2 входа: пропуски/начальный остаток,3,False,1,13000.000000000,1,1,40000.000000000,1,0.000364753,3.076923077,False,True,1,0,1,1,0.000000000,0.000000000,1.000000000,0.686981847,0.176291434,0.238046284,0.200000000,0.000000000,0.307059784
100000001954903100,peripheral,0.200000000,8,0.171793301,Гип. peripheral; d=2; контр. в/из=1/0; KZT в/из=27118/0; tx=1/0; роль не определена; баланс неизвестен,2,False,1,27118.000000000,1,0,0.000000000,0,0.000296864,0.000000000,False,False,1,0,1,0,0.000000000,0.000000000,1.000000000,0.661784365,0.176291434,0.150190483,0.200000000,0.000000000,0.286322169
100000001957974100,peripheral,0.150000000,15,0.197227237,Гип. peripheral; d=4; контр. в/из=1/0; KZT в/из=500000/0; tx=1/0; роль не определена; обрыв d=4; дальнейший выход неизвестен,4,False,1,500000.000000000,1,0,0.000000000,0,0.000318407,,True,False,1,0,1,0,0.000000000,0.000000000,1.000000000,0.850723439,0.176291434,0.150190483,0.200000000,0.000000000,0.343003891
100000001960517100,peripheral,0.200000000,7,0.213109800,Гип. peripheral; d=1; контр. в/из=1/0; KZT в/из=200000/0; tx=1/0; роль не определена; баланс неизвестен,1,False,1,200000.000000000,1,0,0.000000000,0,0.000357188,0.000000000,False,False,2,1,1,0,0.000000000,0.000000000,1.000000000,0.791320471,0.176291434,0.150190483,0.400000000,0.000000000,0.355183001
100000001961048100,peripheral,0.200000000,30,0.227752741,Гип. peripheral; d=2; контр. в/из=1/0; KZT в/из=150000/0; tx=1/0; роль не определена; баланс неизвестен,2,False,1,150000.000000000,1,0,0.000000000,0,0.000302606,0.000000000,False,False,3,0,1,0,0.000000000,0.000000000,1.000000000,0.772670139,0.176291434,0.150190483,0.600000000,0.000000000,0.379587901
100000001965374100,peripheral,0.200000000,23,0.286128538,Гип. peripheral; d=2; контр. в/из=2/3; KZT в/из=1759720/3082100; tx=8/5; роль не определена; выход>1.2 входа: пропуски/начальный остаток,2,False,2,1759720.000000000,8,3,3082100.000000000,5,0.001270482,1.751471825,False,True,1,0,7,3,114000.000000000,0.064783034,0.873047985,0.968633503,0.352582869,0.571828476,0.200000000,0.000000000,0.476880896
100000001969496100,peripheral,0.200000000,15,0.169738726,Гип. peripheral; d=3; контр. в/из=1/0; KZT в/из=22740/0; tx=1/0; роль не определена; баланс неизвестен,3,False,1,22740.000000000,1,0,0.000000000,0,0.000290443,0.000000000,False,False,1,0,1,0,0.000000000,0.000000000,1.000000000,0.650370057,0.176291434,0.150190483,0.200000000,0.000000000,0.282897876
100000001985793100,peripheral,0.200000000,27,0.203767738,Гип. peripheral; d=2; контр. в/из=1/0; KZT в/из=420000/0; tx=1/0; роль не определена; баланс неизвестен,2,False,1,420000.000000000,1,0,0.000000000,0,0.000370555,0.000000000,False,False,1,0,1,0,0.000000000,0.000000000,1.000000000,0.839420127,0.176291434,0.150190483,0.200000000,0.000000000,0.339612897
100000001987030100,peripheral,0.200000000,16,0.235195195,Гип. peripheral; d=1; контр. в/из=2/1; KZT в/из=30864/19000; tx=2/1; роль не определена; баланс неизвестен,1,False,2,30864.000000000,2,1,19000.000000000,1,0.000292278,0.615603940,False,False,3,1,2,1,0.000000000,0.000000000,0.233151892,0.670172612,0.279415313,0.300380966,0.600000000,0.000000000,0.391991991
100000001991973100,peripheral,0.150000000,8,0.161669093,Гип. peripheral; d=4; контр. в/из=1/0; KZT в/из=20800/0; tx=1/0; роль не определена; обрыв d=4; дальнейший выход неизвестен,4,False,1,20800.000000000,1,0,0.000000000,0,0.000295095,,True,False,1,0,1,0,0.000000000,0.000000000,1.000000000,0.644589266,0.176291434,0.150190483,0.200000000,0.000000000,0.281163639
100000002015633100,peripheral,0.200000000,6,0.222419001,Гип. peripheral; d=3; контр. в/из=1/0; KZT в/из=94970/0; tx=1/0; роль не определена; баланс неизвестен,3,False,1,94970.000000000,1,0,0.000000000,0,0.000287090,0.000000000,False,False,3,0,1,0,0.000000000,0.000000000,1.000000000,0.743038250,0.176291434,0.150190483,0.600000000,0.000000000,0.370698334
100000002028158100,peripheral,0.200000000,16,0.210703786,Гип. peripheral; d=2; контр. в/из=1/0; KZT в/из=34800/0; tx=1/0; роль не определена; баланс неизвестен,2,False,1,34800.000000000,1,0,0.000000000,0,0.000295023,0.000000000,False,False,3,0,1,0,0.000000000,0.000000000,0.000000000,0.677953724,0.176291434,0.150190483,0.600000000,0.000000000,0.351172977
100000002032323100,peripheral,0.200000000,10,0.227977435,Гип. peripheral; d=3; контр. в/из=1/1; KZT в/из=300000/1050000; tx=1/2; роль не определена; выход>1.2 входа: пропуски/начальный остаток,3,False,1,300000.000000000,1,1,1050000.000000000,2,0.000401716,3.500000000,False,True,1,0,1,2,0.000000000,0.000000000,1.000000000,0.898823197,0.176291434,0.300380966,0.200000000,0.000000000,0.379962391
100000002087788100,peripheral,0.200000000,6,0.223079443,Гип. peripheral; d=2; контр. в/из=1/0; KZT в/из=100500/0; tx=1/0; роль не определена; баланс неизвестен,2,False,1,100500.000000000,1,0,0.000000000,0,0.000654158,0.000000000,False,False,3,0,1,0,0.000000000,0.000000000,1.000000000,0.746707377,0.176291434,0.150190483,0.600000000,0.000000000,0.371799072
100000002095257100,peripheral,0.200000000,11,0.176256197,Гип. peripheral; d=3; контр. в/из=1/0; KZT в/из=8500/0; tx=1/0; роль не определена; баланс неизвестен,3,False,1,8500.000000000,1,0,0.000000000,0,0.000394086,0.000000000,False,False,2,0,1,0,0.000000000,0.000000000,1.000000000,0.586578230,0.176291434,0.150190483,0.400000000,0.000000000,0.293760328
100000002103448100,peripheral,0.200000000,2,0.171742415,Гип. peripheral; d=3; контр. в/из=1/0; KZT в/из=27000/0; tx=1/0; роль не определена; баланс неизвестен,3,False,1,27000.000000000,1,0,0.000000000,0,0.000288221,0.000000000,False,False,1,0,1,0,0.000000000,0.000000000,1.000000000,0.661501662,0.176291434,0.150190483,0.200000000,0.000000000,0.286237358
100000002109656100,peripheral,0.200000000,14,0.223802335,Гип. peripheral; d=3; контр. в/из=1/0; KZT в/из=500000/0; tx=1/0; роль не определена; баланс неизвестен,3,False,1,500000.000000000,1,0,0.000000000,0,0.000307683,0.000000000,False,False,2,0,1,0,0.000000000,0.000000000,1.000000000,0.850723439,0.176291434,0.150190483,0.400000000,0.000000000,0.373003891
100000002116705100,peripheral,0.200000000,2,0.166748863,Гип. peripheral; d=3; контр. в/из=1/0; KZT в/из=17600/0; tx=1/0; роль не определена; баланс неизвестен,3,False,1,17600.000000000,1,0,0.000000000,0,0.000286764,0.000000000,False,False,1,0,1,0,0.000000000,0.000000000,1.000000000,0.633759710,0.176291434,0.150190483,0.200000000,0.000000000,0.277914772
100000002119762100,peripheral,0.150000000,6,0.234218182,Гип. peripheral; d=4; контр. в/из=1/0; KZT в/из=77000/0; tx=6/0; роль не определена; обрыв d=4; дальнейший выход неизвестен,4,False,1,77000.000000000,6,0,0.000000000,0,0.000526398,,True,False,3,0,3,0,0.000000000,0.000000000,1.000000000,0.729439944,0.176291434,0.421637992,0.600000000,0.000000000,0.407335969
100000002121357100,peripheral,0.200000000,10,0.259850555,Гип. peripheral; d=3; контр. в/из=2/1; KZT в/из=255300/113000; tx=2/1; роль не определена; баланс неизвестен,3,False,2,255300.000000000,2,1,113000.000000000,1,0.000324478,0.442616530,False,False,3,0,2,1,0.000000000,0.000000000,1.000000000,0.807146836,0.279415313,0.300380966,0.600000000,0.000000000,0.433084258
100000002126791100,peripheral,0.150000000,9,0.238228087,Гип. peripheral; d=4; контр. в/из=1/0; KZT в/из=1313000/0; tx=3/0; роль не определена; обрыв d=4; дальнейший выход неизвестен,4,False,1,1313000.000000000,3,0,0.000000000,0,0.000568334,,True,False,2,0,3,0,0.000000000,0.000000000,0.000000000,0.913314282,0.176291434,0.300380966,0.400000000,0.000000000,0.414309716
100000002130400100,peripheral,0.150000000,36,0.153479470,Гип. peripheral; d=4; контр. в/из=1/0; KZT в/из=10000/0; tx=1/0; роль не определена; обрыв d=4; дальнейший выход неизвестен,4,False,1,10000.000000000,1,0,0.000000000,0,0.000315778,,True,False,1,0,1,0,0.000000000,0.000000000,0.000000000,0.597113194,0.176291434,0.150190483,0.200000000,0.000000000,0.266920818
100000002132479100,peripheral,0.200000000,15,0.222489010,Гип. peripheral; d=2; контр. в/из=1/1; KZT в/из=30000/20000; tx=2/1; роль не определена; баланс неизвестен,2,False,1,30000.000000000,2,1,20000.000000000,1,0.000601615,0.666666667,False,False,3,0,2,1,0.000000000,0.000000000,1.000000000,0.668331948,0.176291434,0.300380966,0.600000000,0.000000000,0.370815016
100000002152857100,peripheral,0.200000000,27,0.276870794,Гип. peripheral; d=1; контр. в/из=1/5; KZT в/из=105000/1230000; tx=1/6; роль не определена; выход>1.2 входа: пропуски/начальный остаток,1,False,1,105000.000000000,1,5,1230000.000000000,6,0.000298087,11.714285714,False,True,1,1,1,4,105000.000000000,1.000000000,1.000000000,0.909080856,0.455706747,0.450571450,0.200000000,0.000000000,0.461451324
100000002156381100,peripheral,0.200000000,12,0.280872528,Гип. peripheral; d=2; контр. в/из=2/1; KZT в/из=61000/21800; tx=7/3; роль не определена; баланс неизвестен,2,False,2,61000.000000000,7,1,21800.000000000,3,0.001074420,0.357377049,False,False,4,0,5,3,5000.000000000,0.081967213,0.081967213,0.714339203,0.279415313,0.519573706,0.800000000,0.000000000,0.468120879
100000002158488100,peripheral,0.200000000,2,0.173623518,Гип. peripheral; d=1; контр. в/из=1/0; KZT в/из=31723/0; tx=1/0; роль не определена; баланс неизвестен,1,False,1,31723.000000000,1,0,0.000000000,0,0.000290645,0.000000000,False,False,1,1,1,0,0.000000000,0.000000000,1.000000000,0.671952237,0.176291434,0.150190483,0.200000000,0.000000000,0.289372531
100000002170580100,peripheral,0.200000000,8,0.191752741,Гип. peripheral; d=2; контр. в/из=1/0; KZT в/из=150000/0; tx=1/0; роль не определена; баланс неизвестен,2,False,1,150000.000000000,1,0,0.000000000,0,0.000354989,0.000000000,False,False,1,0,1,0,0.000000000,0.000000000,1.000000000,0.772670139,0.176291434,0.150190483,0.200000000,0.000000000,0.319587901
100000002173070100,peripheral,0.200000000,5,0.226971866,Гип. peripheral; d=2; контр. в/из=1/0; KZT в/из=30000/0; tx=1/0; роль не определена; баланс неизвестен,2,False,1,30000.000000000,1,0,0.000000000,0,0.000288972,0.000000000,False,False,4,0,1,0,0.000000000,0.000000000,1.000000000,0.668331948,0.176291434,0.150190483,0.800000000,0.000000000,0.378286444
100000002173161100,consolidator,0.582500000,5,0.525684745,Гип. consolidator; d=1; контр. в/из=3/0; KZT в/из=1427500/0; tx=5/0; seed-вход=1; баланс неизвестен,1,False,3,1427500.000000000,5,0,0.000000000,0,0.000432887,0.000000000,False,False,3,1,3,0,0.000000000,0.000000000,0.609106830,0.918734722,0.352582869,0.388236767,0.600000000,0.850000000,0.664372505
100000002175422100,peripheral,0.200000000,31,0.320666638,Гип. peripheral; d=2; контр. в/из=3/6; KZT в/из=68500/1621188; tx=5/14; роль не определена; выход>1.2 входа: пропуски/начальный остаток,2,False,3,68500.000000000,5,6,1621188.000000000,14,0.000839572,23.666978102,False,True,2,0,3,9,38500.000000000,0.562043796,1.000000000,0.926983337,0.494912626,0.649112469,0.400000000,0.000000000,0.534444397
100000002182176100,peripheral,0.200000000,1,0.177026671,Гип. peripheral; d=1; контр. в/из=1/0; KZT в/из=42465/0; tx=1/0; роль не определена; баланс неизвестен,1,False,1,42465.000000000,1,0,0.000000000,0,0.000291944,0.000000000,False,False,1,1,1,0,0.000000000,0.000000000,1.000000000,0.690858638,0.176291434,0.150190483,0.200000000,0.000000000,0.295044451
100000002184107100,peripheral,0.200000000,34,0.154319878,Гип. peripheral; d=3; контр. в/из=1/0; KZT в/из=6066/0; tx=1/0; роль не определена; баланс неизвестен,3,False,1,6066.000000000,1,0,0.000000000,0,0.000288618,0.000000000,False,False,1,0,1,0,0.000000000,0.000000000,1.000000000,0.564709790,0.176291434,0.150190483,0.200000000,0.000000000,0.257199796
100000002185328100,peripheral,0.200000000,21,0.229434452,Гип. peripheral; d=3; контр. в/из=1/4; KZT в/из=15000/55000; tx=1/4; роль не определена; выход>1.2 входа: пропуски/начальный остаток,3,False,1,15000.000000000,1,4,55000.000000000,4,0.000349793,3.666666667,False,True,1,0,1,4,0.000000000,0.000000000,1.000000000,0.707626773,0.409336034,0.388236767,0.200000000,0.000000000,0.382390754
100000002188586100,peripheral,0.150000000,8,0.185749064,Гип. peripheral; d=4; контр. в/из=1/0; KZT в/из=38310/0; tx=1/0; роль не определена; обрыв d=4; дальнейший выход неизвестен,4,False,1,38310.000000000,1,0,0.000000000,0,0.000298269,,True,False,2,0,1,0,0.000000000,0.000000000,0.000000000,0.684183304,0.176291434,0.150190483,0.400000000,0.000000000,0.323041850
100000002188829100,peripheral,0.200000000,3,0.257198388,Гип. peripheral; d=1; контр. в/из=1/0; KZT в/из=400000/0; tx=1/0; роль не определена; баланс неизвестен,1,False,1,400000.000000000,1,0,0.000000000,0,0.000363484,0.000000000,False,False,4,1,1,0,0.000000000,0.000000000,0.000000000,0.836257067,0.176291434,0.150190483,0.800000000,0.000000000,0.428663979
100000002193259100,peripheral,0.200000000,11,0.277243822,Гип. peripheral; d=2; контр. в/из=2/3; KZT в/из=48000/58000; tx=2/3; роль не определена; выход>1.2 входа: пропуски/начальный остаток,2,False,2,48000.000000000,2,3,58000.000000000,3,0.000883438,1.208333333,False,True,4,0,2,3,0.000000000,0.000000000,1.000000000,0.711069824,0.352582869,0.388236767,0.800000000,0.000000000,0.462073036
100000002194320100,peripheral,0.150000000,16,0.190541536,Гип. peripheral; d=4; контр. в/из=1/0; KZT в/из=275000/0; tx=1/0; роль не определена; обрыв d=4; дальнейший выход неизвестен,4,False,1,275000.000000000,1,0,0.000000000,0,0.000483569,,True,False,1,0,1,0,0.000000000,0.000000000,1.000000000,0.811965750,0.176291434,0.150190483,0.200000000,0.000000000,0.331376584
100000002194329100,peripheral,0.200000000,1,0.188923440,Гип. peripheral; d=3; контр. в/из=1/0; KZT в/из=25170/0; tx=1/0; роль не определена; баланс неизвестен,3,False,1,25170.000000000,1,0,0.000000000,0,0.000285445,0.000000000,False,False,2,0,1,0,0.000000000,0.000000000,1.000000000,0.656951802,0.176291434,0.150190483,0.400000000,0.000000000,0.314872400
100000002199091100,peripheral,0.200000000,2,0.181994324,Гип. peripheral; d=2; контр. в/из=1/0; KZT в/из=65000/0; tx=1/0; роль не определена; баланс неизвестен,2,False,1,65000.000000000,1,0,0.000000000,0,0.000305947,0.000000000,False,False,1,0,1,0,0.000000000,0.000000000,1.000000000,0.718456714,0.176291434,0.150190483,0.200000000,0.000000000,0.303323874
100000002205022100,peripheral,0.200000000,55,0.299238711,Гип. peripheral; d=2; контр. в/из=1/3; KZT в/из=7100/518000; tx=1/3; роль не определена; выход>1.2 входа: пропуски/начальный остаток,2,False,1,7100.000000000,1,3,518000.000000000,3,0.000542351,72.957746479,False,True,4,0,1,3,6000.000000000,0.845070423,1.000000000,0.853016288,0.352582869,0.348731503,0.800000000,0.000000000,0.498731185
100000002208836100,peripheral,0.150000000,6,0.212550437,Гип. peripheral; d=4; контр. в/из=1/0; KZT в/из=90000/0; tx=1/0; роль не определена; обрыв d=4; дальнейший выход неизвестен,4,False,1,90000.000000000,1,0,0.000000000,0,0.000327986,,True,False,3,0,1,0,0.000000000,0.000000000,0.000000000,0.739553583,0.176291434,0.150190483,0.600000000,0.000000000,0.369652934
100000002211413100,peripheral,0.200000000,2,0.175419107,Гип. peripheral; d=1; контр. в/из=1/0; KZT в/из=37000/0; tx=1/0; роль не определена; баланс неизвестен,1,False,1,37000.000000000,1,0,0.000000000,0,0.000291745,0.000000000,False,False,1,1,1,0,0.000000000,0.000000000,0.000000000,0.681927729,0.176291434,0.150190483,0.200000000,0.000000000,0.292365178
100000002212494100,peripheral,0.200000000,31,0.192505862,Гип. peripheral; d=3; контр. в/из=1/0; KZT в/из=160000/0; tx=1/0; роль не определена; баланс неизвестен,3,False,1,160000.000000000,1,0,0.000000000,0,0.000354468,0.000000000,False,False,1,0,1,0,0.000000000,0.000000000,1.000000000,0.776854147,0.176291434,0.150190483,0.200000000,0.000000000,0.320843104
100000002214207100,peripheral,0.150000000,36,0.178888063,Гип. peripheral; d=4; контр. в/из=1/0; KZT в/из=97000/0; tx=1/0; роль не определена; обрыв d=4; дальнейший выход неизвестен,4,False,1,97000.000000000,1,0,0.000000000,0,0.000686018,,True,False,1,0,1,0,0.000000000,0.000000000,1.000000000,0.744409386,0.176291434,0.150190483,0.200000000,0.000000000,0.311109675
100000002214301100,peripheral,0.200000000,1,0.176957746,Гип. peripheral; d=1; контр. в/из=1/1; KZT в/из=21438/8000; tx=1/1; роль не определена; баланс неизвестен,1,False,1,21438.000000000,1,1,8000.000000000,1,0.000288029,0.373169139,False,False,1,1,1,1,0.000000000,0.000000000,1.000000000,0.646547822,0.176291434,0.238046284,0.200000000,0.000000000,0.294929576
100000002214383100,peripheral,0.150000000,2,0.187684481,Гип. peripheral; d=4; контр. в/из=1/0; KZT в/из=213000/0; tx=1/0; роль не определена; обрыв d=4; дальнейший выход неизвестен,4,False,1,213000.000000000,1,0,0.000000000,0,0.000527734,,True,False,1,0,1,0,0.000000000,0.000000000,1.000000000,0.795403110,0.176291434,0.150190483,0.200000000,0.000000000,0.326407792
100000002214570100,peripheral,0.200000000,2,0.171511520,Гип. peripheral; d=1; контр. в/из=1/0; KZT в/из=26471/0; tx=1/0; роль не определена; баланс неизвестен,1,False,1,26471.000000000,1,0,0.000000000,0,0.000289551,0.000000000,False,False,1,1,1,0,0.000000000,0.000000000,1.000000000,0.660218913,0.176291434,0.150190483,0.200000000,0.000000000,0.285852533
100000002214664100,peripheral,0.200000000,2,0.197480869,Гип. peripheral; d=3; контр. в/из=1/1; KZT в/из=7950/76950; tx=1/2; роль не определена; выход>1.2 входа: пропуски/начальный остаток,3,False,1,7950.000000000,1,1,76950.000000000,2,0.000285269,9.679245283,False,True,1,0,1,1,0.000000000,0.000000000,0.000000000,0.729397833,0.176291434,0.300380966,0.200000000,0.000000000,0.329134782
100000002216999100,peripheral,0.200000000,2,0.170209900,Гип. peripheral; d=3; контр. в/из=1/0; KZT в/из=23677/0; tx=1/0; роль не определена; баланс неизвестен,3,False,1,23677.000000000,1,0,0.000000000,0,0.000287706,0.000000000,False,False,1,0,1,0,0.000000000,0.000000000,1.000000000,0.652987692,0.176291434,0.150190483,0.200000000,0.000000000,0.283683167
100000002217161100,peripheral,0.200000000,34,0.329960049,Гип. peripheral; d=2; контр. в/из=2/7; KZT в/из=404750/995132; tx=15/19; роль не определена; выход>1.2 входа: пропуски/начальный остаток,2,False,2,404750.000000000,15,7,995132.000000000,19,0.000884121,2.458633725,False,True,2,0,13,12,188000.000000000,0.464484250,0.795182211,0.895343769,0.528874303,0.770369495,0.400000000,0.000000000,0.549933415
100000002217806100,peripheral,0.150000000,37,0.180120625,Гип. peripheral; d=4; контр. в/из=1/0; KZT в/из=55000/0; tx=2/0; роль не определена; обрыв d=4; дальнейший выход неизвестен,4,False,1,55000.000000000,2,0,0.000000000,0,0.000460932,,True,False,1,0,2,0,0.000000000,0.000000000,1.000000000,0.707626773,0.176291434,0.238046284,0.200000000,0.000000000,0.313253261
100000002224132100,peripheral,0.200000000,23,0.340567428,Гип. peripheral; d=2; контр. в/из=5/4; KZT в/из=3951020/12115000; tx=10/25; роль не определена; выход>1.2 входа: пропуски/начальный остаток,2,False,5,3951020.000000000,10,4,12115000.000000000,25,0.006338447,3.066296804,False,True,2,0,9,10,685000.000000000,0.173372952,0.485506274,1.000000000,0.455706747,0.776473534,0.400000000,0.000000000,0.567612380
100000002227960100,peripheral,0.150000000,21,0.153479470,Гип. peripheral; d=4; контр. в/из=1/0; KZT в/из=10000/0; tx=1/0; роль не определена; обрыв d=4; дальнейший выход неизвестен,4,False,1,10000.000000000,1,0,0.000000000,0,0.000297795,,True,False,1,0,1,0,0.000000000,0.000000000,1.000000000,0.597113194,0.176291434,0.150190483,0.200000000,0.000000000,0.266920818
100000002227989100,peripheral,0.150000000,21,0.161230502,Гип. peripheral; d=4; контр. в/из=1/0; KZT в/из=20000/0; tx=1/0; роль не определена; обрыв d=4; дальнейший выход неизвестен,4,False,1,20000.000000000,1,0,0.000000000,0,0.000392155,,True,False,1,0,1,0,0.000000000,0.000000000,1.000000000,0.642046710,0.176291434,0.150190483,0.200000000,0.000000000,0.280400872
100000002229615100,peripheral,0.150000000,21,0.180975845,Гип. peripheral; d=4; контр. в/из=1/0; KZT в/из=25000/0; tx=1/0; роль не определена; обрыв d=4; дальнейший выход неизвестен,4,False,1,25000.000000000,1,0,0.000000000,0,0.000713773,,True,False,2,0,1,0,0.000000000,0.000000000,1.000000000,0.656512467,0.176291434,0.150190483,0.400000000,0.000000000,0.314740599
100000002231144100,peripheral,0.150000000,21,0.158013487,Гип. peripheral; d=4; контр. в/из=1/0; KZT в/из=15000/0; tx=1/0; роль не определена; обрыв d=4; дальнейший выход неизвестен,4,False,1,15000.000000000,1,0,0.000000000,0,0.000365126,,True,False,1,0,1,0,0.000000000,0.000000000,0.000000000,0.623397351,0.176291434,0.150190483,0.200000000,0.000000000,0.274806065
100000002232266100,peripheral,0.200000000,4,0.177703274,Гип. peripheral; d=3; контр. в/из=1/0; KZT в/из=45000/0; tx=1/0; роль не определена; баланс неизвестен,3,False,1,45000.000000000,1,0,0.000000000,0,0.000293121,0.000000000,False,False,1,0,1,0,0.000000000,0.000000000,1.000000000,0.694617546,0.176291434,0.150190483,0.200000000,0.000000000,0.296172123
100000002236528100,peripheral,0.200000000,7,0.182172484,Гип. peripheral; d=3; контр. в/из=1/0; KZT в/из=66000/0; tx=1/0; роль не определена; баланс неизвестен,3,False,1,66000.000000000,1,0,0.000000000,0,0.000305551,0.000000000,False,False,1,0,1,0,0.000000000,0.000000000,1.000000000,0.719446490,0.176291434,0.150190483,0.200000000,0.000000000,0.303620806
100000002241986100,peripheral,0.200000000,38,0.339188783,Гип. peripheral; d=3; контр. в/из=1/6; KZT в/из=280000/3077000; tx=1/12; роль не определена; выход>1.2 входа: пропуски/начальный остаток,3,False,1,280000.000000000,1,6,3077000.000000000,12,0.000293037,10.989285714,False,True,3,0,1,11,0.000000000,0.000000000,0.000000000,0.968526139,0.494912626,0.571828476,0.600000000,0.000000000,0.565314638
100000002242066100,peripheral,0.150000000,34,0.173516109,Гип. peripheral; d=4; контр. в/из=1/0; KZT в/из=60000/0; tx=1/0; роль не определена; обрыв d=4; дальнейший выход неизвестен,4,False,1,60000.000000000,1,0,0.000000000,0,0.000530604,,True,False,1,0,1,0,0.000000000,0.000000000,1.000000000,0.713267625,0.176291434,0.150190483,0.200000000,0.000000000,0.301767147
100000002242455100,peripheral,0.150000000,6,0.214794551,Гип. peripheral; d=4; контр. в/из=1/0; KZT в/из=110000/0; tx=1/0; роль не определена; обрыв d=4; дальнейший выход неизвестен,4,False,1,110000.000000000,1,0,0.000000000,0,0.000529021,,True,False,3,0,1,0,0.000000000,0.000000000,1.000000000,0.752562941,0.176291434,0.150190483,0.600000000,0.000000000,0.373555742
100000002243354100,peripheral,0.200000000,2,0.168742419,Гип. peripheral; d=1; контр. в/из=1/0; KZT в/из=20879/0; tx=1/0; роль не определена; баланс неизвестен,1,False,1,20879.000000000,1,0,0.000000000,0,0.000288387,0.000000000,False,False,1,1,1,0,0.000000000,0.000000000,1.000000000,0.644835017,0.176291434,0.150190483,0.200000000,0.000000000,0.281237365
100000002255058100,peripheral,0.200000000,3,0.213509272,Гип. peripheral; d=3; контр. в/из=1/0; KZT в/из=491500/0; tx=2/0; роль не определена; баланс неизвестен,3,False,1,491500.000000000,2,0,0.000000000,0,0.000423612,0.000000000,False,False,1,0,2,0,0.000000000,0.000000000,1.000000000,0.849611855,0.176291434,0.238046284,0.200000000,0.000000000,0.355848786
100000002257794100,peripheral,0.200000000,24,0.192059846,Гип. peripheral; d=3; контр. в/из=1/0; KZT в/из=154000/0; tx=1/0; роль не определена; баланс неизвестен,3,False,1,154000.000000000,1,0,0.000000000,0,0.000854506,0.000000000,False,False,1,0,1,0,0.000000000,0.000000000,1.000000000,0.774376280,0.176291434,0.150190483,0.200000000,0.000000000,0.320099743
100000002258492100,peripheral,0.150000000,20,0.152301329,Гип. peripheral; d=4; контр. в/из=1/0; KZT в/из=9000/0; tx=1/0; роль не определена; обрыв d=4; дальнейший выход неизвестен,4,False,1,9000.000000000,1,0,0.000000000,0,0.000536914,,True,False,1,0,1,0,0.000000000,0.000000000,1.000000000,0.590283388,0.176291434,0.150190483,0.200000000,0.000000000,0.264871876
100000002267998100,peripheral,0.200000000,22,0.296049855,Гип. peripheral; d=2; контр. в/из=2/3; KZT в/из=420000/1115000; tx=4/12; роль не определена; выход>1.2 входа: пропуски/начальный остаток,2,False,2,420000.000000000,4,3,1115000.000000000,12,0.001590318,2.654761905,False,True,2,0,4,9,250000.000000000,0.595238095,1.000000000,0.902717160,0.352582869,0.613898019,0.400000000,0.000000000,0.493416425
100000002284426100,peripheral,0.200000000,6,0.229698783,Гип. peripheral; d=3; контр. в/из=1/0; KZT в/из=90000/0; tx=2/0; роль не определена; баланс неизвестен,3,False,1,90000.000000000,2,0,0.000000000,0,0.000286930,0.000000000,False,False,3,0,2,0,0.000000000,0.000000000,1.000000000,0.739553583,0.176291434,0.238046284,0.600000000,0.000000000,0.382831304
100000002289937100,peripheral,0.200000000,2,0.168240523,Гип. peripheral; d=1; контр. в/из=1/0; KZT в/из=20000/0; tx=1/0; роль не определена; баланс неизвестен,1,False,1,20000.000000000,1,0,0.000000000,0,0.000288203,0.000000000,False,False,1,1,1,0,0.000000000,0.000000000,1.000000000,0.642046710,0.176291434,0.150190483,0.200000000,0.000000000,0.280400872
100000002293421100,peripheral,0.200000000,1,0.225526883,Гип. peripheral; d=2; контр. в/из=2/2; KZT в/из=41000/47000; tx=6/5; роль не определена; баланс неизвестен,2,False,2,41000.000000000,6,2,47000.000000000,5,0.000966991,1.146341463,False,False,1,0,5,5,10000.000000000,0.243902439,0.878048780,0.697436626,0.279415313,0.538427250,0.200000000,0.000000000,0.375878138
100000002299948100,peripheral,0.200000000,32,0.155566478,Гип. peripheral; d=2; контр. в/из=1/0; KZT в/из=6750/0; tx=1/0; роль не определена; баланс неизвестен,2,False,1,6750.000000000,1,0,0.000000000,0,0.000291432,0.000000000,False,False,1,0,1,0,0.000000000,0.000000000,1.000000000,0.571635349,0.176291434,0.150190483,0.200000000,0.000000000,0.259277464
100000002301828100,peripheral,0.200000000,17,0.178204996,Гип. peripheral; d=3; контр. в/из=1/0; KZT в/из=46977/0; tx=1/0; роль не определена; баланс неизвестен,3,False,1,46977.000000000,1,0,0.000000000,0,0.000291377,0.000000000,False,False,1,0,1,0,0.000000000,0.000000000,1.000000000,0.697404894,0.176291434,0.150190483,0.200000000,0.000000000,0.297008327
100000002304943100,peripheral,0.150000000,21,0.158013487,Гип. peripheral; d=4; контр. в/из=1/0; KZT в/из=15000/0; tx=1/0; роль не определена; обрыв d=4; дальнейший выход неизвестен,4,False,1,15000.000000000,1,0,0.000000000,0,0.000304673,,True,False,1,0,1,0,0.000000000,0.000000000,1.000000000,0.623397351,0.176291434,0.150190483,0.200000000,0.000000000,0.274806065
100000002305007100,peripheral,0.200000000,2,0.180255196,Гип. peripheral; d=3; контр. в/из=1/0; KZT в/из=56000/0; tx=1/0; роль не определена; баланс неизвестен,3,False,1,56000.000000000,1,0,0.000000000,0,0.000292714,0.000000000,False,False,1,0,1,0,0.000000000,0.000000000,1.000000000,0.708794892,0.176291434,0.150190483,0.200000000,0.000000000,0.300425327
100000002305477100,peripheral,0.150000000,21,0.161230502,Гип. peripheral; d=4; контр. в/из=1/0; KZT в/из=20000/0; tx=1/0; роль не определена; обрыв d=4; дальнейший выход неизвестен,4,False,1,20000.000000000,1,0,0.000000000,0,0.000311552,,True,False,1,0,1,0,0.000000000,0.000000000,1.000000000,0.642046710,0.176291434,0.150190483,0.200000000,0.000000000,0.280400872
100000002306369100,peripheral,0.200000000,3,0.269690780,Гип. peripheral; d=1; контр. в/из=1/6; KZT в/из=73166/260900; tx=1/9; роль не определена; выход>1.2 входа: пропуски/начальный остаток,1,False,1,73166.000000000,1,6,260900.000000000,9,0.000297660,3.565863926,False,True,1,1,1,4,0.000000000,0.000000000,1.000000000,0.808553504,0.494912626,0.519573706,0.200000000,0.000000000,0.449484633
100000002308091100,peripheral,0.200000000,14,0.194308032,Гип. peripheral; d=3; контр. в/из=1/0; KZT в/из=186720/0; tx=1/0; роль не определена; баланс неизвестен,3,False,1,186720.000000000,1,0,0.000000000,0,0.000557718,0.000000000,False,False,1,0,1,0,0.000000000,0.000000000,1.000000000,0.786866204,0.176291434,0.150190483,0.200000000,0.000000000,0.323846720
100000002320495100,peripheral,0.150000000,17,0.156857043,Гип. peripheral; d=4; контр. в/из=1/0; KZT в/из=13526.27/0; tx=1/0; роль не определена; обрыв d=4; дальнейший выход неизвестен,4,False,1,13526.270000000,1,0,0.000000000,0,0.000532243,,True,False,1,0,1,0,0.000000000,0.000000000,1.000000000,0.616693328,0.176291434,0.150190483,0.200000000,0.000000000,0.272794858
100000002324543100,peripheral,0.200000000,9,0.173050174,Гип. peripheral; d=1; контр. в/из=1/0; KZT в/из=30202/0; tx=1/0; роль не определена; баланс неизвестен,1,False,1,30202.000000000,1,0,0.000000000,0,0.000287260,0.000000000,False,False,1,1,1,0,0.000000000,0.000000000,1.000000000,0.668766993,0.176291434,0.150190483,0.200000000,0.000000000,0.288416957
100000002335358100,peripheral,0.200000000,5,0.198854662,Гип. peripheral; d=2; контр. в/из=1/0; KZT в/из=140000/0; tx=2/0; роль не определена; баланс неизвестен,2,False,1,140000.000000000,2,0,0.000000000,0,0.000608516,0.000000000,False,False,1,0,2,0,0.000000000,0.000000000,1.000000000,0.768197360,0.176291434,0.238046284,0.200000000,0.000000000,0.331424437
100000002340562100,peripheral,0.200000000,7,0.183215220,Гип. peripheral; d=2; контр. в/из=1/0; KZT в/из=36650/0; tx=2/0; роль не определена; баланс неизвестен,2,False,1,36650.000000000,2,0,0.000000000,0,0.000527722,0.000000000,False,False,1,0,2,0,0.000000000,0.000000000,1.000000000,0.681311570,0.176291434,0.238046284,0.200000000,0.000000000,0.305358700
100000002343825100,peripheral,0.200000000,10,0.283225408,Гип. peripheral; d=3; контр. в/из=3/2; KZT в/из=350000/89800; tx=4/2; роль не определена; баланс неизвестен,3,False,3,350000.000000000,4,2,89800.000000000,2,0.000331828,0.256571429,False,False,3,0,2,2,0.000000000,0.000000000,1.000000000,0.827600244,0.352582869,0.421637992,0.600000000,0.000000000,0.472042346
100000002346166100,peripheral,0.200000000,2,0.154192236,Гип. peripheral; d=3; контр. в/из=1/0; KZT в/из=6000/0; tx=1/0; роль не определена; баланс неизвестен,3,False,1,6000.000000000,1,0,0.000000000,0,0.000284967,0.000000000,False,False,1,0,1,0,0.000000000,0.000000000,1.000000000,0.564000671,0.176291434,0.150190483,0.200000000,0.000000000,0.256987061
100000002356167100,peripheral,0.200000000,6,0.266084875,Гип. peripheral; d=3; контр. в/из=1/2; KZT в/из=300000/29500; tx=1/3; роль не определена; баланс неизвестен,3,False,1,300000.000000000,1,2,29500.000000000,3,0.000293679,0.098333333,False,False,3,0,1,3,0.000000000,0.000000000,1.000000000,0.817606681,0.279415313,0.348731503,0.600000000,0.000000000,0.443474792
100000002369443100,peripheral,0.200000000,2,0.178932743,Гип. peripheral; d=3; контр. в/из=1/0; KZT в/из=50000/0; tx=1/0; роль не определена; баланс неизвестен,3,False,1,50000.000000000,1,0,0.000000000,0,0.000291784,0.000000000,False,False,1,0,1,0,0.000000000,0.000000000,0.000000000,0.701447928,0.176291434,0.150190483,0.200000000,0.000000000,0.298221238
100000002369454100,peripheral,0.150000000,4,0.163725845,Гип. peripheral; d=4; контр. в/из=1/0; KZT в/из=25000/0; tx=1/0; роль не определена; обрыв d=4; дальнейший выход неизвестен,4,False,1,25000.000000000,1,0,0.000000000,0,0.000426348,,True,False,1,0,1,0,0.000000000,0.000000000,1.000000000,0.656512467,0.176291434,0.150190483,0.200000000,0.000000000,0.284740599
100000002369510100,peripheral,0.200000000,2,0.175466318,Гип. peripheral; d=3; контр. в/из=1/0; KZT в/из=37150/0; tx=1/0; роль не определена; баланс неизвестен,3,False,1,37150.000000000,1,0,0.000000000,0,0.000289793,0.000000000,False,False,1,0,1,0,0.000000000,0.000000000,0.000000000,0.682190015,0.176291434,0.150190483,0.200000000,0.000000000,0.292443864
100000002369874100,peripheral,0.200000000,9,0.307763959,Гип. peripheral; d=3; контр. в/из=4/0; KZT в/из=600000/0; tx=4/0; роль не определена; баланс неизвестен,3,False,4,600000.000000000,4,0,0.000000000,0,0.000335531,0.000000000,False,False,4,0,1,0,0.000000000,0.000000000,0.000000000,0.862543331,0.409336034,0.348731503,0.800000000,0.000000000,0.512939931
100000002371751100,peripheral,0.200000000,61,0.222144017,Гип. peripheral; d=1; контр. в/из=1/1; KZT в/из=200000/250000; tx=5/1; роль не определена; выход>1.2 входа: пропуски/начальный остаток,1,False,1,200000.000000000,5,1,250000.000000000,1,0.000525469,1.250000000,False,True,1,1,3,1,170000.000000000,0.850000000,1.000000000,0.805786811,0.176291434,0.421637992,0.200000000,0.000000000,0.370240029
100000002371892100,peripheral,0.150000000,51,0.170004368,Гип. peripheral; d=4; контр. в/из=1/0; KZT в/из=43830/0; tx=1/0; роль не определена; обрыв d=4; дальнейший выход неизвестен,4,False,1,43830.000000000,1,0,0.000000000,0,0.000304859,,True,False,1,0,1,0,0.000000000,0.000000000,1.000000000,0.692909703,0.176291434,0.150190483,0.200000000,0.000000000,0.295659770
100000002373144100,peripheral,0.200000000,1,0.185984892,Гип. peripheral; d=3; контр. в/из=1/1; KZT в/из=46468/10764; tx=1/1; роль не определена; баланс неизвестен,3,False,1,46468.000000000,1,1,10764.000000000,1,0.000288127,0.231643281,False,False,1,0,1,1,0.000000000,0.000000000,1.000000000,0.696698636,0.176291434,0.238046284,0.200000000,0.000000000,0.309974820
100000002373386100,peripheral,0.200000000,2,0.170368011,Гип. peripheral; d=3; контр. в/из=1/0; KZT в/из=24000/0; tx=1/0; роль не определена; баланс неизвестен,3,False,1,24000.000000000,1,0,0.000000000,0,0.000287756,0.000000000,False,False,1,0,1,0,0.000000000,0.000000000,0.000000000,0.653866083,0.176291434,0.150190483,0.200000000,0.000000000,0.283946684
100000002380341100,peripheral,0.200000000,1,0.180577119,Гип. peripheral; d=3; контр. в/из=1/0; KZT в/из=57566.4/0; tx=1/0; роль не определена; баланс неизвестен,3,False,1,57566.400000000,1,0,0.000000000,0,0.000307431,0.000000000,False,False,1,0,1,0,0.000000000,0.000000000,1.000000000,0.710583351,0.176291434,0.150190483,0.200000000,0.000000000,0.300961865
100000002391278100,peripheral,0.200000000,27,0.206580740,Гип. peripheral; d=3; контр. в/из=1/1; KZT в/из=30000/52700; tx=5/2; роль не определена; выход>1.2 входа: пропуски/начальный остаток,3,False,1,30000.000000000,5,1,52700.000000000,2,0.000396327,1.756666667,False,True,1,0,4,2,20000.000000000,0.666666667,0.833333333,0.704857432,0.176291434,0.450571450,0.200000000,0.000000000,0.344301234
100000002394199100,peripheral,0.200000000,7,0.216795958,Гип. peripheral; d=3; контр. в/из=1/1; KZT в/из=277398/76777; tx=3/1; роль не определена; баланс неизвестен,3,False,1,277398.000000000,3,1,76777.000000000,1,0.003160098,0.276775608,False,False,1,0,3,1,0.000000000,0.000000000,1.000000000,0.812528615,0.176291434,0.348731503,0.200000000,0.000000000,0.361326597
100000002398779100,consolidator,0.800000000,1,0.753623142,Гип. consolidator; d=2; контр. в/из=13/1; KZT в/из=1095690/66000; tx=28/3; seed-вход=0; баланс неизвестен,2,False,13,1095690.000000000,28,1,66000.000000000,3,0.001589678,0.060236016,False,False,5,0,5,3,66000.000000000,0.060236016,1.000000000,0.901584574,0.671204060,0.750952416,1.000000000,0.850000000,0.837359047
100000002404112100,peripheral,0.150000000,26,0.173516109,Гип. peripheral; d=4; контр. в/из=1/0; KZT в/из=60000/0; tx=1/0; роль не определена; обрыв d=4; дальнейший выход неизвестен,4,False,1,60000.000000000,1,0,0.000000000,0,0.000328164,,True,False,1,0,1,0,0.000000000,0.000000000,0.000000000,0.713267625,0.176291434,0.150190483,0.200000000,0.000000000,0.301767147
100000002432143100,peripheral,0.200000000,3,0.220606855,Гип. peripheral; d=2; контр. в/из=1/0; KZT в/из=81310/0; tx=1/0; роль не определена; баланс неизвестен,2,False,1,81310.000000000,1,0,0.000000000,0,0.000333346,0.000000000,False,False,3,0,1,0,0.000000000,0.000000000,1.000000000,0.732970775,0.176291434,0.150190483,0.600000000,0.000000000,0.367678092
100000002433697100,peripheral,0.200000000,6,0.233989873,Гип. peripheral; d=3; контр. в/из=1/1; KZT в/из=130000/110000; tx=1/1; роль не определена; баланс неизвестен,3,False,1,130000.000000000,1,1,110000.000000000,1,0.000288216,0.846153846,False,False,3,0,1,1,0.000000000,0.000000000,1.000000000,0.763392973,0.176291434,0.238046284,0.600000000,0.000000000,0.389983121
100000002435265100,terminal,0.480000000,1,0.340194701,Гип. terminal; d=3; контр. в/из=1/0; KZT в/из=132628/0; tx=3/0; out/in=0.000; до24.07=100%; остаток неизвестен; гипотеза в окне,3,False,1,132628.000000000,3,0,0.000000000,0,0.000291455,0.000000000,False,False,2,0,3,0,0.000000000,0.000000000,1.000000000,0.764690456,0.176291434,0.300380966,0.400000000,0.450000000,0.459722569
100000002443664100,peripheral,0.200000000,14,0.295731729,Гип. peripheral; d=2; контр. в/из=3/0; KZT в/из=556880/0; tx=3/0; роль не определена; баланс неизвестен,2,False,3,556880.000000000,3,0,0.000000000,0,0.000336889,0.000000000,False,False,4,0,1,0,0.000000000,0.000000000,0.000000000,0.857708323,0.352582869,0.300380966,0.800000000,0.000000000,0.492886216
100000002445750100,peripheral,0.200000000,1,0.208766129,Гип. peripheral; d=2; контр. в/из=1/1; KZT в/из=70000/10000; tx=1/1; роль не определена; баланс неизвестен,2,False,1,70000.000000000,1,1,10000.000000000,1,0.000534092,0.142857143,False,False,2,0,1,1,0.000000000,0.000000000,1.000000000,0.723261065,0.176291434,0.238046284,0.400000000,0.000000000,0.347943549
100000002448088100,peripheral,0.200000000,21,0.227868024,Гип. peripheral; d=3; контр. в/из=3/1; KZT в/из=20000/25000; tx=3/1; роль не определена; выход>1.2 входа: пропуски/начальный остаток,3,False,3,20000.000000000,3,1,25000.000000000,1,0.000505571,1.250000000,False,True,2,0,2,1,0.000000000,0.000000000,1.000000000,0.656512467,0.352582869,0.348731503,0.400000000,0.000000000,0.379780039
100000002454724100,terminal,0.480000000,30,0.361542189,Гип. terminal; d=2; контр. в/из=1/0; KZT в/из=125000/0; tx=3/0; out/in=0.000; до24.07=100%; остаток неизвестен; гипотеза в окне,2,False,1,125000.000000000,3,0,0.000000000,0,0.000299511,0.000000000,False,False,3,0,3,0,0.000000000,0.000000000,1.000000000,0.760850313,0.176291434,0.300380966,0.600000000,0.450000000,0.488570526
100000002457464100,peripheral,0.200000000,3,0.200286320,Гип. peripheral; d=2; контр. в/из=1/0; KZT в/из=66647/0; tx=1/0; роль не определена; баланс неизвестен,2,False,1,66647.000000000,1,0,0.000000000,0,0.000320396,0.000000000,False,False,2,0,1,0,0.000000000,0.000000000,0.000000000,0.720078916,0.176291434,0.150190483,0.400000000,0.000000000,0.333810534
100000002459093100,peripheral,0.200000000,27,0.227226500,Гип. peripheral; d=2; контр. в/из=1/1; KZT в/из=500000/55000; tx=2/3; роль не определена; баланс неизвестен,2,False,1,500000.000000000,2,1,55000.000000000,3,0.000387035,0.110000000,False,False,1,0,2,2,0.000000000,0.000000000,1.000000000,0.850723439,0.176291434,0.388236767,0.200000000,0.000000000,0.378710834
100000002459163100,peripheral,0.200000000,56,0.168345073,Гип. peripheral; d=2; контр. в/из=1/0; KZT в/из=20180/0; tx=1/0; роль не определена; баланс неизвестен,2,False,1,20180.000000000,1,0,0.000000000,0,0.000362649,0.000000000,False,False,1,0,1,0,0.000000000,0.000000000,1.000000000,0.642627542,0.176291434,0.150190483,0.200000000,0.000000000,0.280575122
100000002459164100,peripheral,0.200000000,1,0.168240523,Гип. peripheral; d=3; контр. в/из=1/0; KZT в/из=20000/0; tx=1/0; роль не определена; баланс неизвестен,3,False,1,20000.000000000,1,0,0.000000000,0,0.000538602,0.000000000,False,False,1,0,1,0,0.000000000,0.000000000,0.000000000,0.642046710,0.176291434,0.150190483,0.200000000,0.000000000,0.280400872
100000002459240100,peripheral,0.200000000,6,0.227752741,Гип. peripheral; d=3; контр. в/из=1/0; KZT в/из=150000/0; tx=1/0; роль не определена; баланс неизвестен,3,False,1,150000.000000000,1,0,0.000000000,0,0.000288858,0.000000000,False,False,3,0,1,0,0.000000000,0.000000000,1.000000000,0.772670139,0.176291434,0.150190483,0.600000000,0.000000000,0.379587901
100000002459832100,peripheral,0.200000000,4,0.250689122,Гип. peripheral; d=3; контр. в/из=2/0; KZT в/из=880606/0; tx=2/0; роль не определена; баланс неизвестен,3,False,2,880606.000000000,2,0,0.000000000,0,0.000390855,0.000000000,False,False,2,0,2,0,0.000000000,0.000000000,1.000000000,0.887417327,0.279415313,0.238046284,0.400000000,0.000000000,0.417815203
100000002462183100,terminal,0.480000000,44,0.314971524,Гип. terminal; d=1; контр. в/из=1/0; KZT в/из=107500/0; tx=3/0; out/in=0.000; до24.07=100%; остаток неизвестен; гипотеза в окне,1,False,1,107500.000000000,3,0,0.000000000,0,0.000378112,0.000000000,False,False,1,1,3,0,0.000000000,0.000000000,1.000000000,0.751072543,0.176291434,0.300380966,0.200000000,0.450000000,0.425637195
100000002469065100,peripheral,0.200000000,5,0.249109800,Гип. peripheral; d=2; контр. в/из=1/0; KZT в/из=200000/0; tx=1/0; роль не определена; баланс неизвестен,2,False,1,200000.000000000,1,0,0.000000000,0,0.000316938,0.000000000,False,False,4,0,1,0,0.000000000,0.000000000,1.000000000,0.791320471,0.176291434,0.150190483,0.800000000,0.000000000,0.415183001
100000002472632100,terminal,0.480000000,25,0.357792184,Гип. terminal; d=3; контр. в/из=2/1; KZT в/из=502400/20000; tx=3/1; out/in=0.040; до24.07=100%; остаток неизвестен; гипотеза в окне,3,False,2,502400.000000000,3,1,20000.000000000,1,0.000978856,0.039808917,False,False,1,0,2,1,0.000000000,0.000000000,1.000000000,0.851033878,0.279415313,0.348731503,0.200000000,0.450000000,0.483502951
100000002474570100,peripheral,0.150000000,8,0.149084542,Гип. peripheral; d=4; контр. в/из=1/0; KZT в/из=6750/0; tx=1/0; роль не определена; обрыв d=4; дальнейший выход неизвестен,4,False,1,6750.000000000,1,0,0.000000000,0,0.000287626,,True,False,1,0,1,0,0.000000000,0.000000000,1.000000000,0.571635349,0.176291434,0.150190483,0.200000000,0.000000000,0.259277464
100000002475601100,peripheral,0.200000000,4,0.196856896,Гип. peripheral; d=3; контр. в/из=1/0; KZT в/из=232301/0; tx=1/0; роль не определена; баланс неизвестен,3,False,1,232301.000000000,1,0,0.000000000,0,0.000300467,0.000000000,False,False,1,0,1,0,0.000000000,0.000000000,1.000000000,0.801026557,0.176291434,0.150190483,0.200000000,0.000000000,0.328094827
100000002478829100,peripheral,0.150000000,21,0.184414383,Гип. peripheral; d=4; контр. в/из=1/0; KZT в/из=34000/0; tx=1/0; роль не определена; обрыв d=4; дальнейший выход неизвестен,4,False,1,34000.000000000,1,0,0.000000000,0,0.000385073,,True,False,2,0,1,0,0.000000000,0.000000000,1.000000000,0.676446025,0.176291434,0.150190483,0.400000000,0.000000000,0.320720667
100000002479804100,peripheral,0.200000000,3,0.203851758,Гип. peripheral; d=1; контр. в/из=1/2; KZT в/из=46000/35300; tx=1/2; роль не определена; баланс неизвестен,1,False,1,46000.000000000,1,2,35300.000000000,2,0.000295360,0.767391304,False,False,1,1,1,2,23000.000000000,0.500000000,1.000000000,0.696042408,0.279415313,0.300380966,0.200000000,0.000000000,0.339752930
100000002480800100,peripheral,0.200000000,3,0.281597897,Гип. peripheral; d=1; контр. в/из=2/0; KZT в/из=569251/0; tx=2/0; роль не определена; баланс неизвестен,1,False,2,569251.000000000,2,0,0.000000000,0,0.000636975,0.000000000,False,False,4,1,1,0,0.000000000,0.000000000,1.000000000,0.859132745,0.279415313,0.238046284,0.800000000,0.000000000,0.469329829
100000002481735100,peripheral,0.200000000,5,0.177488700,Гип. peripheral; d=2; контр. в/из=1/0; KZT в/из=22436/0; tx=2/0; роль не определена; баланс неизвестен,2,False,1,22436.000000000,2,0,0.000000000,0,0.000360656,0.000000000,False,False,1,0,2,0,0.000000000,0.000000000,0.668568372,0.649497569,0.176291434,0.238046284,0.200000000,0.000000000,0.295814500
100000002481974100,peripheral,0.200000000,4,0.255326421,Гип. peripheral; d=3; контр. в/из=2/2; KZT в/из=89447/318000; tx=2/4; роль не определена; выход>1.2 входа: пропуски/начальный остаток,3,False,2,89447.000000000,2,2,318000.000000000,4,0.000329812,3.555177927,False,True,2,0,2,3,59000.000000000,0.659608483,1.000000000,0.821384244,0.279415313,0.421637992,0.400000000,0.000000000,0.425544035
100000002487222100,peripheral,0.150000000,6,0.220128000,Гип. peripheral; d=4; контр. в/из=1/0; KZT в/из=90000/0; tx=2/0; роль не определена; обрыв d=4; дальнейший выход неизвестен,4,False,1,90000.000000000,2,0,0.000000000,0,0.000308729,,True,False,3,0,2,0,0.000000000,0.000000000,1.000000000,0.739553583,0.176291434,0.238046284,0.600000000,0.000000000,0.382831304
100000002488629100,peripheral,0.200000000,7,0.183356788,Гип. peripheral; d=2; контр. в/из=1/0; KZT в/из=73050/0; tx=1/0; роль не определена; баланс неизвестен,2,False,1,73050.000000000,1,0,0.000000000,0,0.000297789,0.000000000,False,False,1,0,1,0,0.000000000,0.000000000,0.000000000,0.726025956,0.176291434,0.150190483,0.200000000,0.000000000,0.305594646
100000002489253100,peripheral,0.200000000,5,0.179163823,Гип. peripheral; d=2; контр. в/из=1/0; KZT в/из=51000/0; tx=1/0; роль не определена; баланс неизвестен,2,False,1,51000.000000000,1,0,0.000000000,0,0.000300185,0.000000000,False,False,1,0,1,0,0.000000000,0.000000000,1.000000000,0.702731708,0.176291434,0.150190483,0.200000000,0.000000000,0.298606372
100000002492277100,peripheral,0.200000000,3,0.208821937,Гип. peripheral; d=2; контр. в/из=1/0; KZT в/из=138500/0; tx=1/0; роль не определена; баланс неизвестен,2,False,1,138500.000000000,1,0,0.000000000,0,0.000305724,0.000000000,False,False,2,0,1,0,0.000000000,0.000000000,0.000000000,0.767499009,0.176291434,0.150190483,0.400000000,0.000000000,0.348036562
100000002505277100,peripheral,0.150000000,1,0.190766109,Гип. peripheral; d=4; контр. в/из=1/0; KZT в/из=60000/0; tx=1/0; роль не определена; обрыв d=4; дальнейший выход неизвестен,4,False,1,60000.000000000,1,0,0.000000000,0,0.000405324,,True,False,2,0,1,0,0.000000000,0.000000000,1.000000000,0.713267625,0.176291434,0.150190483,0.400000000,0.000000000,0.331767147
100000002506987100,peripheral,0.150000000,8,0.182322765,Гип. peripheral; d=4; контр. в/из=1/0; KZT в/из=28200/0; tx=1/0; роль не определена; обрыв d=4; дальнейший выход неизвестен,4,False,1,28200.000000000,1,0,0.000000000,0,0.000294513,,True,False,2,0,1,0,0.000000000,0.000000000,1.000000000,0.664320701,0.176291434,0.150190483,0.400000000,0.000000000,0.317083070
100000002508637100,peripheral,0.200000000,4,0.207995049,Гип. peripheral; d=3; контр. в/из=1/1; KZT в/из=306410/8000; tx=1/1; роль не определена; баланс неизвестен,3,False,1,306410.000000000,1,1,8000.000000000,1,0.000305708,0.026108808,False,False,1,0,1,1,0.000000000,0.000000000,1.000000000,0.818977287,0.176291434,0.238046284,0.200000000,0.000000000,0.346658416
100000002509598100,peripheral,0.200000000,14,0.218055229,Гип. peripheral; d=3; контр. в/из=1/0; KZT в/из=305550/0; tx=1/0; роль не определена; баланс неизвестен,3,False,1,305550.000000000,1,0,0.000000000,0,0.000298487,0.000000000,False,False,2,0,1,0,0.000000000,0.000000000,1.000000000,0.818795074,0.176291434,0.150190483,0.400000000,0.000000000,0.363425381
100000002511581100,peripheral,0.200000000,2,0.166748863,Гип. peripheral; d=3; контр. в/из=1/0; KZT в/из=17600/0; tx=1/0; роль не определена; баланс неизвестен,3,False,1,17600.000000000,1,0,0.000000000,0,0.000286764,0.000000000,False,False,1,0,1,0,0.000000000,0.000000000,1.000000000,0.633759710,0.176291434,0.150190483,0.200000000,0.000000000,0.277914772
100000002511825100,peripheral,0.200000000,1,0.181994324,Гип. peripheral; d=1; контр. в/из=1/0; KZT в/из=65000/0; tx=1/0; роль не определена; баланс неизвестен,1,False,1,65000.000000000,1,0,0.000000000,0,0.000296140,0.000000000,False,False,1,1,1,0,0.000000000,0.000000000,1.000000000,0.718456714,0.176291434,0.150190483,0.200000000,0.000000000,0.303323874
100000002512742100,peripheral,0.150000000,8,0.147767560,Гип. peripheral; d=4; контр. в/из=1/0; KZT в/из=6000/0; tx=1/0; роль не определена; обрыв d=4; дальнейший выход неизвестен,4,False,1,6000.000000000,1,0,0.000000000,0,0.000287227,,True,False,1,0,1,0,0.000000000,0.000000000,0.000000000,0.564000671,0.176291434,0.150190483,0.200000000,0.000000000,0.256987061
100000002513028100,peripheral,0.200000000,59,0.272223279,Гип. peripheral; d=3; контр. в/из=1/3; KZT в/из=9500/332709; tx=1/24; роль не определена; выход>1.2 входа: пропуски/начальный остаток,3,False,1,9500.000000000,1,3,332709.000000000,24,0.000303917,35.022000000,False,True,1,0,1,15,0.000000000,0.000000000,0.000000000,0.824315645,0.352582869,0.705961313,0.200000000,0.000000000,0.453705464
100000002514975100,peripheral,0.150000000,26,0.160002487,Гип. peripheral; d=4; контр. в/из=1/0; KZT в/из=17920/0; tx=1/0; роль не определена; обрыв d=4; дальнейший выход неизвестен,4,False,1,17920.000000000,1,0,0.000000000,0,0.000527898,,True,False,1,0,1,0,0.000000000,0.000000000,0.000000000,0.634927785,0.176291434,0.150190483,0.200000000,0.000000000,0.278265195
100000002516862100,peripheral,0.150000000,59,0.197501274,Гип. peripheral; d=4; контр. в/из=1/0; KZT в/из=81710/0; tx=5/0; роль не определена; обрыв d=4; дальнейший выход неизвестен,4,False,1,81710.000000000,5,0,0.000000000,0,0.000347480,,True,False,1,0,3,0,0.000000000,0.000000000,0.804185534,0.733288917,0.176291434,0.388236767,0.200000000,0.000000000,0.343480477
100000002521039100,peripheral,0.200000000,1,0.219619136,Гип. peripheral; d=3; контр. в/из=1/0; KZT в/из=349370/0; tx=1/0; роль не определена; баланс неизвестен,3,False,1,349370.000000000,1,0,0.000000000,0,0.000303576,0.000000000,False,False,2,0,1,0,0.000000000,0.000000000,1.000000000,0.827483446,0.176291434,0.150190483,0.400000000,0.000000000,0.366031893
100000002527114100,distributor,0.600000000,2,0.641484137,Гип. distributor; d=0; контр. в/из=3/111; KZT в/из=129000/3289249; tx=4/113; дней выхода=25; seed: вход неполон; баланс неизвестен,0,True,3,129000.000000000,4,111,3289249.000000000,113,0.000806090,,False,True,0,0,4,25,129000.000000000,1.000000000,1.000000000,0.972850572,1.000000000,1.000000000,0.000000000,0.800000000,0.801855172
100000002528544100,peripheral,0.200000000,4,0.194688733,Гип. peripheral; d=3; контр. в/из=1/0; KZT в/из=192912/0; tx=1/0; роль не определена; баланс неизвестен,3,False,1,192912.000000000,1,0,0.000000000,0,0.000297681,0.000000000,False,False,1,0,1,0,0.000000000,0.000000000,1.000000000,0.788981205,0.176291434,0.150190483,0.200000000,0.000000000,0.324481221
100000002528978100,peripheral,0.150000000,8,0.175915077,Гип. peripheral; d=4; контр. в/из=1/0; KZT в/из=15900/0; tx=1/0; роль не определена; обрыв d=4; дальнейший выход неизвестен,4,False,1,15900.000000000,1,0,0.000000000,0,0.000289944,,True,False,2,0,1,0,0.000000000,0.000000000,0.000000000,0.627174682,0.176291434,0.150190483,0.400000000,0.000000000,0.305939264
100000002529877100,peripheral,0.150000000,14,0.188640026,Гип. peripheral; d=4; контр. в/из=1/0; KZT в/из=232000/0; tx=1/0; роль не определена; обрыв d=4; дальнейший выход неизвестен,4,False,1,232000.000000000,1,0,0.000000000,0,0.000304170,,True,False,1,0,1,0,0.000000000,0.000000000,0.000000000,0.800942501,0.176291434,0.150190483,0.200000000,0.000000000,0.328069610
100000002529880100,peripheral,0.200000000,10,0.229798876,Гип. peripheral; d=3; контр. в/из=2/0; KZT в/из=147000/0; tx=2/0; роль не определена; баланс неизвестен,3,False,2,147000.000000000,2,0,0.000000000,0,0.000304611,0.000000000,False,False,2,0,1,0,0.000000000,0.000000000,1.000000000,0.771360406,0.279415313,0.238046284,0.400000000,0.000000000,0.382998127
100000002530224100,peripheral,0.200000000,9,0.188447436,Гип. peripheral; d=3; контр. в/из=1/0; KZT в/из=113000/0; tx=1/0; роль не определена; баланс неизвестен,3,False,1,113000.000000000,1,0,0.000000000,0,0.000289820,0.000000000,False,False,1,0,1,0,0.000000000,0.000000000,1.000000000,0.754307336,0.176291434,0.150190483,0.200000000,0.000000000,0.314079060
100000002531406100,peripheral,0.200000000,4,0.214167038,Гип. peripheral; d=3; контр. в/из=1/1; KZT в/из=520000/500000; tx=1/1; роль не определена; баланс неизвестен,3,False,1,520000.000000000,1,1,500000.000000000,1,0.000320814,0.961538462,False,False,1,0,1,1,0.000000000,0.000000000,1.000000000,0.853266114,0.176291434,0.238046284,0.200000000,0.000000000,0.356945064
100000002534091100,peripheral,0.200000000,4,0.187458285,Гип. peripheral; d=3; контр. в/из=1/0; KZT в/из=22200/0; tx=1/0; роль не определена; баланс неизвестен,3,False,1,22200.000000000,1,0,0.000000000,0,0.000294761,0.000000000,False,False,2,0,1,0,0.000000000,0.000000000,1.000000000,0.648812053,0.176291434,0.150190483,0.400000000,0.000000000,0.312430475
100000002537811100,peripheral,0.200000000,12,0.241297438,Гип. peripheral; d=3; контр. в/из=1/1; KZT в/из=52000/15000; tx=1/1; роль не определена; баланс неизвестен,3,False,1,52000.000000000,1,1,15000.000000000,1,0.001219191,0.288461538,False,False,4,0,1,1,0.000000000,0.000000000,1.000000000,0.703990558,0.176291434,0.238046284,0.800000000,0.000000000,0.402162397
100000002539625100,peripheral,0.200000000,10,0.186385777,Гип. peripheral; d=2; контр. в/из=1/0; KZT в/из=94700/0; tx=1/0; роль не определена; баланс неизвестен,2,False,1,94700.000000000,1,0,0.000000000,0,0.000343094,0.000000000,False,False,1,0,1,0,0.000000000,0.000000000,1.000000000,0.742853677,0.176291434,0.150190483,0.200000000,0.000000000,0.310642962
100000002540033100,peripheral,0.150000000,18,0.153479470,Гип. peripheral; d=4; контр. в/из=1/0; KZT в/из=10000/0; tx=1/0; роль не определена; обрыв d=4; дальнейший выход неизвестен,4,False,1,10000.000000000,1,0,0.000000000,0,0.000592416,,True,False,1,0,1,0,0.000000000,0.000000000,0.000000000,0.597113194,0.176291434,0.150190483,0.200000000,0.000000000,0.266920818
100000002540623100,peripheral,0.200000000,8,0.187021242,Гип. peripheral; d=2; контр. в/из=1/0; KZT в/из=100000/0; tx=1/0; роль не определена; баланс неизвестен,2,False,1,100000.000000000,1,0,0.000000000,0,0.000331339,0.000000000,False,False,1,0,1,0,0.000000000,0.000000000,1.000000000,0.746384037,0.176291434,0.150190483,0.200000000,0.000000000,0.311702071
100000002546921100,peripheral,0.200000000,15,0.168240523,Гип. peripheral; d=3; контр. в/из=1/0; KZT в/из=20000/0; tx=1/0; роль не определена; баланс неизвестен,3,False,1,20000.000000000,1,0,0.000000000,0,0.000289671,0.000000000,False,False,1,0,1,0,0.000000000,0.000000000,1.000000000,0.642046710,0.176291434,0.150190483,0.200000000,0.000000000,0.280400872
100000002547110100,consolidator,0.665000000,10,0.593990839,Гип. consolidator; d=3; контр. в/из=6/0; KZT в/из=1500000/0; tx=10/0; seed-вход=0; баланс неизвестен,3,False,6,1500000.000000000,10,0,0.000000000,0,0.000548745,0.000000000,False,False,3,0,2,0,0.000000000,0.000000000,1.000000000,0.921946428,0.494912626,0.519573706,0.600000000,0.850000000,0.713502510
100000002548759100,peripheral,0.200000000,9,0.258727151,Гип. peripheral; d=3; контр. в/из=2/0; KZT в/из=375000/0; tx=2/0; роль не определена; баланс неизвестен,3,False,2,375000.000000000,2,0,0.000000000,0,0.000306918,0.000000000,False,False,3,0,1,0,0.000000000,0.000000000,0.000000000,0.832073043,0.279415313,0.238046284,0.600000000,0.000000000,0.431211918
100000002550141100,peripheral,0.200000000,4,0.187089425,Гип. peripheral; d=3; контр. в/из=1/0; KZT в/из=100586/0; tx=1/0; роль не определена; баланс неизвестен,3,False,1,100586.000000000,1,0,0.000000000,0,0.000306084,0.000000000,False,False,1,0,1,0,0.000000000,0.000000000,1.000000000,0.746762829,0.176291434,0.150190483,0.200000000,0.000000000,0.311815708
100000002554175100,peripheral,0.200000000,8,0.170666104,Гип. peripheral; d=3; контр. в/из=1/0; KZT в/из=24621/0; tx=1/0; роль не определена; баланс неизвестен,3,False,1,24621.000000000,1,0,0.000000000,0,0.000293147,0.000000000,False,False,1,0,1,0,0.000000000,0.000000000,1.000000000,0.655522157,0.176291434,0.150190483,0.200000000,0.000000000,0.284443507
100000002556775100,peripheral,0.200000000,6,0.235841318,Гип. peripheral; d=3; контр. в/из=1/0; KZT в/из=300000/0; tx=1/0; роль не определена; баланс неизвестен,3,False,1,300000.000000000,1,0,0.000000000,0,0.000293679,0.000000000,False,False,3,0,1,0,0.000000000,0.000000000,1.000000000,0.817606681,0.176291434,0.150190483,0.600000000,0.000000000,0.393068864
100000002558173100,peripheral,0.200000000,32,0.159305721,Гип. peripheral; d=2; контр. в/из=1/0; KZT в/из=9300/0; tx=1/0; роль не определена; баланс неизвестен,2,False,1,9300.000000000,1,0,0.000000000,0,0.000294225,0.000000000,False,False,1,0,1,0,0.000000000,0.000000000,1.000000000,0.592408921,0.176291434,0.150190483,0.200000000,0.000000000,0.265509536
100000002559089100,peripheral,0.200000000,14,0.230258064,Гип. peripheral; d=3; контр. в/из=2/0; KZT в/из=715000/0; tx=2/0; роль не определена; баланс неизвестен,3,False,2,715000.000000000,2,0,0.000000000,0,0.000390172,0.000000000,False,False,1,0,1,0,0.000000000,0.000000000,0.000000000,0.873911448,0.279415313,0.238046284,0.200000000,0.000000000,0.383763439
100000002565277100,peripheral,0.200000000,3,0.259406378,Гип. peripheral; d=1; контр. в/из=1/0; KZT в/из=483319/0; tx=1/0; роль не определена; баланс неизвестен,1,False,1,483319.000000000,1,0,0.000000000,0,0.000380032,0.000000000,False,False,4,1,1,0,0.000000000,0.000000000,0.000000000,0.848523682,0.176291434,0.150190483,0.800000000,0.000000000,0.432343964
100000002566204100,peripheral,0.200000000,8,0.184534154,Гип. peripheral; d=2; контр. в/из=1/0; KZT в/из=80805/0; tx=1/0; роль не определена; баланс неизвестен,2,False,1,80805.000000000,1,0,0.000000000,0,0.000322259,0.000000000,False,False,1,0,1,0,0.000000000,0.000000000,1.000000000,0.732566879,0.176291434,0.150190483,0.200000000,0.000000000,0.307556923
100000002567887100,peripheral,0.200000000,6,0.215144358,Гип. peripheral; d=3; контр. в/из=1/0; KZT в/из=50915/0; tx=1/0; роль не определена; баланс неизвестен,3,False,1,50915.000000000,1,0,0.000000000,0,0.000285674,0.000000000,False,False,3,0,1,0,0.000000000,0.000000000,1.000000000,0.702623570,0.176291434,0.150190483,0.600000000,0.000000000,0.358573930
100000002570206100,peripheral,0.200000000,17,0.231284607,Гип. peripheral; d=2; контр. в/из=2/0; KZT в/из=166959.6/0; tx=2/0; роль не определена; баланс неизвестен,2,False,2,166959.600000000,2,0,0.000000000,0,0.000316743,0.000000000,False,False,2,0,2,0,0.000000000,0.000000000,1.000000000,0.779614467,0.279415313,0.238046284,0.400000000,0.000000000,0.385474345
100000002575080100,peripheral,0.200000000,16,0.207120879,Гип. peripheral; d=3; контр. в/из=1/1; KZT в/из=13000/12500; tx=1/1; роль не определена; баланс неизвестен,3,False,1,13000.000000000,1,1,12500.000000000,1,0.000547644,0.961538462,False,False,3,0,1,1,0.000000000,0.000000000,1.000000000,0.614120783,0.176291434,0.238046284,0.600000000,0.000000000,0.345201464
100000002578405100,distributor,0.600000000,2,0.664604006,Гип. distributor; d=2; контр. в/из=2/116; KZT в/из=1200351/3108352; tx=7/120; дней выхода=22; выход>1.2 входа: пропуски/начальный остаток,2,False,2,1200351.000000000,7,116,3108352.000000000,120,0.000566576,2.589535894,False,True,1,0,5,22,1098020.000000000,0.914749103,0.798801351,0.969183359,1.000000000,1.000000000,0.200000000,0.800000000,0.830755008
100000002578653100,peripheral,0.200000000,45,0.168240523,Гип. peripheral; d=3; контр. в/из=1/0; KZT в/из=20000/0; tx=1/0; роль не определена; баланс неизвестен,3,False,1,20000.000000000,1,0,0.000000000,0,0.000309600,0.000000000,False,False,1,0,1,0,0.000000000,0.000000000,1.000000000,0.642046710,0.176291434,0.150190483,0.200000000,0.000000000,0.280400872
100000002580377100,peripheral,0.200000000,5,0.207170421,Гип. peripheral; d=1; контр. в/из=1/1; KZT в/из=37750/5000; tx=2/1; роль не определена; баланс неизвестен,1,False,1,37750.000000000,2,1,5000.000000000,1,0.000288069,0.132450331,False,False,2,1,2,1,0.000000000,0.000000000,1.000000000,0.683228675,0.176291434,0.300380966,0.400000000,0.000000000,0.345284034
100000002581346100,peripheral,0.200000000,6,0.228963542,Гип. peripheral; d=3; контр. в/из=1/0; KZT в/из=166400/0; tx=1/0; роль не определена; баланс неизвестен,3,False,1,166400.000000000,1,0,0.000000000,0,0.000289386,0.000000000,False,False,3,0,1,0,0.000000000,0.000000000,1.000000000,0.779396812,0.176291434,0.150190483,0.600000000,0.000000000,0.381605903
100000002589019100,peripheral,0.200000000,11,0.174673568,Гип. peripheral; d=1; контр. в/из=1/0; KZT в/из=34710/0; tx=1/0; роль не определена; баланс неизвестен,1,False,1,34710.000000000,1,0,0.000000000,0,0.000289760,0.000000000,False,False,1,1,1,0,0.000000000,0.000000000,1.000000000,0.677785848,0.176291434,0.150190483,0.200000000,0.000000000,0.291122614
100000002591469100,peripheral,0.200000000,7,0.197024918,Гип. peripheral; d=1; контр. в/из=1/0; KZT в/из=235670/0; tx=1/0; роль не определена; баланс неизвестен,1,False,1,235670.000000000,1,0,0.000000000,0,0.000297463,0.000000000,False,False,1,1,1,0,0.000000000,0.000000000,1.000000000,0.801960013,0.176291434,0.150190483,0.200000000,0.000000000,0.328374863
100000002592567100,peripheral,0.200000000,5,0.222493353,Гип. peripheral; d=1; контр. в/из=1/2; KZT в/из=5297/48600; tx=1/2; роль не определена; выход>1.2 входа: пропуски/начальный остаток,1,False,1,5297.000000000,1,2,48600.000000000,2,0.000284603,9.175004720,False,True,2,1,1,2,0.000000000,0.000000000,1.000000000,0.699606826,0.279415313,0.300380966,0.400000000,0.000000000,0.370822255
100000002593038100,peripheral,0.200000000,11,0.226373324,Гип. peripheral; d=2; контр. в/из=1/0; KZT в/из=28500/0; tx=1/0; роль не определена; баланс неизвестен,2,False,1,28500.000000000,1,0,0.000000000,0,0.000653367,0.000000000,False,False,4,0,1,0,0.000000000,0.000000000,1.000000000,0.665006716,0.176291434,0.150190483,0.800000000,0.000000000,0.377288874
100000002593344100,peripheral,0.200000000,9,0.260351319,Гип. peripheral; d=3; контр. в/из=2/0; KZT в/из=431000/0; tx=2/0; роль не определена; баланс неизвестен,3,False,2,431000.000000000,2,0,0.000000000,0,0.000356942,0.000000000,False,False,3,0,1,0,0.000000000,0.000000000,0.000000000,0.841096199,0.279415313,0.238046284,0.600000000,0.000000000,0.433918865
100000002594214100,peripheral,0.150000000,38,0.239478817,Гип. peripheral; d=4; контр. в/из=1/0; KZT в/из=1000000/0; tx=1/0; роль не определена; обрыв d=4; дальнейший выход неизвестен,4,False,1,1000000.000000000,1,0,0.000000000,0,0.000364987,,True,False,3,0,1,0,0.000000000,0.000000000,1.000000000,0.895660132,0.176291434,0.150190483,0.600000000,0.000000000,0.416484899
100000002596035100,peripheral,0.200000000,12,0.268820117,Гип. peripheral; d=1; контр. в/из=1/0; KZT в/из=231570/0; tx=1/0; роль не определена; баланс неизвестен,1,False,1,231570.000000000,1,0,0.000000000,0,0.000318963,0.000000000,False,False,5,1,1,0,0.000000000,0.000000000,1.000000000,0.800822231,0.176291434,0.150190483,1.000000000,0.000000000,0.448033529
100000002596039100,peripheral,0.150000000,4,0.190743039,Гип. peripheral; d=4; контр. в/из=1/0; KZT в/из=280000/0; tx=1/0; роль не определена; обрыв d=4; дальнейший выход неизвестен,4,False,1,280000.000000000,1,0,0.000000000,0,0.000302685,,True,False,1,0,1,0,0.000000000,0.000000000,1.000000000,0.813133886,0.176291434,0.150190483,0.200000000,0.000000000,0.331727025
100000002597003100,peripheral,0.200000000,1,0.174721998,Гип. peripheral; d=1; контр. в/из=1/1; KZT в/из=17700/11000; tx=1/1; роль не определена; баланс неизвестен,1,False,1,17700.000000000,1,1,11000.000000000,1,0.000287333,0.621468927,False,False,1,1,1,1,0.000000000,0.000000000,1.000000000,0.634126999,0.176291434,0.238046284,0.200000000,0.000000000,0.291203329
100000002597074100,peripheral,0.150000000,1,0.168234295,Гип. peripheral; d=4; контр. в/из=1/0; KZT в/из=8000/0; tx=1/0; роль не определена; обрыв d=4; дальнейший выход неизвестен,4,False,1,8000.000000000,1,0,0.000000000,0,0.000308730,,True,False,2,0,1,0,0.000000000,0.000000000,1.000000000,0.582648410,0.176291434,0.150190483,0.400000000,0.000000000,0.292581382
100000002597623100,peripheral,0.200000000,1,0.183937647,Гип. peripheral; d=3; контр. в/из=1/0; KZT в/из=16418/0; tx=1/0; роль не определена; баланс неизвестен,3,False,1,16418.000000000,1,0,0.000000000,0,0.000284955,0.000000000,False,False,2,0,1,0,0.000000000,0.000000000,1.000000000,0.629252952,0.176291434,0.150190483,0.400000000,0.000000000,0.306562745
100000002599729100,peripheral,0.150000000,1,0.199238790,Гип. peripheral; d=4; контр. в/из=1/0; KZT в/из=65000/0; tx=2/0; роль не определена; обрыв d=4; дальнейший выход неизвестен,4,False,1,65000.000000000,2,0,0.000000000,0,0.000482943,,True,False,2,0,2,0,0.000000000,0.000000000,0.000000000,0.718456714,0.176291434,0.238046284,0.400000000,0.000000000,0.346502244
100000002600345100,peripheral,0.200000000,5,0.217761723,Гип. peripheral; d=1; контр. в/из=2/0; KZT в/из=52400/0; tx=2/0; роль не определена; баланс неизвестен,1,False,2,52400.000000000,2,0,0.000000000,0,0.000294118,0.000000000,False,False,2,1,2,0,0.000000000,0.000000000,1.000000000,0.704487333,0.279415313,0.238046284,0.400000000,0.000000000,0.362936205
100000002603371100,peripheral,0.200000000,1,0.159305721,Гип. peripheral; d=3; контр. в/из=1/0; KZT в/из=9300/0; tx=1/0; роль не определена; баланс неизвестен,3,False,1,9300.000000000,1,0,0.000000000,0,0.000287817,0.000000000,False,False,1,0,1,0,0.000000000,0.000000000,1.000000000,0.592408921,0.176291434,0.150190483,0.200000000,0.000000000,0.265509536
100000002603478100,peripheral,0.200000000,11,0.170122340,Гип. peripheral; d=1; контр. в/из=1/0; KZT в/из=23500/0; tx=1/0; роль не определена; баланс неизвестен,1,False,1,23500.000000000,1,0,0.000000000,0,0.000287912,0.000000000,False,False,1,1,1,0,0.000000000,0.000000000,1.000000000,0.652501248,0.176291434,0.150190483,0.200000000,0.000000000,0.283537234
100000002603769100,terminal,0.480000000,1,0.420008551,Гип. terminal; d=1; контр. в/из=3/0; KZT в/из=1185368/0; tx=3/0; out/in=0.000; до24.07=100%; остаток неизвестен; гипотеза в окне,1,False,3,1185368.000000000,3,0,0.000000000,0,0.000538179,0.000000000,False,False,3,1,3,0,0.000000000,0.000000000,1.000000000,0.906684682,0.352582869,0.300380966,0.600000000,0.450000000,0.567579123
100000002605184100,peripheral,0.200000000,16,0.190947640,Гип. peripheral; d=2; контр. в/из=1/0; KZT в/из=140000/0; tx=1/0; роль не определена; баланс неизвестен,2,False,1,140000.000000000,1,0,0.000000000,0,0.000388847,0.000000000,False,False,1,0,1,0,0.000000000,0.000000000,0.000000000,0.768197360,0.176291434,0.150190483,0.200000000,0.000000000,0.318246067
100000002605308100,consolidator,0.597500000,15,0.571229846,Гип. consolidator; d=2; контр. в/из=3/0; KZT в/из=2569521.84/0; tx=7/0; seed-вход=0; баланс неизвестен,2,False,3,2569521.840000000,7,0,0.000000000,0,0.000878127,0.000000000,False,False,4,0,3,0,0.000000000,0.000000000,0.583766200,0.956841484,0.352582869,0.450571450,0.800000000,0.850000000,0.715154736
100000002605548100,peripheral,0.200000000,12,0.281104794,Гип. peripheral; d=1; контр. в/из=2/0; KZT в/из=116695/0; tx=2/0; роль не определена; баланс неизвестен,1,False,2,116695.000000000,2,0,0.000000000,0,0.000312614,0.000000000,False,False,6,1,2,0,0.000000000,0.000000000,1.000000000,0.756393281,0.279415313,0.238046284,1.000000000,0.000000000,0.468507990
100000002606567100,peripheral,0.200000000,1,0.187519715,Гип. peripheral; d=1; контр. в/из=1/1; KZT в/из=14095/53000; tx=1/1; роль не определена; выход>1.2 входа: пропуски/начальный остаток,1,False,1,14095.000000000,1,1,53000.000000000,1,0.000286662,3.760198652,False,True,1,1,1,1,0.000000000,0.000000000,1.000000000,0.705225430,0.176291434,0.238046284,0.200000000,0.000000000,0.312532858
100000002609774100,peripheral,0.200000000,8,0.197863553,Гип. peripheral; d=1; контр. в/из=1/1; KZT в/из=7700/27500; tx=1/1; роль не определена; выход>1.2 входа: пропуски/начальный остаток,1,False,1,7700.000000000,1,1,27500.000000000,1,0.000284860,3.571428571,False,True,2,1,1,1,0.000000000,0.000000000,1.000000000,0.662691194,0.176291434,0.238046284,0.400000000,0.000000000,0.329772588
100000002611334100,peripheral,0.200000000,1,0.186433212,Гип. peripheral; d=3; контр. в/из=1/1; KZT в/из=48288/15500; tx=1/1; роль не определена; баланс неизвестен,3,False,1,48288.000000000,1,1,15500.000000000,1,0.000303661,0.320990722,False,False,1,0,1,1,0.000000000,0.000000000,1.000000000,0.699189300,0.176291434,0.238046284,0.200000000,0.000000000,0.310722020
100000002612809100,peripheral,0.200000000,36,0.234135498,Гип. peripheral; d=3; контр. в/из=1/3; KZT в/из=30000/114000; tx=2/4; роль не определена; выход>1.2 входа: пропуски/начальный остаток,3,False,1,30000.000000000,2,3,114000.000000000,4,0.000425698,3.800000000,False,True,1,0,2,3,15000.000000000,0.500000000,0.000000000,0.754878525,0.352582869,0.421637992,0.200000000,0.000000000,0.390225830
100000002613776100,peripheral,0.200000000,3,0.198878888,Гип. peripheral; d=2; контр. в/из=1/0; KZT в/из=30000/0; tx=2/0; роль не определена; баланс неизвестен,2,False,1,30000.000000000,2,0,0.000000000,0,0.000299848,0.000000000,False,False,2,0,2,0,0.000000000,0.000000000,1.000000000,0.668331948,0.176291434,0.238046284,0.400000000,0.000000000,0.331464814
100000002613929100,peripheral,0.200000000,9,0.172397865,Гип. peripheral; d=3; контр. в/из=1/0; KZT в/из=28560/0; tx=1/0; роль не определена; баланс неизвестен,3,False,1,28560.000000000,1,0,0.000000000,0,0.000775811,0.000000000,False,False,1,0,1,0,0.000000000,0.000000000,1.000000000,0.665143052,0.176291434,0.150190483,0.200000000,0.000000000,0.287329775
100000002614095100,peripheral,0.200000000,2,0.152744872,Гип. peripheral; d=3; контр. в/из=1/0; KZT в/из=5300/0; tx=1/0; роль не определена; баланс неизвестен,3,False,1,5300.000000000,1,0,0.000000000,0,0.000284858,0.000000000,False,False,1,0,1,0,0.000000000,0.000000000,1.000000000,0.555959760,0.176291434,0.150190483,0.200000000,0.000000000,0.254574787
100000002615479100,peripheral,0.200000000,9,0.196222008,Гип. peripheral; d=1; контр. в/из=1/0; KZT в/из=220000/0; tx=1/0; роль не определена; баланс неизвестен,1,False,1,220000.000000000,1,0,0.000000000,0,0.000307510,0.000000000,False,False,1,1,1,0,0.000000000,0.000000000,1.000000000,0.797499404,0.176291434,0.150190483,0.200000000,0.000000000,0.327036681
100000002618492100,peripheral,0.200000000,12,0.291986263,Гип. peripheral; d=1; контр. в/из=2/0; KZT в/из=296500/0; tx=2/0; роль не определена; баланс неизвестен,1,False,2,296500.000000000,2,0,0.000000000,0,0.000366936,0.000000000,False,False,6,1,2,0,0.000000000,0.000000000,1.000000000,0.816845886,0.279415313,0.238046284,1.000000000,0.000000000,0.486643771
100000002621434100,peripheral,0.200000000,9,0.184562280,Гип. peripheral; d=3; контр. в/из=1/0; KZT в/из=81000/0; tx=1/0; роль не определена; баланс неизвестен,3,False,1,81000.000000000,1,0,0.000000000,0,0.000288182,0.000000000,False,False,1,0,1,0,0.000000000,0.000000000,0.000000000,0.732723137,0.176291434,0.150190483,0.200000000,0.000000000,0.307603800
100000002621915100,peripheral,0.200000000,5,0.152065041,Гип. peripheral; d=2; контр. в/из=1/0; KZT в/из=5000/0; tx=1/0; роль не определена; баланс неизвестен,2,False,1,5000.000000000,1,0,0.000000000,0,0.000528896,0.000000000,False,False,1,0,1,0,0.000000000,0.000000000,1.000000000,0.552182918,0.176291434,0.150190483,0.200000000,0.000000000,0.253441735
100000002621949100,peripheral,0.200000000,3,0.246837474,Гип. peripheral; d=1; контр. в/из=1/0; KZT в/из=164612/0; tx=1/0; роль не определена; баланс неизвестен,1,False,1,164612.000000000,1,0,0.000000000,0,0.000316732,0.000000000,False,False,4,1,1,0,0.000000000,0.000000000,1.000000000,0.778696435,0.176291434,0.150190483,0.800000000,0.000000000,0.411395790
100000002622822100,peripheral,0.150000000,18,0.201761620,Гип. peripheral; d=4; контр. в/из=1/0; KZT в/из=750000/0; tx=1/0; роль не определена; обрыв d=4; дальнейший выход неизвестен,4,False,1,750000.000000000,1,0,0.000000000,0,0.000901553,,True,False,1,0,1,0,0.000000000,0.000000000,0.000000000,0.877009714,0.176291434,0.150190483,0.200000000,0.000000000,0.350889774
100000002628146100,peripheral,0.200000000,32,0.181071769,Гип. peripheral; d=2; контр. в/из=1/0; KZT в/из=30500/0; tx=2/0; роль не определена; баланс неизвестен,2,False,1,30500.000000000,2,0,0.000000000,0,0.000317449,0.000000000,False,False,1,0,1,0,0.000000000,0.000000000,0.000000000,0.669403508,0.176291434,0.238046284,0.200000000,0.000000000,0.301786282
100000002628576100,peripheral,0.200000000,6,0.279983580,Гип. peripheral; d=3; контр. в/из=2/2; KZT в/из=727882/539000; tx=3/2; роль не определена; баланс неизвестен,3,False,2,727882.000000000,3,2,539000.000000000,2,0.000309651,0.740504642,False,False,3,0,2,1,0.000000000,0.000000000,0.000000000,0.875069077,0.279415313,0.388236767,0.600000000,0.000000000,0.466639301
100000002632742100,peripheral,0.200000000,10,0.253298385,Гип. peripheral; d=3; контр. в/из=2/0; KZT в/из=235500/0; tx=2/0; роль не определена; баланс неизвестен,3,False,2,235500.000000000,2,0,0.000000000,0,0.000315822,0.000000000,False,False,3,0,2,0,0.000000000,0.000000000,0.575371550,0.801913232,0.279415313,0.238046284,0.600000000,0.000000000,0.422163975
100000002633108100,terminal,0.480000000,15,0.330670955,Гип. terminal; d=3; контр. в/из=1/0; KZT в/из=320000/0; tx=3/0; out/in=0.000; до24.07=100%; остаток неизвестен; гипотеза в окне,3,False,1,320000.000000000,3,0,0.000000000,0,0.000374176,0.000000000,False,False,1,0,3,0,0.000000000,0.000000000,1.000000000,0.821790702,0.176291434,0.300380966,0.200000000,0.450000000,0.446852643
100000002633701100,peripheral,0.200000000,9,0.198474885,Гип. peripheral; d=2; контр. в/из=1/0; KZT в/из=266850/0; tx=1/0; роль не определена; баланс неизвестен,2,False,1,266850.000000000,1,0,0.000000000,0,0.000308980,0.000000000,False,False,1,0,1,0,0.000000000,0.000000000,0.000000000,0.810015385,0.176291434,0.150190483,0.200000000,0.000000000,0.330791475
100000002635746100,peripheral,0.150000000,8,0.146380503,Гип. peripheral; d=4; контр. в/из=1/0; KZT в/из=5300/0; tx=1/0; роль не определена; обрыв d=4; дальнейший выход неизвестен,4,False,1,5300.000000000,1,0,0.000000000,0,0.000286855,,True,False,1,0,1,0,0.000000000,0.000000000,0.000000000,0.555959760,0.176291434,0.150190483,0.200000000,0.000000000,0.254574787
100000002635780100,peripheral,0.200000000,7,0.192722638,Гип. peripheral; d=2; контр. в/из=1/0; KZT в/из=163000.02/0; tx=1/0; роль не определена; баланс неизвестен,2,False,1,163000.020000000,1,0,0.000000000,0,0.000552044,0.000000000,False,False,1,0,1,0,0.000000000,0.000000000,0.000000000,0.778058455,0.176291434,0.150190483,0.200000000,0.000000000,0.321204396
100000002644285100,peripheral,0.200000000,14,0.223802335,Гип. peripheral; d=3; контр. в/из=1/0; KZT в/из=500000/0; tx=1/0; роль не определена; баланс неизвестен,3,False,1,500000.000000000,1,0,0.000000000,0,0.000307683,0.000000000,False,False,2,0,1,0,0.000000000,0.000000000,1.000000000,0.850723439,0.176291434,0.150190483,0.400000000,0.000000000,0.373003891
100000002645046100,peripheral,0.150000000,8,0.155518219,Гип. peripheral; d=4; контр. в/из=1/0; KZT в/из=12000/0; tx=1/0; роль не определена; обрыв d=4; дальнейший выход неизвестен,4,False,1,12000.000000000,1,0,0.000000000,0,0.000290417,,True,False,1,0,1,0,0.000000000,0.000000000,0.000000000,0.608932027,0.176291434,0.150190483,0.200000000,0.000000000,0.270466467
100000002645609100,consolidator,0.597500000,1,0.500864723,Гип. consolidator; d=1; контр. в/из=4/0; KZT в/из=546820.68/0; tx=5/0; seed-вход=1; баланс неизвестен,1,False,4,546820.680000000,5,0,0.000000000,0,0.000353317,0.000000000,False,False,2,1,5,0,0.000000000,0.000000000,1.000000000,0.856526548,0.409336034,0.388236767,0.400000000,0.850000000,0.627060686
100000002645993100,peripheral,0.200000000,1,0.274870728,Гип. peripheral; d=3; контр. в/из=2/5; KZT в/из=49650/86980; tx=4/9; роль не определена; выход>1.2 входа: пропуски/начальный остаток,3,False,2,49650.000000000,4,5,86980.000000000,9,0.000291720,1.751863041,False,True,2,0,1,2,8850.000000000,0.178247734,1.000000000,0.737340864,0.455706747,0.571828476,0.400000000,0.000000000,0.458117880
100000002646745100,peripheral,0.200000000,2,0.162568005,Гип. peripheral; d=3; контр. в/из=1/0; KZT в/из=12300/0; tx=1/0; роль не определена; баланс неизвестен,3,False,1,12300.000000000,1,0,0.000000000,0,0.000285943,0.000000000,False,False,1,0,1,0,0.000000000,0.000000000,1.000000000,0.610532718,0.176291434,0.150190483,0.200000000,0.000000000,0.270946675
100000002646887100,peripheral,0.200000000,10,0.170538870,Гип. peripheral; d=3; контр. в/из=1/0; KZT в/из=24354/0; tx=1/0; роль не определена; баланс неизвестен,3,False,1,24354.000000000,1,0,0.000000000,0,0.000293590,0.000000000,False,False,1,0,1,0,0.000000000,0.000000000,1.000000000,0.654815304,0.176291434,0.150190483,0.200000000,0.000000000,0.284231450
100000002648315100,peripheral,0.200000000,7,0.220504569,Гип. peripheral; d=1; контр. в/из=1/2; KZT в/из=132000/76000; tx=1/3; роль не определена; баланс неизвестен,1,False,1,132000.000000000,1,2,76000.000000000,3,0.000291557,0.575757576,False,False,1,1,1,3,0.000000000,0.000000000,1.000000000,0.764382756,0.279415313,0.348731503,0.200000000,0.000000000,0.367507615
100000002653187100,peripheral,0.150000000,11,0.158013487,Гип. peripheral; d=4; контр. в/из=1/0; KZT в/из=15000/0; tx=1/0; роль не определена; обрыв d=4; дальнейший выход неизвестен,4,False,1,15000.000000000,1,0,0.000000000,0,0.000469936,,True,False,1,0,1,0,0.000000000,0.000000000,0.000000000,0.623397351,0.176291434,0.150190483,0.200000000,0.000000000,0.274806065
100000002653948100,peripheral,0.200000000,6,0.221152188,Гип. peripheral; d=3; контр. в/из=1/0; KZT в/из=85200/0; tx=1/0; роль не определена; баланс неизвестен,3,False,1,85200.000000000,1,0,0.000000000,0,0.000286776,0.000000000,False,False,3,0,1,0,0.000000000,0.000000000,1.000000000,0.736000404,0.176291434,0.150190483,0.600000000,0.000000000,0.368586980
100000002659103100,peripheral,0.150000000,43,0.184828907,Гип. peripheral; d=4; контр. в/из=1/0; KZT в/из=165000/0; tx=1/0; роль не определена; обрыв d=4; дальнейший выход неизвестен,4,False,1,165000.000000000,1,0,0.000000000,0,0.000347576,,True,False,1,0,1,0,0.000000000,0.000000000,1.000000000,0.778849063,0.176291434,0.150190483,0.200000000,0.000000000,0.321441578
100000002659265100,peripheral,0.150000000,9,0.183071084,Гип. peripheral; d=4; контр. в/из=1/0; KZT в/из=141000/0; tx=1/0; роль не определена; обрыв d=4; дальнейший выход неизвестен,4,False,1,141000.000000000,1,0,0.000000000,0,0.000317945,,True,False,1,0,1,0,0.000000000,0.000000000,0.000000000,0.768658782,0.176291434,0.150190483,0.200000000,0.000000000,0.318384494
100000002660298100,peripheral,0.150000000,8,0.183345256,Гип. peripheral; d=4; контр. в/из=1/0; KZT в/из=30900/0; tx=1/0; роль не определена; обрыв d=4; дальнейший выход неизвестен,4,False,1,30900.000000000,1,0,0.000000000,0,0.000295516,,True,False,2,0,1,0,0.000000000,0.000000000,1.000000000,0.670248183,0.176291434,0.150190483,0.400000000,0.000000000,0.318861314
100000002662768100,peripheral,0.200000000,3,0.185028266,Гип. peripheral; d=1; контр. в/из=1/0; KZT в/из=84300/0; tx=1/0; роль не определена; баланс неизвестен,1,False,1,84300.000000000,1,0,0.000000000,0,0.000304787,0.000000000,False,False,1,1,1,0,0.000000000,0.000000000,0.000000000,0.735311945,0.176291434,0.150190483,0.200000000,0.000000000,0.308380443
100000002663511100,peripheral,0.200000000,1,0.198565925,Гип. peripheral; d=3; контр. в/из=1/0; KZT в/из=268940/0; tx=1/0; роль не определена; баланс неизвестен,3,False,1,268940.000000000,1,0,0.000000000,0,0.000307706,0.000000000,False,False,1,0,1,0,0.000000000,0.000000000,1.000000000,0.810521161,0.176291434,0.150190483,0.200000000,0.000000000,0.330943208
100000002666248100,peripheral,0.200000000,3,0.236864441,Гип. peripheral; d=1; контр. в/из=1/0; KZT в/из=70032/0; tx=1/0; роль не определена; баланс неизвестен,1,False,1,70032.000000000,1,0,0.000000000,0,0.000297947,0.000000000,False,False,4,1,1,0,0.000000000,0.000000000,1.000000000,0.723290695,0.176291434,0.150190483,0.800000000,0.000000000,0.394774068
100000002670463100,peripheral,0.150000000,8,0.166310317,Гип. peripheral; d=4; контр. в/из=1/0; KZT в/из=31500/0; tx=1/0; роль не определена; обрыв d=4; дальнейший выход неизвестен,4,False,1,31500.000000000,1,0,0.000000000,0,0.000300783,,True,False,1,0,1,0,0.000000000,0.000000000,0.000000000,0.671494913,0.176291434,0.150190483,0.200000000,0.000000000,0.289235333
100000002670860100,peripheral,0.200000000,14,0.260854730,Гип. peripheral; d=1; контр. в/из=2/0; KZT в/из=450000/0; tx=2/0; роль не определена; баланс неизвестен,1,False,2,450000.000000000,2,0,0.000000000,0,0.000307254,0.000000000,False,False,3,1,2,0,0.000000000,0.000000000,1.000000000,0.843892927,0.279415313,0.238046284,0.600000000,0.000000000,0.434757883
100000002670960100,peripheral,0.200000000,14,0.223333501,Гип. peripheral; d=3; контр. в/из=1/0; KZT в/из=480310/0; tx=1/0; роль не определена; баланс неизвестен,3,False,1,480310.000000000,1,0,0.000000000,0,0.000306752,0.000000000,False,False,2,0,1,0,0.000000000,0.000000000,1.000000000,0.848118809,0.176291434,0.150190483,0.400000000,0.000000000,0.372222502
100000002671326100,peripheral,0.150000000,10,0.213102008,Гип. peripheral; d=4; контр. в/из=1/0; KZT в/из=1050000/0; tx=2/0; роль не определена; обрыв d=4; дальнейший выход неизвестен,4,False,1,1050000.000000000,2,0,0.000000000,0,0.000625496,,True,False,1,0,2,0,0.000000000,0.000000000,1.000000000,0.898823197,0.176291434,0.238046284,0.200000000,0.000000000,0.370612189
100000002671806100,peripheral,0.200000000,11,0.162700067,Гип. peripheral; d=1; контр. в/из=1/0; KZT в/из=12440/0; tx=1/0; роль не определена; баланс неизвестен,1,False,1,12440.000000000,1,0,0.000000000,0,0.000286088,0.000000000,False,False,1,1,1,0,0.000000000,0.000000000,1.000000000,0.611266394,0.176291434,0.150190483,0.200000000,0.000000000,0.271166778
100000002677201100,peripheral,0.200000000,10,0.199659763,Гип. peripheral; d=3; контр. в/из=1/1; KZT в/из=150000/87750; tx=1/1; роль не определена; баланс неизвестен,3,False,1,150000.000000000,1,1,87750.000000000,1,0.000307388,0.585000000,False,False,1,0,1,1,0.000000000,0.000000000,1.000000000,0.772670139,0.176291434,0.238046284,0.200000000,0.000000000,0.332766271
100000002679516100,terminal,0.480000000,11,0.406954001,Гип. terminal; d=1; контр. в/из=3/0; KZT в/из=102335/0; tx=3/0; out/in=0.000; до24.07=100%; остаток неизвестен; гипотеза в окне,1,False,3,102335.000000000,3,0,0.000000000,0,0.000324998,0.000000000,False,False,4,1,3,0,0.000000000,0.000000000,1.000000000,0.747880401,0.352582869,0.300380966,0.800000000,0.450000000,0.549937839
100000002680477100,peripheral,0.200000000,14,0.170844360,Гип. peripheral; d=2; контр. в/из=1/0; KZT в/из=25000/0; tx=1/0; роль не определена; баланс неизвестен,2,False,1,25000.000000000,1,0,0.000000000,0,0.000292968,0.000000000,False,False,1,0,1,0,0.000000000,0.000000000,0.000000000,0.656512467,0.176291434,0.150190483,0.200000000,0.000000000,0.284740599
100000002681449100,peripheral,0.200000000,10,0.220592640,Гип. peripheral; d=1; контр. в/из=2/2; KZT в/из=94638/133000; tx=2/2; роль не определена; выход>1.2 входа: пропуски/начальный остаток,1,False,2,94638.000000000,2,2,133000.000000000,2,0.000293534,1.405355143,False,True,1,1,2,2,0.000000000,0.000000000,1.000000000,0.764872038,0.279415313,0.348731503,0.200000000,0.000000000,0.367654399
100000002681544100,peripheral,0.200000000,7,0.213222404,Гип. peripheral; d=3; контр. в/из=2/0; KZT в/из=166072/0; tx=2/0; роль не определена; баланс неизвестен,3,False,2,166072.000000000,2,0,0.000000000,0,0.000333814,0.000000000,False,False,1,0,1,0,0.000000000,0.000000000,1.000000000,0.779268897,0.279415313,0.238046284,0.200000000,0.000000000,0.355370674
100000002686226100,peripheral,0.150000000,17,0.203118124,Гип. peripheral; d=4; контр. в/из=1/0; KZT в/из=430000/0; tx=2/0; роль не определена; обрыв d=4; дальнейший выход неизвестен,4,False,1,430000.000000000,2,0,0.000000000,0,0.000650419,,True,False,1,0,2,0,0.000000000,0.000000000,1.000000000,0.840945606,0.176291434,0.238046284,0.200000000,0.000000000,0.353248911
100000002689717100,peripheral,0.150000000,8,0.188153601,Гип. peripheral; d=4; контр. в/из=1/0; KZT в/из=47500/0; tx=1/0; роль не определена; обрыв d=4; дальнейший выход неизвестен,4,False,1,47500.000000000,1,0,0.000000000,0,0.000301683,,True,False,2,0,1,0,0.000000000,0.000000000,0.000000000,0.698122650,0.176291434,0.150190483,0.400000000,0.000000000,0.327223654
100000002691583100,peripheral,0.200000000,26,0.199250944,Гип. peripheral; d=3; контр. в/из=1/0; KZT в/из=285200/0; tx=1/0; роль не определена; баланс неизвестен,3,False,1,285200.000000000,1,0,0.000000000,0,0.000354921,0.000000000,False,False,1,0,1,0,0.000000000,0.000000000,1.000000000,0.814326825,0.176291434,0.150190483,0.200000000,0.000000000,0.332084907
100000002691858100,peripheral,0.200000000,32,0.179277670,Гип. peripheral; d=2; контр. в/из=1/0; KZT в/из=51500/0; tx=1/0; роль не определена; баланс неизвестен,2,False,1,51500.000000000,1,0,0.000000000,0,0.000340453,0.000000000,False,False,1,0,1,0,0.000000000,0.000000000,1.000000000,0.703364188,0.176291434,0.150190483,0.200000000,0.000000000,0.298796116
100000002692044100,peripheral,0.200000000,11,0.186665805,Гип. peripheral; d=1; контр. в/из=1/0; KZT в/из=97000/0; tx=1/0; роль не определена; баланс неизвестен,1,False,1,97000.000000000,1,0,0.000000000,0,0.000300030,0.000000000,False,False,1,1,1,0,0.000000000,0.000000000,1.000000000,0.744409386,0.176291434,0.150190483,0.200000000,0.000000000,0.311109675
100000002692750100,peripheral,0.200000000,7,0.280526149,Гип. peripheral; d=2; контр. в/из=3/1; KZT в/из=112830/77000; tx=3/8; роль не определена; баланс неизвестен,2,False,3,112830.000000000,3,1,77000.000000000,8,0.002115774,0.682442613,False,False,3,0,3,8,7000.000000000,0.062040238,0.177257822,0.754209732,0.352582869,0.538427250,0.600000000,0.000000000,0.467543581
100000002695812100,peripheral,0.150000000,8,0.195905074,Гип. peripheral; d=4; контр. в/из=1/0; KZT в/из=95000/0; tx=1/0; роль не определена; обрыв d=4; дальнейший выход неизвестен,4,False,1,95000.000000000,1,0,0.000000000,0,0.000319328,,True,False,2,0,1,0,0.000000000,0.000000000,1.000000000,0.743058725,0.176291434,0.150190483,0.400000000,0.000000000,0.340704477
100000002696152100,peripheral,0.200000000,12,0.248007376,Гип. peripheral; d=3; контр. в/из=1/2; KZT в/из=21800/69000; tx=3/8; роль не определена; выход>1.2 входа: пропуски/начальный остаток,3,False,1,21800.000000000,3,2,69000.000000000,8,0.001197294,3.165137615,False,True,2,0,3,7,12800.000000000,0.587155963,1.000000000,0.722328256,0.279415313,0.538427250,0.400000000,0.000000000,0.413345627
100000002697752100,peripheral,0.200000000,4,0.232841242,Гип. peripheral; d=3; контр. в/из=2/0; KZT в/из=190785/0; tx=2/0; роль не определена; баланс неизвестен,3,False,2,190785.000000000,2,0,0.000000000,0,0.000327694,0.000000000,False,False,2,0,2,0,0.000000000,0.000000000,1.000000000,0.788262439,0.279415313,0.238046284,0.400000000,0.000000000,0.388068737
100000002700161100,peripheral,0.150000000,49,0.168698686,Гип. peripheral; d=4; контр. в/из=1/0; KZT в/из=39000/0; tx=1/0; роль не определена; обрыв d=4; дальнейший выход неизвестен,4,False,1,39000.000000000,1,0,0.000000000,0,0.000896227,,True,False,1,0,1,0,0.000000000,0.000000000,1.000000000,0.685340534,0.176291434,0.150190483,0.200000000,0.000000000,0.293389020
100000002702968100,peripheral,0.150000000,8,0.183595761,Гип. peripheral; d=4; контр. в/из=1/0; KZT в/из=31600/0; tx=1/0; роль не определена; обрыв d=4; дальнейший выход неизвестен,4,False,1,31600.000000000,1,0,0.000000000,0,0.000295776,,True,False,2,0,1,0,0.000000000,0.000000000,1.000000000,0.671700390,0.176291434,0.150190483,0.400000000,0.000000000,0.319296976
100000002703376100,peripheral,0.200000000,1,0.196086154,Гип. peripheral; d=2; контр. в/из=1/0; KZT в/из=46501/0; tx=1/0; роль не определена; баланс неизвестен,2,False,1,46501.000000000,1,0,0.000000000,0,0.000291222,0.000000000,False,False,2,0,1,0,0.000000000,0.000000000,1.000000000,0.696744659,0.176291434,0.150190483,0.400000000,0.000000000,0.326810257
100000002704875100,terminal,0.490000000,4,0.450099771,Гип. terminal; d=1; контр. в/из=3/0; KZT в/из=244891/0; tx=4/0; out/in=0.000; до24.07=100%; остаток неизвестен; гипотеза в окне,1,False,3,244891.000000000,4,0,0.000000000,0,0.000313312,0.000000000,False,False,5,1,4,0,0.000000000,0.000000000,1.000000000,0.804448225,0.352582869,0.348731503,1.000000000,0.450000000,0.604160767
100000002705460100,peripheral,0.200000000,5,0.186422686,Гип. peripheral; d=3; контр. в/из=1/0; KZT в/из=95000/0; tx=1/0; роль не определена; баланс неизвестен,3,False,1,95000.000000000,1,0,0.000000000,0,0.000554239,0.000000000,False,False,1,0,1,0,0.000000000,0.000000000,1.000000000,0.743058725,0.176291434,0.150190483,0.200000000,0.000000000,0.310704477
100000002706810100,peripheral,0.150000000,8,0.170298971,Гип. peripheral; d=4; контр. в/из=1/0; KZT в/из=45000/0; tx=1/0; роль не определена; обрыв d=4; дальнейший выход неизвестен,4,False,1,45000.000000000,1,0,0.000000000,0,0.000307960,,True,False,1,0,1,0,0.000000000,0.000000000,0.000000000,0.694617546,0.176291434,0.150190483,0.200000000,0.000000000,0.296172123
100000002707106100,peripheral,0.150000000,15,0.165591050,Гип. peripheral; d=4; контр. в/из=1/0; KZT в/из=15000/0; tx=2/0; роль не определена; обрыв d=4; дальнейший выход неизвестен,4,False,1,15000.000000000,2,0,0.000000000,0,0.000285068,,True,False,1,0,2,0,0.000000000,0.000000000,1.000000000,0.623397351,0.176291434,0.238046284,0.200000000,0.000000000,0.287984435
100000002708624100,peripheral,0.200000000,25,0.170844360,Гип. peripheral; d=3; контр. в/из=1/0; KZT в/из=25000/0; tx=1/0; роль не определена; баланс неизвестен,3,False,1,25000.000000000,1,0,0.000000000,0,0.000326871,0.000000000,False,False,1,0,1,0,0.000000000,0.000000000,1.000000000,0.656512467,0.176291434,0.150190483,0.200000000,0.000000000,0.284740599
100000002710570100,peripheral,0.200000000,31,0.214485030,Гип. peripheral; d=2; контр. в/из=1/0; KZT в/из=225015/0; tx=1/0; роль не определена; баланс неизвестен,2,False,1,225015.000000000,1,0,0.000000000,0,0.000535746,0.000000000,False,False,2,0,1,0,0.000000000,0.000000000,1.000000000,0.798960635,0.176291434,0.150190483,0.400000000,0.000000000,0.357475050
100000002712416100,peripheral,0.200000000,14,0.263115289,Гип. peripheral; d=3; контр. в/из=2/0; KZT в/из=116800/0; tx=2/0; роль не определена; баланс неизвестен,3,False,2,116800.000000000,2,0,0.000000000,0,0.000301010,0.000000000,False,False,4,0,2,0,0.000000000,0.000000000,1.000000000,0.756451588,0.279415313,0.238046284,0.800000000,0.000000000,0.438525481
100000002713074100,peripheral,0.200000000,17,0.239972316,Гип. peripheral; d=3; контр. в/из=2/1; KZT в/из=700000/430000; tx=2/2; роль не определена; баланс неизвестен,3,False,2,700000.000000000,2,1,430000.000000000,2,0.000431037,0.614285714,False,False,1,0,1,2,0.000000000,0.000000000,1.000000000,0.872536910,0.279415313,0.348731503,0.200000000,0.000000000,0.399953861
100000002713974100,peripheral,0.150000000,4,0.171477212,Гип. peripheral; d=4; контр. в/из=1/0; KZT в/из=50000/0; tx=1/0; роль не определена; обрыв d=4; дальнейший выход неизвестен,4,False,1,50000.000000000,1,0,0.000000000,0,0.000328116,,True,False,1,0,1,0,0.000000000,0.000000000,1.000000000,0.701447928,0.176291434,0.150190483,0.200000000,0.000000000,0.298221238
100000002718366100,consolidator,0.665000000,9,0.652372876,Гип. consolidator; d=2; контр. в/из=6/0; KZT в/из=2525000/0; tx=10/0; seed-вход=0; баланс неизвестен,2,False,6,2525000.000000000,10,0,0.000000000,0,0.000677485,0.000000000,False,False,5,0,5,0,0.000000000,0.000000000,0.315247525,0.955708335,0.494912626,0.519573706,1.000000000,0.850000000,0.783631082
100000002720627100,peripheral,0.200000000,12,0.267068886,Гип. peripheral; d=1; контр. в/из=1/0; KZT в/из=199300/0; tx=1/0; роль не определена; баланс неизвестен,1,False,1,199300.000000000,1,0,0.000000000,0,0.000314096,0.000000000,False,False,5,1,1,0,0.000000000,0.000000000,1.000000000,0.791093169,0.176291434,0.150190483,1.000000000,0.000000000,0.445114810
100000002721825100,peripheral,0.200000000,1,0.161264598,Гип. peripheral; d=2; контр. в/из=1/0; KZT в/из=11000/0; tx=1/0; роль не определена; баланс неизвестен,2,False,1,11000.000000000,1,0,0.000000000,0,0.000528270,0.000000000,False,False,1,0,1,0,0.000000000,0.000000000,1.000000000,0.603291567,0.176291434,0.150190483,0.200000000,0.000000000,0.268774330
100000002722108100,peripheral,0.200000000,14,0.237194011,Гип. peripheral; d=3; контр. в/из=1/0; KZT в/из=800000/0; tx=2/0; роль не определена; баланс неизвестен,3,False,1,800000.000000000,2,0,0.000000000,0,0.000321870,0.000000000,False,False,2,0,2,0,0.000000000,0.000000000,1.000000000,0.881193743,0.176291434,0.238046284,0.400000000,0.000000000,0.395323352
100000002723439100,peripheral,0.150000000,12,0.167629861,Гип. peripheral; d=4; контр. в/из=1/0; KZT в/из=18000/0; tx=2/0; роль не определена; обрыв d=4; дальнейший выход неизвестен,4,False,1,18000.000000000,2,0,0.000000000,0,0.000549524,,True,False,1,0,2,0,0.000000000,0.000000000,0.555555556,0.635216544,0.176291434,0.238046284,0.200000000,0.000000000,0.291530193
100000002723538100,peripheral,0.200000000,4,0.325111262,Гип. peripheral; d=2; контр. в/из=3/12; KZT в/из=105647/560499; tx=3/14; роль не определена; выход>1.2 входа: пропуски/начальный остаток,2,False,3,105647.000000000,3,12,560499.000000000,14,0.000318532,5.305394379,False,True,2,0,3,11,105647.000000000,1.000000000,1.000000000,0.858128270,0.652355826,0.626283051,0.400000000,0.000000000,0.541852104
100000002723674100,peripheral,0.150000000,21,0.165764705,Гип. peripheral; d=4; контр. в/из=1/0; KZT в/из=30000/0; tx=1/0; роль не определена; обрыв d=4; дальнейший выход неизвестен,4,False,1,30000.000000000,1,0,0.000000000,0,0.000325309,,True,False,1,0,1,0,0.000000000,0.000000000,1.000000000,0.668331948,0.176291434,0.150190483,0.200000000,0.000000000,0.288286444
100000002726055100,peripheral,0.150000000,21,0.153479470,Гип. peripheral; d=4; контр. в/из=1/0; KZT в/из=10000/0; tx=1/0; роль не определена; обрыв d=4; дальнейший выход неизвестен,4,False,1,10000.000000000,1,0,0.000000000,0,0.000338096,,True,False,1,0,1,0,0.000000000,0.000000000,0.000000000,0.597113194,0.176291434,0.150190483,0.200000000,0.000000000,0.266920818
100000002727288100,peripheral,0.200000000,16,0.201636716,Гип. peripheral; d=3; контр. в/из=1/0; KZT в/из=16000/0; tx=1/0; роль не определена; баланс неизвестен,3,False,1,16000.000000000,1,0,0.000000000,0,0.000364103,0.000000000,False,False,3,0,1,0,0.000000000,0.000000000,1.000000000,0.627581116,0.176291434,0.150190483,0.600000000,0.000000000,0.336061194
100000002728246100,peripheral,0.150000000,6,0.187979470,Гип. peripheral; d=4; контр. в/из=1/0; KZT в/из=10000/0; tx=1/0; роль не определена; обрыв d=4; дальнейший выход неизвестен,4,False,1,10000.000000000,1,0,0.000000000,0,0.000535420,,True,False,3,0,1,0,0.000000000,0.000000000,0.000000000,0.597113194,0.176291434,0.150190483,0.600000000,0.000000000,0.326920818
100000002729875100,peripheral,0.150000000,8,0.193409649,Гип. peripheral; d=4; контр. в/из=1/0; KZT в/из=76000/0; tx=1/0; роль не определена; обрыв d=4; дальнейший выход неизвестен,4,False,1,76000.000000000,1,0,0.000000000,0,0.000312270,,True,False,2,0,1,0,0.000000000,0.000000000,1.000000000,0.728592491,0.176291434,0.150190483,0.400000000,0.000000000,0.336364607
100000002731501100,peripheral,0.200000000,24,0.305546636,Гип. peripheral; d=1; контр. в/из=3/7; KZT в/из=570370/833960; tx=7/20; роль не определена; выход>1.2 входа: пропуски/начальный остаток,1,False,3,570370.000000000,7,7,833960.000000000,20,0.000482585,1.462138612,False,True,1,1,5,15,170000.000000000,0.298052142,0.298700843,0.883888965,0.528874303,0.722018959,0.200000000,0.000000000,0.509244394
100000002733083100,peripheral,0.150000000,8,0.175411601,Гип. peripheral; d=4; контр. в/из=1/0; KZT в/из=15200/0; tx=1/0; роль не определена; обрыв d=4; дальнейший выход неизвестен,4,False,1,15200.000000000,1,0,0.000000000,0,0.000289684,,True,False,2,0,1,0,0.000000000,0.000000000,1.000000000,0.624255983,0.176291434,0.150190483,0.400000000,0.000000000,0.305063654
100000002733905100,peripheral,0.200000000,2,0.260508579,Гип. peripheral; d=2; контр. в/из=3/2; KZT в/из=100000/717839; tx=5/3; роль не определена; выход>1.2 входа: пропуски/начальный остаток,2,False,3,100000.000000000,5,2,717839.000000000,3,0.003064202,7.178390000,False,True,1,0,4,3,40000.000000000,0.400000000,1.000000000,0.874168353,0.352582869,0.476092568,0.200000000,0.000000000,0.434180965
100000002734815100,peripheral,0.150000000,9,0.180294551,Гип. peripheral; d=4; контр. в/из=1/0; KZT в/из=110000/0; tx=1/0; роль не определена; обрыв d=4; дальнейший выход неизвестен,4,False,1,110000.000000000,1,0,0.000000000,0,0.000310490,,True,False,1,0,1,0,0.000000000,0.000000000,0.000000000,0.752562941,0.176291434,0.150190483,0.200000000,0.000000000,0.313555742
100000002736033100,peripheral,0.200000000,17,0.182519919,Гип. peripheral; d=3; контр. в/из=1/1; KZT в/из=34530/11000; tx=1/1; роль не определена; баланс неизвестен,3,False,1,34530.000000000,1,1,11000.000000000,1,0.000293579,0.318563568,False,False,1,0,1,1,0.000000000,0.000000000,1.000000000,0.677448786,0.176291434,0.238046284,0.200000000,0.000000000,0.304199865
100000002736316100,terminal,0.480000000,1,0.398551796,Гип. terminal; d=3; контр. в/из=3/0; KZT в/из=266921/0; tx=3/0; out/in=0.000; до24.07=100%; остаток неизвестен; гипотеза в окне,3,False,3,266921.000000000,3,0,0.000000000,0,0.000381563,0.000000000,False,False,3,0,2,0,0.000000000,0.000000000,1.000000000,0.810032631,0.352582869,0.300380966,0.600000000,0.450000000,0.538583508
100000002737980100,peripheral,0.200000000,5,0.192048630,Гип. peripheral; d=3; контр. в/из=1/0; KZT в/из=32900/0; tx=1/0; роль не определена; баланс неизвестен,3,False,1,32900.000000000,1,0,0.000000000,0,0.000293827,0.000000000,False,False,2,0,1,0,0.000000000,0.000000000,1.000000000,0.674313967,0.176291434,0.150190483,0.400000000,0.000000000,0.320081050
100000002738256100,peripheral,0.200000000,52,0.201458599,Гип. peripheral; d=2; контр. в/из=1/1; KZT в/из=150200/175000; tx=1/1; роль не определена; баланс неизвестен,2,False,1,150200.000000000,1,1,175000.000000000,1,0.000506253,1.165113182,False,False,1,0,1,1,150200.000000000,1.000000000,1.000000000,0.782663672,0.176291434,0.238046284,0.200000000,0.000000000,0.335764331
100000002741024100,peripheral,0.200000000,1,0.327514589,Гип. peripheral; d=2; контр. в/из=5/6; KZT в/из=817980.85/434989; tx=9/7; роль не определена; баланс неизвестен,2,False,5,817980.850000000,9,6,434989.000000000,7,0.002920511,0.531783843,False,False,3,0,8,6,28203.000000000,0.034478802,0.388738746,0.882634731,0.494912626,0.613898019,0.600000000,0.000000000,0.545857648
100000002742067100,peripheral,0.200000000,16,0.198968959,Гип. peripheral; d=2; контр. в/из=1/0; KZT в/из=12730/0; tx=1/0; роль не определена; баланс неизвестен,2,False,1,12730.000000000,1,0,0.000000000,0,0.000288056,0.000000000,False,False,3,0,1,0,0.000000000,0.000000000,0.000000000,0.612760240,0.176291434,0.150190483,0.600000000,0.000000000,0.331614931
100000002744581100,peripheral,0.200000000,7,0.162279880,Гип. peripheral; d=2; контр. в/из=1/0; KZT в/из=12000/0; tx=1/0; роль не определена; баланс неизвестен,2,False,1,12000.000000000,1,0,0.000000000,0,0.000323167,0.000000000,False,False,1,0,1,0,0.000000000,0.000000000,1.000000000,0.608932027,0.176291434,0.150190483,0.200000000,0.000000000,0.270466467
100000002748040100,peripheral,0.150000000,8,0.177302298,Гип. peripheral; d=4; контр. в/из=1/0; KZT в/из=18000/0; tx=1/0; роль не определена; обрыв d=4; дальнейший выход неизвестен,4,False,1,18000.000000000,1,0,0.000000000,0,0.000290724,,True,False,2,0,1,0,0.000000000,0.000000000,1.000000000,0.635216544,0.176291434,0.150190483,0.400000000,0.000000000,0.308351823
100000002748180100,peripheral,0.200000000,14,0.288535274,Гип. peripheral; d=1; контр. в/из=1/8; KZT в/из=9900/679743; tx=1/9; роль не определена; выход>1.2 входа: пропуски/начальный остаток,1,False,1,9900.000000000,1,8,679743.000000000,9,0.000285670,68.660909091,False,True,1,1,1,6,0.000000000,0.000000000,1.000000000,0.870633143,0.558830625,0.519573706,0.200000000,0.000000000,0.480892124
100000002748511100,peripheral,0.150000000,5,0.161230502,Гип. peripheral; d=4; контр. в/из=1/0; KZT в/из=20000/0; tx=1/0; роль не определена; обрыв d=4; дальнейший выход неизвестен,4,False,1,20000.000000000,1,0,0.000000000,0,0.000563363,,True,False,1,0,1,0,0.000000000,0.000000000,0.000000000,0.642046710,0.176291434,0.150190483,0.200000000,0.000000000,0.280400872
100000002748532100,peripheral,0.200000000,18,0.317203761,Гип. peripheral; d=2; контр. в/из=3/2; KZT в/из=355575/646685; tx=3/7; роль не определена; выход>1.2 входа: пропуски/начальный остаток,2,False,3,355575.000000000,3,2,646685.000000000,7,0.000337263,1.818702102,False,True,4,0,3,4,0.000000000,0.000000000,0.508964354,0.867401015,0.352582869,0.519573706,0.800000000,0.000000000,0.528672934
100000002748581100,peripheral,0.200000000,15,0.176668107,Гип. peripheral; d=3; контр. в/из=1/0; KZT в/из=41180/0; tx=1/0; роль не определена; баланс неизвестен,3,False,1,41180.000000000,1,0,0.000000000,0,0.000295637,0.000000000,False,False,1,0,1,0,0.000000000,0.000000000,1.000000000,0.688866621,0.176291434,0.150190483,0.200000000,0.000000000,0.294446846
100000002748761100,terminal,0.480000000,14,0.366000746,Гип. terminal; d=3; контр. в/из=1/0; KZT в/из=796800/0; tx=3/0; out/in=0.000; до24.07=100%; остаток неизвестен; гипотеза в окне,3,False,1,796800.000000000,3,0,0.000000000,0,0.000321719,0.000000000,False,False,2,0,2,0,0.000000000,0.000000000,1.000000000,0.880933903,0.176291434,0.300380966,0.400000000,0.450000000,0.494595603
100000002750332100,peripheral,0.200000000,9,0.161640356,Гип. peripheral; d=1; контр. в/из=1/0; KZT в/из=11360/0; tx=1/0; роль не определена; баланс неизвестен,1,False,1,11360.000000000,1,0,0.000000000,0,0.000285249,0.000000000,False,False,1,1,1,0,0.000000000,0.000000000,1.000000000,0.605379111,0.176291434,0.150190483,0.200000000,0.000000000,0.269400593
100000002750956100,peripheral,0.200000000,1,0.178313538,Гип. peripheral; d=1; контр. в/из=1/0; KZT в/из=47416/0; tx=1/0; роль не определена; баланс неизвестен,1,False,1,47416.000000000,1,0,0.000000000,0,0.000292866,0.000000000,False,False,1,1,1,0,0.000000000,0.000000000,1.000000000,0.698007904,0.176291434,0.150190483,0.200000000,0.000000000,0.297189231
100000002752565100,peripheral,0.150000000,4,0.190192497,Гип. peripheral; d=4; контр. в/из=1/0; KZT в/из=57000/0; tx=1/0; роль не определена; обрыв d=4; дальнейший выход неизвестен,4,False,1,57000.000000000,1,0,0.000000000,0,0.000336336,,True,False,2,0,1,0,0.000000000,0.000000000,0.000000000,0.709942336,0.176291434,0.150190483,0.400000000,0.000000000,0.330769560
100000002753146100,terminal,0.480000000,14,0.366121976,Гип. terminal; d=3; контр. в/из=1/0; KZT в/из=803540/0; tx=3/0; out/in=0.000; до24.07=100%; остаток неизвестен; гипотеза в окне,3,False,1,803540.000000000,3,0,0.000000000,0,0.000322037,0.000000000,False,False,2,0,2,0,0.000000000,0.000000000,1.000000000,0.881479983,0.176291434,0.300380966,0.400000000,0.450000000,0.494759427
100000002755292100,peripheral,0.200000000,6,0.231306512,Гип. peripheral; d=3; контр. в/из=1/0; KZT в/из=203400/0; tx=1/0; роль не определена; баланс неизвестен,3,False,1,203400.000000000,1,0,0.000000000,0,0.000290575,0.000000000,False,False,3,0,1,0,0.000000000,0.000000000,1.000000000,0.792413313,0.176291434,0.150190483,0.600000000,0.000000000,0.385510853
100000002757240100,peripheral,0.200000000,3,0.215205620,Гип. peripheral; d=2; контр. в/из=1/0; KZT в/из=51183/0; tx=1/0; роль не определена; баланс неизвестен,2,False,1,51183.000000000,1,0,0.000000000,0,0.000315076,0.000000000,False,False,3,0,1,0,0.000000000,0.000000000,1.000000000,0.702963912,0.176291434,0.150190483,0.600000000,0.000000000,0.358676033
100000002757791100,peripheral,0.200000000,27,0.183356788,Гип. peripheral; d=3; контр. в/из=1/0; KZT в/из=73050/0; tx=1/0; роль не определена; баланс неизвестен,3,False,1,73050.000000000,1,0,0.000000000,0,0.000309336,0.000000000,False,False,1,0,1,0,0.000000000,0.000000000,1.000000000,0.726025956,0.176291434,0.150190483,0.200000000,0.000000000,0.305594646
100000002757797100,peripheral,0.200000000,11,0.187021242,Гип. peripheral; d=1; контр. в/из=1/0; KZT в/из=100000/0; tx=1/0; роль не определена; баланс неизвестен,1,False,1,100000.000000000,1,0,0.000000000,0,0.000300525,0.000000000,False,False,1,1,1,0,0.000000000,0.000000000,1.000000000,0.746384037,0.176291434,0.150190483,0.200000000,0.000000000,0.311702071
100000002760175100,peripheral,0.200000000,12,0.266351075,Гип. peripheral; d=1; контр. в/из=1/0; KZT в/из=187410/0; tx=1/0; роль не определена; баланс неизвестен,1,False,1,187410.000000000,1,0,0.000000000,0,0.000312303,0.000000000,False,False,5,1,1,0,0.000000000,0.000000000,1.000000000,0.787105332,0.176291434,0.150190483,1.000000000,0.000000000,0.443918459
100000002762076100,peripheral,0.200000000,7,0.234868786,Гип. peripheral; d=1; контр. в/из=2/1; KZT в/из=140350/30000; tx=2/1; роль не определена; баланс неизвестен,1,False,2,140350.000000000,2,1,30000.000000000,1,0.000297525,0.213751336,False,False,2,2,2,1,0.000000000,0.000000000,1.000000000,0.768359232,0.279415313,0.300380966,0.400000000,0.000000000,0.391447977
100000002769809100,peripheral,0.200000000,19,0.188490934,Гип. peripheral; d=3; контр. в/из=1/0; KZT в/из=113422/0; tx=1/0; роль не определена; баланс неизвестен,3,False,1,113422.000000000,1,0,0.000000000,0,0.000375593,0.000000000,False,False,1,0,1,0,0.000000000,0.000000000,1.000000000,0.754548992,0.176291434,0.150190483,0.200000000,0.000000000,0.314151557
100000002773323100,peripheral,0.200000000,10,0.281983021,Гип. peripheral; d=3; контр. в/из=2/1; KZT в/из=285000/1171644; tx=2/2; роль не определена; выход>1.2 входа: пропуски/начальный остаток,3,False,2,285000.000000000,2,1,1171644.000000000,2,0.000323703,4.111031579,False,True,3,0,1,2,0.000000000,0.000000000,1.000000000,0.905929712,0.279415313,0.348731503,0.600000000,0.000000000,0.469971701
100000002774456100,peripheral,0.200000000,12,0.251017155,Гип. peripheral; d=1; контр. в/из=1/0; KZT в/из=50363/0; tx=1/0; роль не определена; баланс неизвестен,1,False,1,50363.000000000,1,0,0.000000000,0,0.000291633,0.000000000,False,False,5,1,1,0,0.000000000,0.000000000,1.000000000,0.701916884,0.176291434,0.150190483,1.000000000,0.000000000,0.418361925
100000002778085100,peripheral,0.200000000,5,0.200209202,Гип. peripheral; d=1; контр. в/из=1/0; KZT в/из=66208/0; tx=1/0; роль не определена; баланс неизвестен,1,False,1,66208.000000000,1,0,0.000000000,0,0.000291109,0.000000000,False,False,2,1,1,0,0.000000000,0.000000000,1.000000000,0.719650478,0.176291434,0.150190483,0.400000000,0.000000000,0.333682003
100000002779485100,peripheral,0.200000000,4,0.193827726,Гип. peripheral; d=2; контр. в/из=1/0; KZT в/из=91000/0; tx=2/0; роль не определена; баланс неизвестен,2,False,1,91000.000000000,2,0,0.000000000,0,0.000543631,0.000000000,False,False,1,0,2,0,0.000000000,0.000000000,1.000000000,0.740269937,0.176291434,0.238046284,0.200000000,0.000000000,0.323046210
100000002781227100,transit,0.599708000,62,0.451744916,Гип. transit; d=1; контр. в/из=2/3; KZT в/из=191167.62/212420; tx=8/10; out/in=1.111; 1–2д=22%; баланс неизвестен,1,False,2,191167.620000000,8,3,212420.000000000,10,0.002373239,1.111171442,False,False,1,1,7,6,42167.620000000,0.220579301,0.973844943,0.795226337,0.352582869,0.637998286,0.200000000,0.650000000,0.564784218
100000002784085100,peripheral,0.200000000,9,0.195109800,Гип. peripheral; d=1; контр. в/из=1/0; KZT в/из=200000/0; tx=1/0; роль не определена; баланс неизвестен,1,False,1,200000.000000000,1,0,0.000000000,0,0.000305376,0.000000000,False,False,1,1,1,0,0.000000000,0.000000000,0.000000000,0.791320471,0.176291434,0.150190483,0.200000000,0.000000000,0.325183001
100000002791494100,peripheral,0.150000000,8,0.194773809,Гип. peripheral; d=4; контр. в/из=1/0; KZT в/из=85860/0; tx=1/0; роль не определена; обрыв d=4; дальнейший выход неизвестен,4,False,1,85860.000000000,1,0,0.000000000,0,0.000315933,,True,False,2,0,1,0,0.000000000,0.000000000,0.000000000,0.736500667,0.176291434,0.150190483,0.400000000,0.000000000,0.338737060
100000002793851100,peripheral,0.200000000,5,0.179319627,Гип. peripheral; d=1; контр. в/из=1/0; KZT в/из=11052/0; tx=1/0; роль не определена; баланс неизвестен,1,False,1,11052.000000000,1,0,0.000000000,0,0.000285218,0.000000000,False,False,2,1,1,0,0.000000000,0.000000000,1.000000000,0.603597287,0.176291434,0.150190483,0.400000000,0.000000000,0.298866045
100000002793881100,peripheral,0.200000000,9,0.299747143,Гип. peripheral; d=3; контр. в/из=3/0; KZT в/из=785600/0; tx=3/0; роль не определена; баланс неизвестен,3,False,3,785600.000000000,3,0,0.000000000,0,0.000373013,0.000000000,False,False,4,0,1,0,0.000000000,0.000000000,0.000000000,0.880016174,0.352582869,0.300380966,0.800000000,0.000000000,0.499578571
100000002794197100,peripheral,0.200000000,7,0.173010698,Гип. peripheral; d=1; контр. в/из=1/0; KZT в/из=30100/0; tx=1/0; роль не определена; баланс неизвестен,1,False,1,30100.000000000,1,0,0.000000000,0,0.000285752,0.000000000,False,False,1,1,1,0,0.000000000,0.000000000,1.000000000,0.668547682,0.176291434,0.150190483,0.200000000,0.000000000,0.288351164
100000002794374100,peripheral,0.150000000,46,0.180395756,Гип. peripheral; d=4; контр. в/из=1/0; KZT в/из=111000/0; tx=1/0; роль не определена; обрыв d=4; дальнейший выход неизвестен,4,False,1,111000.000000000,1,0,0.000000000,0,0.000361720,,True,False,1,0,1,0,0.000000000,0.000000000,0.000000000,0.753149637,0.176291434,0.150190483,0.200000000,0.000000000,0.313731750
100000002796853100,peripheral,0.200000000,62,0.232998727,Гип. peripheral; d=2; контр. в/из=1/1; KZT в/из=199000/46167.62; tx=8/5; роль не определена; баланс неизвестен,2,False,1,199000.000000000,8,1,46167.620000000,5,0.002173847,0.231998090,False,False,1,0,6,4,21167.620000000,0.106369950,1.000000000,0.790995509,0.176291434,0.571828476,0.200000000,0.000000000,0.388331211
100000002799941100,peripheral,0.200000000,19,0.207929915,Гип. peripheral; d=3; контр. в/из=1/0; KZT в/из=600000/0; tx=1/0; роль не определена; баланс неизвестен,3,False,1,600000.000000000,1,0,0.000000000,0,0.000385918,0.000000000,False,False,1,0,1,0,0.000000000,0.000000000,1.000000000,0.862543331,0.176291434,0.150190483,0.200000000,0.000000000,0.346549859
100000002807334100,peripheral,0.200000000,6,0.215984310,Гип. peripheral; d=3; контр. в/из=1/0; KZT в/из=54715/0; tx=1/0; роль не определена; баланс неизвестен,3,False,1,54715.000000000,1,0,0.000000000,0,0.000285796,0.000000000,False,False,3,0,1,0,0.000000000,0.000000000,1.000000000,0.707289968,0.176291434,0.150190483,0.600000000,0.000000000,0.359973850
100000002809568100,peripheral,0.200000000,1,0.160152491,Гип. peripheral; d=1; контр. в/из=1/0; KZT в/из=10000/0; tx=1/0; роль не определена; баланс неизвестен,1,False,1,10000.000000000,1,0,0.000000000,0,0.000285899,0.000000000,False,False,1,1,1,0,0.000000000,0.000000000,1.000000000,0.597113194,0.176291434,0.150190483,0.200000000,0.000000000,0.266920818
100000002809896100,peripheral,0.200000000,8,0.175730301,Гип. peripheral; d=3; контр. в/из=1/0; KZT в/из=38000/0; tx=1/0; роль не определена; баланс неизвестен,3,False,1,38000.000000000,1,0,0.000000000,0,0.000298097,0.000000000,False,False,1,0,1,0,0.000000000,0.000000000,1.000000000,0.683656586,0.176291434,0.150190483,0.200000000,0.000000000,0.292883835
100000002810870100,peripheral,0.200000000,2,0.174321014,Гип. peripheral; d=1; контр. в/из=1/0; KZT в/из=33677/0; tx=1/0; роль не определена; баланс неизвестен,1,False,1,33677.000000000,1,0,0.000000000,0,0.000291052,0.000000000,False,False,1,1,1,0,0.000000000,0.000000000,1.000000000,0.675827214,0.176291434,0.150190483,0.200000000,0.000000000,0.290535024
100000002812641100,peripheral,0.200000000,9,0.204059513,Гип. peripheral; d=2; контр. в/из=1/1; KZT в/из=10000/7023.95; tx=1/1; роль не определена; баланс неизвестен,2,False,1,10000.000000000,1,1,7023.950000000,1,0.002177341,0.702395000,False,False,3,0,1,1,7023.950000000,0.702395000,1.000000000,0.597113194,0.176291434,0.238046284,0.600000000,0.000000000,0.340099188
100000002815005100,peripheral,0.200000000,9,0.223240566,Гип. peripheral; d=3; контр. в/из=1/0; KZT в/из=476500/0; tx=1/0; роль не определена; баланс неизвестен,3,False,1,476500.000000000,1,0,0.000000000,0,0.000317441,0.000000000,False,False,2,0,1,0,0.000000000,0.000000000,0.000000000,0.847602503,0.176291434,0.150190483,0.400000000,0.000000000,0.372067610
100000002818726100,peripheral,0.200000000,13,0.197135535,Гип. peripheral; d=3; контр. в/из=1/0; KZT в/из=10879/0; tx=1/0; роль не определена; баланс неизвестен,3,False,1,10879.000000000,1,0,0.000000000,0,0.000288034,0.000000000,False,False,3,0,1,0,0.000000000,0.000000000,1.000000000,0.602574551,0.176291434,0.150190483,0.600000000,0.000000000,0.328559225
100000002820010100,peripheral,0.200000000,7,0.172971866,Гип. peripheral; d=2; контр. в/из=1/0; KZT в/из=30000/0; tx=1/0; роль не определена; баланс неизвестен,2,False,1,30000.000000000,1,0,0.000000000,0,0.000289685,0.000000000,False,False,1,0,1,0,0.000000000,0.000000000,0.000000000,0.668331948,0.176291434,0.150190483,0.200000000,0.000000000,0.288286444
100000002821425100,peripheral,0.200000000,14,0.216825951,Гип. peripheral; d=3; контр. в/из=1/0; KZT в/из=275000/0; tx=1/0; роль не определена; баланс неизвестен,3,False,1,275000.000000000,1,0,0.000000000,0,0.000297042,0.000000000,False,False,2,0,1,0,0.000000000,0.000000000,1.000000000,0.811965750,0.176291434,0.150190483,0.400000000,0.000000000,0.361376584
100000002822472100,peripheral,0.200000000,14,0.254751174,Гип. peripheral; d=3; контр. в/из=2/0; KZT в/из=266722/0; tx=2/0; роль не определена; баланс неизвестен,3,False,2,266722.000000000,2,0,0.000000000,0,0.000310575,0.000000000,False,False,3,0,2,0,0.000000000,0.000000000,1.000000000,0.809984280,0.279415313,0.238046284,0.600000000,0.000000000,0.424585289
100000002824176100,peripheral,0.200000000,7,0.209276375,Гип. peripheral; d=1; контр. в/из=1/0; KZT в/из=144000/0; tx=1/0; роль не определена; баланс неизвестен,1,False,1,144000.000000000,1,0,0.000000000,0,0.000336706,0.000000000,False,False,2,1,1,0,0.000000000,0.000000000,1.000000000,0.770023666,0.176291434,0.150190483,0.400000000,0.000000000,0.348793959
100000002826669100,terminal,0.490000000,1,0.372956012,Гип. terminal; d=2; контр. в/из=1/0; KZT в/из=159900/0; tx=4/0; out/in=0.000; до24.07=100%; остаток неизвестен; гипотеза в окне,2,False,1,159900.000000000,4,0,0.000000000,0,0.000473254,0.000000000,False,False,3,0,4,0,0.000000000,0.000000000,1.000000000,0.776813616,0.176291434,0.348731503,0.600000000,0.450000000,0.500612097
100000002830055100,peripheral,0.200000000,2,0.164078589,Гип. peripheral; d=1; контр. в/из=1/0; KZT в/из=14000/0; tx=1/0; роль не определена; баланс неизвестен,1,False,1,14000.000000000,1,0,0.000000000,0,0.000286954,0.000000000,False,False,1,1,1,0,0.000000000,0.000000000,1.000000000,0.618924850,0.176291434,0.150190483,0.200000000,0.000000000,0.273464314
100000002831727100,peripheral,0.200000000,19,0.201839997,Гип. peripheral; d=2; контр. в/из=1/1; KZT в/из=6000/77000; tx=1/3; роль не определена; выход>1.2 входа: пропуски/начальный остаток,2,False,1,6000.000000000,1,1,77000.000000000,3,0.000289180,12.833333333,False,True,1,0,1,3,6000.000000000,1.000000000,1.000000000,0.729439944,0.176291434,0.348731503,0.200000000,0.000000000,0.336399995
100000002832753100,peripheral,0.150000000,16,0.155974701,Гип. peripheral; d=4; контр. в/из=1/0; KZT в/из=12500/0; tx=1/0; роль не определена; обрыв d=4; дальнейший выход неизвестен,4,False,1,12500.000000000,1,0,0.000000000,0,0.000749535,,True,False,1,0,1,0,0.000000000,0.000000000,1.000000000,0.611578302,0.176291434,0.150190483,0.200000000,0.000000000,0.271260350
100000002835874100,peripheral,0.150000000,9,0.190521148,Гип. peripheral; d=4; контр. в/из=1/0; KZT в/из=58700/0; tx=1/0; роль не определена; обрыв d=4; дальнейший выход неизвестен,4,False,1,58700.000000000,1,0,0.000000000,0,0.000291706,,True,False,2,0,1,0,0.000000000,0.000000000,1.000000000,0.711847558,0.176291434,0.150190483,0.400000000,0.000000000,0.331341127
100000002836052100,peripheral,0.200000000,4,0.236883639,Гип. peripheral; d=2; контр. в/из=1/0; KZT в/из=15000/0; tx=1/0; роль не определена; баланс неизвестен,2,False,1,15000.000000000,1,0,0.000000000,0,0.000303982,0.000000000,False,False,8,0,1,0,0.000000000,0.000000000,1.000000000,0.623397351,0.176291434,0.150190483,1.000000000,0.000000000,0.394806065
100000002836736100,peripheral,0.200000000,7,0.262292403,Гип. peripheral; d=1; контр. в/из=2/0; KZT в/из=509000/0; tx=2/0; роль не определена; баланс неизвестен,1,False,2,509000.000000000,2,0,0.000000000,0,0.000449101,0.000000000,False,False,3,1,1,0,0.000000000,0.000000000,1.000000000,0.851879999,0.279415313,0.238046284,0.600000000,0.000000000,0.437154005
100000002838519100,peripheral,0.200000000,15,0.178185854,Гип. peripheral; d=3; контр. в/из=1/0; KZT в/из=46900/0; tx=1/0; роль не определена; баланс неизвестен,3,False,1,46900.000000000,1,0,0.000000000,0,0.000297248,0.000000000,False,False,1,0,1,0,0.000000000,0.000000000,1.000000000,0.697298546,0.176291434,0.150190483,0.200000000,0.000000000,0.296976423
100000002838861100,consolidator,0.612500000,9,0.565678775,Гип. consolidator; d=1; контр. в/из=5/1; KZT в/из=554523.95/10000; tx=5/1; seed-вход=2; баланс неизвестен,1,False,5,554523.950000000,5,1,10000.000000000,1,0.002227416,0.018033486,False,False,4,2,4,1,0.000000000,0.000000000,1.000000000,0.857433458,0.455706747,0.421637992,0.800000000,0.850000000,0.701617086
100000002842321100,peripheral,0.200000000,6,0.228505862,Гип. peripheral; d=3; контр. в/из=1/0; KZT в/из=160000/0; tx=1/0; роль не определена; баланс неизвестен,3,False,1,160000.000000000,1,0,0.000000000,0,0.000289180,0.000000000,False,False,3,0,1,0,0.000000000,0.000000000,1.000000000,0.776854147,0.176291434,0.150190483,0.600000000,0.000000000,0.380843104
100000002842337100,peripheral,0.200000000,7,0.178932743,Гип. peripheral; d=2; контр. в/из=1/0; KZT в/из=50000/0; tx=1/0; роль не определена; баланс неизвестен,2,False,1,50000.000000000,1,0,0.000000000,0,0.000364501,0.000000000,False,False,1,0,1,0,0.000000000,0.000000000,0.000000000,0.701447928,0.176291434,0.150190483,0.200000000,0.000000000,0.298221238
100000002844652100,peripheral,0.200000000,7,0.181321837,Гип. peripheral; d=1; контр. в/из=1/0; KZT в/из=61360/0; tx=1/0; роль не определена; баланс неизвестен,1,False,1,61360.000000000,1,0,0.000000000,0,0.000287533,0.000000000,False,False,1,1,1,0,0.000000000,0.000000000,1.000000000,0.714720675,0.176291434,0.150190483,0.200000000,0.000000000,0.302203062
100000002844897100,peripheral,0.200000000,9,0.161050494,Гип. peripheral; d=1; контр. в/из=1/0; KZT в/из=10800/0; tx=1/0; роль не определена; баланс неизвестен,1,False,1,10800.000000000,1,0,0.000000000,0,0.000285190,0.000000000,False,False,1,1,1,0,0.000000000,0.000000000,1.000000000,0.602102101,0.176291434,0.150190483,0.200000000,0.000000000,0.268417490
100000002845605100,peripheral,0.200000000,1,0.180577240,Гип. peripheral; d=1; контр. в/из=1/0; KZT в/из=57567/0; tx=1/0; роль не определена; баланс неизвестен,1,False,1,57567.000000000,1,0,0.000000000,0,0.000294756,0.000000000,False,False,1,1,1,0,0.000000000,0.000000000,1.000000000,0.710584027,0.176291434,0.150190483,0.200000000,0.000000000,0.300962067
100000002847207100,peripheral,0.200000000,3,0.232021230,Гип. peripheral; d=1; контр. в/из=1/0; KZT в/из=46243/0; tx=1/0; роль не определена; баланс неизвестен,1,False,1,46243.000000000,1,0,0.000000000,0,0.000293222,0.000000000,False,False,4,1,1,0,0.000000000,0.000000000,1.000000000,0.696383971,0.176291434,0.150190483,0.800000000,0.000000000,0.386702051
100000002849158100,peripheral,0.200000000,9,0.298653934,Гип. peripheral; d=3; контр. в/из=3/1; KZT в/из=723000/1313000; tx=3/3; роль не определена; выход>1.2 входа: пропуски/начальный остаток,3,False,3,723000.000000000,3,1,1313000.000000000,3,0.000334467,1.816044260,False,True,3,0,1,3,0.000000000,0.000000000,0.000000000,0.913314282,0.352582869,0.421637992,0.600000000,0.000000000,0.497756557
100000002852402100,peripheral,0.200000000,16,0.180044935,Гип. peripheral; d=2; контр. в/из=1/0; KZT в/из=55000/0; tx=1/0; роль не определена; баланс неизвестен,2,False,1,55000.000000000,1,0,0.000000000,0,0.000325213,0.000000000,False,False,1,0,1,0,0.000000000,0.000000000,0.000000000,0.707626773,0.176291434,0.150190483,0.200000000,0.000000000,0.300074891
100000002858835100,peripheral,0.200000000,2,0.170560890,Гип. peripheral; d=1; контр. в/из=1/0; KZT в/из=24400/0; tx=1/0; роль не определена; баланс неизвестен,1,False,1,24400.000000000,1,0,0.000000000,0,0.000289120,0.000000000,False,False,1,1,1,0,0.000000000,0.000000000,1.000000000,0.654937634,0.176291434,0.150190483,0.200000000,0.000000000,0.284268150
100000002860934100,peripheral,0.150000000,28,0.207847215,Гип. peripheral; d=4; контр. в/из=1/0; KZT в/из=279500/0; tx=4/0; роль не определена; обрыв d=4; дальнейший выход неизвестен,4,False,1,279500.000000000,4,0,0.000000000,0,0.000577264,,True,False,1,0,4,0,0.000000000,0.000000000,0.924865832,0.813018015,0.176291434,0.348731503,0.200000000,0.000000000,0.361473417
100000002861485100,peripheral,0.200000000,5,0.190705519,Гип. peripheral; d=1; контр. в/из=1/0; KZT в/из=29323/0; tx=1/0; роль не определена; баланс неизвестен,1,False,1,29323.000000000,1,0,0.000000000,0,0.000287169,0.000000000,False,False,2,1,1,0,0.000000000,0.000000000,1.000000000,0.666852240,0.176291434,0.150190483,0.400000000,0.000000000,0.317842531
100000002862113100,peripheral,0.200000000,15,0.186217853,Гип. peripheral; d=3; контр. в/из=1/0; KZT в/из=47405/0; tx=2/0; роль не определена; баланс неизвестен,3,False,1,47405.000000000,2,0,0.000000000,0,0.000297391,0.000000000,False,False,1,0,2,0,0.000000000,0.000000000,1.000000000,0.697992863,0.176291434,0.238046284,0.200000000,0.000000000,0.310363088
100000002863356100,peripheral,0.200000000,2,0.185610296,Гип. peripheral; d=2; контр. в/из=1/1; KZT в/из=45000/20000; tx=1/1; роль не определена; баланс неизвестен,2,False,1,45000.000000000,1,1,20000.000000000,1,0.000299206,0.444444444,False,False,1,0,1,1,0.000000000,0.000000000,1.000000000,0.694617546,0.176291434,0.238046284,0.200000000,0.000000000,0.309350493
100000002864256100,peripheral,0.200000000,3,0.244590483,Гип. peripheral; d=1; контр. в/из=1/0; KZT в/из=135780/0; tx=1/0; роль не определена; баланс неизвестен,1,False,1,135780.000000000,1,0,0.000000000,0,0.000311005,0.000000000,False,False,4,1,1,0,0.000000000,0.000000000,1.000000000,0.766213154,0.176291434,0.150190483,0.800000000,0.000000000,0.407650806
100000002864680100,peripheral,0.200000000,11,0.180241018,Гип. peripheral; d=1; контр. в/из=1/0; KZT в/из=55932/0; tx=1/0; роль не определена; баланс неизвестен,1,False,1,55932.000000000,1,0,0.000000000,0,0.000293259,0.000000000,False,False,1,1,1,0,0.000000000,0.000000000,1.000000000,0.708716123,0.176291434,0.150190483,0.200000000,0.000000000,0.300401696
100000002870463100,peripheral,0.200000000,7,0.256090380,Гип. peripheral; d=2; контр. в/из=3/1; KZT в/из=207000/10000; tx=4/1; роль не определена; баланс неизвестен,2,False,3,207000.000000000,4,1,10000.000000000,1,0.002028356,0.048309179,False,False,2,0,4,1,0.000000000,0.000000000,0.241545894,0.793550706,0.352582869,0.388236767,0.400000000,0.000000000,0.426817301
100000002870937100,peripheral,0.200000000,7,0.184944913,Гип. peripheral; d=1; контр. в/из=1/0; KZT в/из=83700/0; tx=1/0; роль не определена; баланс неизвестен,1,False,1,83700.000000000,1,0,0.000000000,0,0.000288806,0.000000000,False,False,1,1,1,0,0.000000000,0.000000000,1.000000000,0.734848877,0.176291434,0.150190483,0.200000000,0.000000000,0.308241522
100000002871199100,peripheral,0.200000000,15,0.169965373,Гип. peripheral; d=3; контр. в/из=1/0; KZT в/из=23186/0; tx=1/0; роль не определена; баланс неизвестен,3,False,1,23186.000000000,1,0,0.000000000,0,0.000290568,0.000000000,False,False,1,0,1,0,0.000000000,0.000000000,1.000000000,0.651629206,0.176291434,0.150190483,0.200000000,0.000000000,0.283275621
100000002872399100,terminal,0.531743000,7,0.383296241,Гип. terminal; d=3; контр. в/из=1/0; KZT в/из=1090000/0; tx=9/0; out/in=0.000; до24.07=92%; остаток неизвестен; гипотеза в окне,3,False,1,1090000.000000000,9,0,0.000000000,0,0.000700904,0.000000000,False,False,1,0,8,0,0.000000000,0.000000000,0.917431193,0.901247030,0.176291434,0.498921986,0.200000000,0.450000000,0.500470694
100000002876914100,peripheral,0.150000000,8,0.155518219,Гип. peripheral; d=4; контр. в/из=1/0; KZT в/из=12000/0; tx=1/0; роль не определена; обрыв d=4; дальнейший выход неизвестен,4,False,1,12000.000000000,1,0,0.000000000,0,0.000290417,,True,False,1,0,1,0,0.000000000,0.000000000,0.000000000,0.608932027,0.176291434,0.150190483,0.200000000,0.000000000,0.270466467
100000002877262100,peripheral,0.200000000,10,0.223021242,Гип. peripheral; d=3; контр. в/из=1/0; KZT в/из=100000/0; tx=1/0; роль не определена; баланс неизвестен,3,False,1,100000.000000000,1,0,0.000000000,0,0.000298291,0.000000000,False,False,3,0,1,0,0.000000000,0.000000000,1.000000000,0.746384037,0.176291434,0.150190483,0.600000000,0.000000000,0.371702071
100000002878467100,peripheral,0.200000000,10,0.233391688,Гип. peripheral; d=3; контр. в/из=2/0; KZT в/из=200000/0; tx=2/0; роль не определена; баланс неизвестен,3,False,2,200000.000000000,2,0,0.000000000,0,0.000312794,0.000000000,False,False,2,0,2,0,0.000000000,0.000000000,1.000000000,0.791320471,0.279415313,0.238046284,0.400000000,0.000000000,0.388986146
100000002878483100,peripheral,0.150000000,8,0.147767560,Гип. peripheral; d=4; контр. в/из=1/0; KZT в/из=6000/0; tx=1/0; роль не определена; обрыв d=4; дальнейший выход неизвестен,4,False,1,6000.000000000,1,0,0.000000000,0,0.000287227,,True,False,1,0,1,0,0.000000000,0.000000000,1.000000000,0.564000671,0.176291434,0.150190483,0.200000000,0.000000000,0.256987061
100000002881669100,peripheral,0.200000000,11,0.167393710,Гип. peripheral; d=1; контр. в/из=1/0; KZT в/из=18600/0; tx=1/0; роль не определена; баланс неизвестен,1,False,1,18600.000000000,1,0,0.000000000,0,0.000287104,0.000000000,False,False,1,1,1,0,0.000000000,0.000000000,1.000000000,0.637342194,0.176291434,0.150190483,0.200000000,0.000000000,0.278989517
100000002883402100,peripheral,0.200000000,9,0.288513434,Гип. peripheral; d=3; контр. в/из=3/0; KZT в/из=300000/0; tx=3/0; роль не определена; баланс неизвестен,3,False,3,300000.000000000,3,0,0.000000000,0,0.000299021,0.000000000,False,False,4,0,3,0,0.000000000,0.000000000,0.466666667,0.817606681,0.352582869,0.300380966,0.800000000,0.000000000,0.480855723
100000002884708100,peripheral,0.150000000,10,0.214327882,Гип. peripheral; d=4; контр. в/из=1/0; KZT в/из=1171644/0; tx=2/0; роль не определена; обрыв d=4; дальнейший выход неизвестен,4,False,1,1171644.000000000,2,0,0.000000000,0,0.000559185,,True,False,1,0,2,0,0.000000000,0.000000000,0.000000000,0.905929712,0.176291434,0.238046284,0.200000000,0.000000000,0.372744143
100000002886166100,peripheral,0.200000000,24,0.207717184,Гип. peripheral; d=3; контр. в/из=1/0; KZT в/из=185000/0; tx=3/0; роль не определена; баланс неизвестен,3,False,1,185000.000000000,3,0,0.000000000,0,0.000322780,0.000000000,False,False,1,0,2,0,0.000000000,0.000000000,0.000000000,0.786266248,0.176291434,0.300380966,0.200000000,0.000000000,0.346195306
100000002890167100,peripheral,0.200000000,5,0.206967504,Гип. peripheral; d=1; контр. в/из=1/0; KZT в/из=118150/0; tx=1/0; роль не определена; баланс неизвестен,1,False,1,118150.000000000,1,0,0.000000000,0,0.000296657,0.000000000,False,False,2,1,1,0,0.000000000,0.000000000,1.000000000,0.757196604,0.176291434,0.150190483,0.400000000,0.000000000,0.344945840
100000002891765100,peripheral,0.200000000,15,0.180166508,Гип. peripheral; d=3; контр. в/из=1/0; KZT в/из=55576/0; tx=1/0; роль не определена; баланс неизвестен,3,False,1,55576.000000000,1,0,0.000000000,0,0.000299692,0.000000000,False,False,1,0,1,0,0.000000000,0.000000000,1.000000000,0.708302177,0.176291434,0.150190483,0.200000000,0.000000000,0.300277513
100000002893020100,peripheral,0.200000000,8,0.167229448,Гип. peripheral; d=3; контр. в/из=1/0; KZT в/из=18340/0; tx=1/0; роль не определена; баланс неизвестен,3,False,1,18340.000000000,1,0,0.000000000,0,0.000290823,0.000000000,False,False,1,0,1,0,0.000000000,0.000000000,1.000000000,0.636429623,0.176291434,0.150190483,0.200000000,0.000000000,0.278715746
100000002894076100,consolidator,0.605000000,7,0.590690818,Гип. consolidator; d=1; контр. в/из=4/0; KZT в/из=1122782/0; tx=6/0; seed-вход=2; баланс неизвестен,1,False,4,1122782.000000000,6,0,0.000000000,0,0.000380697,0.000000000,False,False,7,2,3,0,0.000000000,0.000000000,0.869965853,0.903168061,0.409336034,0.421637992,1.000000000,0.850000000,0.736063324
100000002896506100,peripheral,0.150000000,6,0.204798971,Гип. peripheral; d=4; контр. в/из=1/0; KZT в/из=45000/0; tx=1/0; роль не определена; обрыв d=4; дальнейший выход неизвестен,4,False,1,45000.000000000,1,0,0.000000000,0,0.000311907,,True,False,3,0,1,0,0.000000000,0.000000000,1.000000000,0.694617546,0.176291434,0.150190483,0.600000000,0.000000000,0.356172123
100000002901457100,peripheral,0.200000000,1,0.258325557,Гип. peripheral; d=3; контр. в/из=1/3; KZT в/из=340000/119000; tx=1/3; роль не определена; баланс неизвестен,3,False,1,340000.000000000,1,3,119000.000000000,3,0.000372007,0.350000000,False,False,2,0,1,3,0.000000000,0.000000000,1.000000000,0.825720987,0.352582869,0.348731503,0.400000000,0.000000000,0.430542595
100000002904919100,peripheral,0.200000000,1,0.189030348,Гип. peripheral; d=3; контр. в/из=1/1; KZT в/из=60325/5500; tx=1/1; роль не определена; баланс неизвестен,3,False,1,60325.000000000,1,1,5500.000000000,1,0.000289346,0.091172814,False,False,1,0,1,1,0.000000000,0.000000000,0.000000000,0.713617834,0.176291434,0.238046284,0.200000000,0.000000000,0.315050580
100000002906470100,peripheral,0.200000000,19,0.190082851,Гип. peripheral; d=3; контр. в/из=1/0; KZT в/из=130000/0; tx=1/0; роль не определена; баланс неизвестен,3,False,1,130000.000000000,1,0,0.000000000,0,0.000306111,0.000000000,False,False,1,0,1,0,0.000000000,0.000000000,0.000000000,0.763392973,0.176291434,0.150190483,0.200000000,0.000000000,0.316804751
100000002908521100,peripheral,0.200000000,2,0.177572891,Гип. peripheral; d=3; контр. в/из=1/0; KZT в/из=44500/0; tx=1/0; роль не определена; баланс неизвестен,3,False,1,44500.000000000,1,0,0.000000000,0,0.000290932,0.000000000,False,False,1,0,1,0,0.000000000,0.000000000,0.000000000,0.693893197,0.176291434,0.150190483,0.200000000,0.000000000,0.295954818
100000002911170100,peripheral,0.200000000,30,0.243748340,Гип. peripheral; d=2; контр. в/из=1/0; KZT в/из=300000/0; tx=2/0; роль не определена; баланс неизвестен,2,False,1,300000.000000000,2,0,0.000000000,0,0.000321174,0.000000000,False,False,3,0,2,0,0.000000000,0.000000000,1.000000000,0.817606681,0.176291434,0.238046284,0.600000000,0.000000000,0.406247234
100000002913340100,peripheral,0.200000000,2,0.170171890,Гип. peripheral; d=3; контр. в/из=1/0; KZT в/из=23600/0; tx=1/0; роль не определена; баланс неизвестен,3,False,1,23600.000000000,1,0,0.000000000,0,0.000287694,0.000000000,False,False,1,0,1,0,0.000000000,0.000000000,1.000000000,0.652776523,0.176291434,0.150190483,0.200000000,0.000000000,0.283619816
100000002914245100,peripheral,0.200000000,4,0.190998458,Гип. peripheral; d=3; контр. в/из=1/0; KZT в/из=140611/0; tx=1/0; роль не определена; баланс неизвестен,3,False,1,140611.000000000,1,0,0.000000000,0,0.000293982,0.000000000,False,False,1,0,1,0,0.000000000,0.000000000,1.000000000,0.768479679,0.176291434,0.150190483,0.200000000,0.000000000,0.318330763
100000002916006100,peripheral,0.200000000,20,0.155724968,Гип. peripheral; d=0; контр. в/из=0/1; KZT в/из=0/32000; tx=0/1; роль не определена; seed: вход неполон; баланс неизвестен,0,True,0,0.000000000,0,1,32000.000000000,1,0.000284037,,False,True,0,0,0,1,0.000000000,0.000000000,0.000000000,0.672515848,0.176291434,0.150190483,0.000000000,0.000000000,0.259541614
100000002921047100,peripheral,0.200000000,7,0.263125056,Гип. peripheral; d=1; контр. в/из=2/1; KZT в/из=338000/163000.02; tx=2/1; роль не определена; баланс неизвестен,1,False,2,338000.000000000,2,1,163000.020000000,1,0.000315302,0.482248580,False,False,3,1,2,1,0.000000000,0.000000000,0.517751479,0.825338509,0.279415313,0.300380966,0.600000000,0.000000000,0.438541760
100000002922000100,peripheral,0.150000000,43,0.195999160,Гип. peripheral; d=4; контр. в/из=1/0; KZT в/из=448000/0; tx=1/0; роль не определена; обрыв d=4; дальнейший выход неизвестен,4,False,1,448000.000000000,1,0,0.000000000,0,0.000456556,,True,False,1,0,1,0,0.000000000,0.000000000,1.000000000,0.843604152,0.176291434,0.150190483,0.200000000,0.000000000,0.340868105
100000002926970100,peripheral,0.200000000,8,0.185124763,Гип. peripheral; d=3; контр. в/из=1/0; KZT в/из=85000/0; tx=1/0; роль не определена; баланс неизвестен,3,False,1,85000.000000000,1,0,0.000000000,0,0.000315487,0.000000000,False,False,1,0,1,0,0.000000000,0.000000000,1.000000000,0.735848043,0.176291434,0.150190483,0.200000000,0.000000000,0.308541272
100000002933386100,peripheral,0.200000000,3,0.188571706,Гип. peripheral; d=3; контр. в/из=1/1; KZT в/из=15000/58000; tx=1/1; роль не определена; выход>1.2 входа: пропуски/начальный остаток,3,False,1,15000.000000000,1,1,58000.000000000,1,0.000648635,3.866666667,False,True,1,0,1,1,0.000000000,0.000000000,0.000000000,0.711069824,0.176291434,0.238046284,0.200000000,0.000000000,0.314286177
100000002934441100,peripheral,0.200000000,1,0.201505486,Гип. peripheral; d=1; контр. в/из=2/0; KZT в/из=60845.6/0; tx=2/0; роль не определена; баланс неизвестен,1,False,2,60845.600000000,2,0,0.000000000,0,0.000300822,0.000000000,False,False,1,1,1,0,0.000000000,0.000000000,1.000000000,0.714174903,0.279415313,0.238046284,0.200000000,0.000000000,0.335842476
100000002936322100,peripheral,0.200000000,4,0.249379664,Гип. peripheral; d=3; контр. в/из=2/0; KZT в/из=787133/0; tx=2/0; роль не определена; баланс неизвестен,3,False,2,787133.000000000,2,0,0.000000000,0,0.000364250,0.000000000,False,False,2,0,2,0,0.000000000,0.000000000,0.762216805,0.880142558,0.279415313,0.238046284,0.400000000,0.000000000,0.415632773
100000002938501100,peripheral,0.200000000,5,0.184018187,Гип. peripheral; d=1; контр. в/из=1/1; KZT в/из=8395/5000; tx=1/1; роль не определена; баланс неизвестен,1,False,1,8395.000000000,1,1,5000.000000000,1,0.000284934,0.595592615,False,False,2,1,1,1,0.000000000,0.000000000,1.000000000,0.585772496,0.176291434,0.238046284,0.400000000,0.000000000,0.306696978
100000002939838100,peripheral,0.200000000,5,0.314028685,Гип. peripheral; d=1; контр. в/из=3/0; KZT в/из=571233/0; tx=3/0; роль не определена; баланс неизвестен,1,False,3,571233.000000000,3,0,0.000000000,0,0.000397689,0.000000000,False,False,6,1,3,0,0.000000000,0.000000000,0.758116215,0.859358076,0.352582869,0.300380966,1.000000000,0.000000000,0.523381142
100000002941114100,peripheral,0.200000000,12,0.316056874,Гип. peripheral; d=1; контр. в/из=2/1; KZT в/из=128510/15000; tx=15/1; роль не определена; баланс неизвестен,1,False,2,128510.000000000,15,1,15000.000000000,1,0.001907169,0.116722434,False,False,5,1,11,1,15000.000000000,0.116722434,0.758773636,0.762645636,0.279415313,0.613898019,1.000000000,0.000000000,0.526761456
100000002943472100,peripheral,0.200000000,10,0.229213311,Гип. peripheral; d=3; контр. в/из=1/0; KZT в/из=170000/0; tx=1/0; роль не определена; баланс неизвестен,3,False,1,170000.000000000,1,0,0.000000000,0,0.000308269,0.000000000,False,False,3,0,1,0,0.000000000,0.000000000,1.000000000,0.780784420,0.176291434,0.150190483,0.600000000,0.000000000,0.382022185
100000002945031100,peripheral,0.200000000,13,0.200883639,Гип. peripheral; d=3; контр. в/из=1/0; KZT в/из=15000/0; tx=1/0; роль не определена; баланс неизвестен,3,False,1,15000.000000000,1,0,0.000000000,0,0.000289549,0.000000000,False,False,3,0,1,0,0.000000000,0.000000000,1.000000000,0.623397351,0.176291434,0.150190483,0.600000000,0.000000000,0.334806065
100000002945626100,peripheral,0.200000000,9,0.296286623,Гип. peripheral; d=3; контр. в/из=3/0; KZT в/из=584000/0; tx=3/0; роль не определена; баланс неизвестен,3,False,3,584000.000000000,3,0,0.000000000,0,0.000335877,0.000000000,False,False,4,0,2,0,0.000000000,0.000000000,0.291095890,0.860791064,0.352582869,0.300380966,0.800000000,0.000000000,0.493811038
100000002947299100,peripheral,0.200000000,3,0.221124763,Гип. peripheral; d=2; контр. в/из=1/0; KZT в/из=85000/0; tx=1/0; роль не определена; баланс неизвестен,2,False,1,85000.000000000,1,0,0.000000000,0,0.000335583,0.000000000,False,False,3,0,1,0,0.000000000,0.000000000,1.000000000,0.735848043,0.176291434,0.150190483,0.600000000,0.000000000,0.368541272
100000002948492100,peripheral,0.200000000,15,0.170201519,Гип. peripheral; d=3; контр. в/из=1/0; KZT в/из=23660/0; tx=1/0; роль не определена; баланс неизвестен,3,False,1,23660.000000000,1,0,0.000000000,0,0.000290702,0.000000000,False,False,1,0,1,0,0.000000000,0.000000000,1.000000000,0.652941129,0.176291434,0.150190483,0.200000000,0.000000000,0.283669198
100000002951898100,peripheral,0.200000000,15,0.176325930,Гип. peripheral; d=3; контр. в/из=1/0; KZT в/из=39990/0; tx=1/0; роль не определена; баланс неизвестен,3,False,1,39990.000000000,1,0,0.000000000,0,0.000295302,0.000000000,False,False,1,0,1,0,0.000000000,0.000000000,1.000000000,0.686965638,0.176291434,0.150190483,0.200000000,0.000000000,0.293876551
100000002952631100,peripheral,0.200000000,5,0.196468533,Гип. peripheral; d=1; контр. в/из=1/0; KZT в/из=48050/0; tx=1/0; роль не определена; баланс неизвестен,1,False,1,48050.000000000,1,0,0.000000000,0,0.000289170,0.000000000,False,False,2,1,1,0,0.000000000,0.000000000,1.000000000,0.698868985,0.176291434,0.150190483,0.400000000,0.000000000,0.327447555
100000002952756100,peripheral,0.200000000,8,0.178210708,Гип. peripheral; d=3; контр. в/из=1/0; KZT в/из=47000/0; tx=1/0; роль не определена; баланс неизвестен,3,False,1,47000.000000000,1,0,0.000000000,0,0.000365634,0.000000000,False,False,1,0,1,0,0.000000000,0.000000000,1.000000000,0.697436626,0.176291434,0.150190483,0.200000000,0.000000000,0.297017847
100000002954780100,peripheral,0.200000000,9,0.190384125,Гип. peripheral; d=3; контр. в/из=1/0; KZT в/из=133400/0; tx=1/0; роль не определена; баланс неизвестен,3,False,1,133400.000000000,1,0,0.000000000,0,0.000290864,0.000000000,False,False,1,0,1,0,0.000000000,0.000000000,0.000000000,0.765066722,0.176291434,0.150190483,0.200000000,0.000000000,0.317306876
100000002956769100,peripheral,0.200000000,14,0.282528457,Гип. peripheral; d=3; контр. в/из=3/0; KZT в/из=840000/0; tx=3/0; роль не определена; баланс неизвестен,3,False,3,840000.000000000,3,0,0.000000000,0,0.000382594,0.000000000,False,False,3,0,1,0,0.000000000,0.000000000,0.000000000,0.884356807,0.352582869,0.300380966,0.600000000,0.000000000,0.470880761
100000002956779100,peripheral,0.200000000,3,0.203514962,Гип. peripheral; d=3; контр. в/из=1/0; KZT в/из=411000/0; tx=1/0; роль не определена; баланс неизвестен,3,False,1,411000.000000000,1,0,0.000000000,0,0.000400752,0.000000000,False,False,1,0,1,0,0.000000000,0.000000000,0.000000000,0.838015815,0.176291434,0.150190483,0.200000000,0.000000000,0.339191604
100000002956898100,peripheral,0.200000000,16,0.255737249,Гип. peripheral; d=2; контр. в/из=2/0; KZT в/из=290240/0; tx=2/0; роль не определена; баланс неизвестен,2,False,2,290240.000000000,2,0,0.000000000,0,0.000374624,0.000000000,False,False,3,0,2,0,0.000000000,0.000000000,0.197216097,0.815462480,0.279415313,0.238046284,0.600000000,0.000000000,0.426228749
100000002957306100,peripheral,0.200000000,12,0.295436140,Гип. peripheral; d=1; контр. в/из=2/0; KZT в/из=398490/0; tx=2/0; роль не определена; баланс неизвестен,1,False,2,398490.000000000,2,0,0.000000000,0,0.000353171,0.000000000,False,False,8,2,2,0,0.000000000,0.000000000,1.000000000,0.836011871,0.279415313,0.238046284,1.000000000,0.000000000,0.492393566
100000002957787100,distributor,0.600000000,1,0.688625458,Гип. distributor; d=2; контр. в/из=4/34; KZT в/из=84956/1276153.96; tx=7/41; дней выхода=8; выход>1.2 входа: пропуски/начальный остаток,2,False,4,84956.000000000,7,34,1276153.960000000,41,0.000610126,15.021351759,False,True,4,0,4,8,84956.000000000,1.000000000,1.000000000,0.911468977,0.904248660,0.843275985,0.800000000,0.800000000,0.860781823
100000002958139100,peripheral,0.200000000,9,0.221558355,Гип. peripheral; d=3; контр. в/из=1/0; KZT в/из=209500/0; tx=2/0; роль не определена; баланс неизвестен,3,False,1,209500.000000000,2,0,0.000000000,0,0.000298724,0.000000000,False,False,2,0,2,0,0.000000000,0.000000000,0.083532220,0.794328983,0.176291434,0.238046284,0.400000000,0.000000000,0.369263924
100000002958286100,peripheral,0.200000000,9,0.198035993,Гип. peripheral; d=1; контр. в/из=1/0; KZT в/из=257000/0; tx=1/0; роль не определена; баланс неизвестен,1,False,1,257000.000000000,1,0,0.000000000,0,0.000311457,0.000000000,False,False,1,1,1,0,0.000000000,0.000000000,1.000000000,0.807577096,0.176291434,0.150190483,0.200000000,0.000000000,0.330059988
100000002958343100,peripheral,0.200000000,7,0.285451973,Гип. peripheral; d=2; контр. в/из=1/2; KZT в/из=2900000/1390000; tx=4/17; роль не определена; баланс неизвестен,2,False,1,2900000.000000000,4,2,1390000.000000000,17,0.000625412,0.479310345,False,False,1,0,4,11,150000.000000000,0.051724138,1.000000000,0.964685326,0.279415313,0.669764190,0.200000000,0.000000000,0.475753289
100000002958345100,peripheral,0.200000000,14,0.218110475,Гип. peripheral; d=3; контр. в/из=1/0; KZT в/из=307000/0; tx=1/0; роль не определена; баланс неизвестен,3,False,1,307000.000000000,1,0,0.000000000,0,0.000298556,0.000000000,False,False,2,0,1,0,0.000000000,0.000000000,1.000000000,0.819101999,0.176291434,0.150190483,0.400000000,0.000000000,0.363517459
100000002963189100,peripheral,0.200000000,15,0.318884762,Гип. peripheral; d=3; контр. в/из=1/7; KZT в/из=490000/5219000; tx=3/15; роль не определена; выход>1.2 входа: пропуски/начальный остаток,3,False,1,490000.000000000,3,7,5219000.000000000,15,0.000422063,10.651020408,False,True,1,0,2,5,0.000000000,0.000000000,1.000000000,1.000000000,0.528874303,0.637998286,0.200000000,0.000000000,0.531474604
100000002964966100,peripheral,0.200000000,3,0.213109800,Гип. peripheral; d=2; контр. в/из=1/0; KZT в/из=200000/0; tx=1/0; роль не определена; баланс неизвестен,2,False,1,200000.000000000,1,0,0.000000000,0,0.000393146,0.000000000,False,False,2,0,1,0,0.000000000,0.000000000,1.000000000,0.791320471,0.176291434,0.150190483,0.400000000,0.000000000,0.355183001
100000002968096100,peripheral,0.150000000,4,0.209739978,Гип. peripheral; d=4; контр. в/из=1/0; KZT в/из=70000/0; tx=1/0; роль не определена; обрыв d=4; дальнейший выход неизвестен,4,False,1,70000.000000000,1,0,0.000000000,0,0.000317725,,True,False,3,0,1,0,0.000000000,0.000000000,0.000000000,0.723261065,0.176291434,0.150190483,0.600000000,0.000000000,0.364765179
100000002969048100,peripheral,0.200000000,7,0.187969996,Гип. peripheral; d=2; контр. в/из=1/0; KZT в/из=108470/0; tx=1/0; роль не определена; баланс неизвестен,2,False,1,108470.000000000,1,0,0.000000000,0,0.000304457,0.000000000,False,False,1,0,1,0,0.000000000,0.000000000,0.000000000,0.751654893,0.176291434,0.150190483,0.200000000,0.000000000,0.313283327
100000002970466100,peripheral,0.200000000,1,0.234417951,Гип. peripheral; d=3; контр. в/из=1/2; KZT в/из=23317/93000; tx=1/3; роль не определена; выход>1.2 входа: пропуски/начальный остаток,3,False,1,23317.000000000,1,2,93000.000000000,3,0.000285341,3.988506240,False,True,2,0,1,3,23317.000000000,1.000000000,1.000000000,0.741679325,0.279415313,0.348731503,0.400000000,0.000000000,0.390696586
100000002971593100,peripheral,0.150000000,6,0.205762691,Гип. peripheral; d=4; контр. в/из=1/0; KZT в/из=49050/0; tx=1/0; роль не определена; обрыв d=4; дальнейший выход неизвестен,4,False,1,49050.000000000,1,0,0.000000000,0,0.000527245,,True,False,3,0,1,0,0.000000000,0.000000000,1.000000000,0.700204330,0.176291434,0.150190483,0.600000000,0.000000000,0.357848158
100000002973903100,peripheral,0.200000000,11,0.274831443,Гип. peripheral; d=1; контр. в/из=3/0; KZT в/из=92880/0; tx=3/0; роль не определена; баланс неизвестен,1,False,3,92880.000000000,3,0,0.000000000,0,0.000315123,0.000000000,False,False,4,1,3,0,0.000000000,0.000000000,1.000000000,0.741595621,0.352582869,0.300380966,0.800000000,0.000000000,0.458052405
100000002974256100,peripheral,0.200000000,11,0.156319497,Гип. peripheral; d=2; контр. в/из=1/0; KZT в/из=7200/0; tx=1/0; роль не определена; баланс неизвестен,2,False,1,7200.000000000,1,0,0.000000000,0,0.000528762,0.000000000,False,False,1,0,1,0,0.000000000,0.000000000,0.000000000,0.575818784,0.176291434,0.150190483,0.200000000,0.000000000,0.260532495
100000002975287100,peripheral,0.200000000,17,0.164883639,Гип. peripheral; d=3; контр. в/из=1/0; KZT в/из=15000/0; tx=1/0; роль не определена; баланс неизвестен,3,False,1,15000.000000000,1,0,0.000000000,0,0.000287635,0.000000000,False,False,1,0,1,0,0.000000000,0.000000000,1.000000000,0.623397351,0.176291434,0.150190483,0.200000000,0.000000000,0.274806065
100000002975437100,peripheral,0.200000000,31,0.219999440,Гип. peripheral; d=3; контр. в/из=1/1; KZT в/из=530000/8500; tx=2/1; роль не определена; баланс неизвестен,3,False,1,530000.000000000,2,1,8500.000000000,1,0.000517340,0.016037736,False,False,1,0,1,1,0.000000000,0.000000000,1.000000000,0.854501007,0.176291434,0.300380966,0.200000000,0.000000000,0.366665734
100000002981489100,peripheral,0.150000000,6,0.187979470,Гип. peripheral; d=4; контр. в/из=1/0; KZT в/из=10000/0; tx=1/0; роль не определена; обрыв d=4; дальнейший выход неизвестен,4,False,1,10000.000000000,1,0,0.000000000,0,0.000286781,,True,False,3,0,1,0,0.000000000,0.000000000,1.000000000,0.597113194,0.176291434,0.150190483,0.600000000,0.000000000,0.326920818
100000002981527100,peripheral,0.200000000,9,0.193075211,Гип. peripheral; d=1; контр. в/из=1/0; KZT в/из=168000/0; tx=1/0; роль не определена; баланс неизвестен,1,False,1,168000.000000000,1,0,0.000000000,0,0.000301962,0.000000000,False,False,1,1,1,0,0.000000000,0.000000000,1.000000000,0.780017196,0.176291434,0.150190483,0.200000000,0.000000000,0.321792018
100000002982252100,peripheral,0.200000000,2,0.168425747,Гип. peripheral; d=1; контр. в/из=1/0; KZT в/из=20320/0; tx=1/0; роль не определена; баланс неизвестен,1,False,1,20320.000000000,1,0,0.000000000,0,0.000288270,0.000000000,False,False,1,1,1,0,0.000000000,0.000000000,1.000000000,0.643075729,0.176291434,0.150190483,0.200000000,0.000000000,0.280709578
100000002983426100,peripheral,0.200000000,8,0.185654163,Гип. peripheral; d=3; контр. в/из=1/0; KZT в/из=88945/0; tx=1/0; роль не определена; баланс неизвестен,3,False,1,88945.000000000,1,0,0.000000000,0,0.000316946,0.000000000,False,False,1,0,1,0,0.000000000,0.000000000,1.000000000,0.738789150,0.176291434,0.150190483,0.200000000,0.000000000,0.309423604
100000002983879100,peripheral,0.200000000,3,0.269394605,Гип. peripheral; d=2; контр. в/из=2/0; KZT в/из=200050/0; tx=2/0; роль не определена; баланс неизвестен,2,False,2,200050.000000000,2,0,0.000000000,0,0.000355993,0.000000000,False,False,4,0,2,0,0.000000000,0.000000000,1.000000000,0.791336676,0.279415313,0.238046284,0.800000000,0.000000000,0.448991008
100000002984403100,peripheral,0.200000000,25,0.178751382,Гип. peripheral; d=3; контр. в/из=1/1; KZT в/из=20000/25000; tx=1/1; роль не определена; выход>1.2 входа: пропуски/начальный остаток,3,False,1,20000.000000000,1,1,25000.000000000,1,0.000318304,1.250000000,False,True,1,0,1,1,0.000000000,0.000000000,0.000000000,0.656512467,0.176291434,0.238046284,0.200000000,0.000000000,0.297918970
100000002986245100,peripheral,0.150000000,8,0.147291689,Гип. peripheral; d=4; контр. в/из=1/0; KZT в/из=5750/0; tx=1/0; роль не определена; обрыв d=4; дальнейший выход неизвестен,4,False,1,5750.000000000,1,0,0.000000000,0,0.000287094,,True,False,1,0,1,0,0.000000000,0.000000000,0.000000000,0.561241999,0.176291434,0.150190483,0.200000000,0.000000000,0.256159459
100000002988894100,peripheral,0.200000000,3,0.293100680,Гип. peripheral; d=1; контр. в/из=1/3; KZT в/из=306121/77500; tx=1/3; роль не определена; баланс неизвестен,1,False,1,306121.000000000,1,3,77500.000000000,3,0.000344838,0.253167865,False,False,4,1,1,3,0.000000000,0.000000000,1.000000000,0.818916112,0.352582869,0.348731503,0.800000000,0.000000000,0.488501133
100000002989353100,peripheral,0.200000000,14,0.254045892,Гип. peripheral; d=3; контр. в/из=1/2; KZT в/из=500000/321160; tx=2/2; роль не определена; баланс неизвестен,3,False,1,500000.000000000,2,2,321160.000000000,2,0.000307683,0.642320000,False,False,2,0,2,2,0.000000000,0.000000000,1.000000000,0.850723439,0.279415313,0.348731503,0.400000000,0.000000000,0.423409820
100000002990675100,peripheral,0.200000000,6,0.215196497,Гип. peripheral; d=3; контр. в/из=1/0; KZT в/из=51143/0; tx=1/0; роль не определена; баланс неизвестен,3,False,1,51143.000000000,1,0,0.000000000,0,0.000285681,0.000000000,False,False,3,0,1,0,0.000000000,0.000000000,1.000000000,0.702913228,0.176291434,0.150190483,0.600000000,0.000000000,0.358660828
100000002991079100,terminal,0.480000000,5,0.362489503,Гип. terminal; d=1; контр. в/из=2/1; KZT в/из=148900/11000; tx=3/1; out/in=0.074; до24.07=100%; остаток неизвестен; гипотеза в окне,1,False,2,148900.000000000,3,1,11000.000000000,1,0.000392832,0.073875084,False,False,2,1,2,1,0.000000000,0.000000000,1.000000000,0.772192971,0.279415313,0.348731503,0.400000000,0.450000000,0.489850679
100000002992171100,peripheral,0.200000000,2,0.164589811,Гип. peripheral; d=1; контр. в/из=1/0; KZT в/из=14627/0; tx=1/0; роль не определена; баланс неизвестен,1,False,1,14627.000000000,1,0,0.000000000,0,0.000287084,0.000000000,False,False,1,1,1,0,0.000000000,0.000000000,1.000000000,0.621764972,0.176291434,0.150190483,0.200000000,0.000000000,0.274316351
100000002994441100,peripheral,0.150000000,4,0.145728998,Гип. peripheral; d=4; контр. в/из=1/0; KZT в/из=5000/0; tx=1/0; роль не определена; обрыв d=4; дальнейший выход неизвестен,4,False,1,5000.000000000,1,0,0.000000000,0,0.000549916,,True,False,1,0,1,0,0.000000000,0.000000000,1.000000000,0.552182918,0.176291434,0.150190483,0.200000000,0.000000000,0.253441735
100000002999140100,peripheral,0.150000000,11,0.161057033,Гип. peripheral; d=4; контр. в/из=1/0; KZT в/из=10000/0; tx=2/0; роль не определена; обрыв d=4; дальнейший выход неизвестен,4,False,1,10000.000000000,2,0,0.000000000,0,0.000287924,,True,False,1,0,2,0,0.000000000,0.000000000,1.000000000,0.597113194,0.176291434,0.238046284,0.200000000,0.000000000,0.280099188
100000003001138100,peripheral,0.150000000,28,0.165764705,Гип. peripheral; d=4; контр. в/из=1/0; KZT в/из=30000/0; tx=1/0; роль не определена; обрыв d=4; дальнейший выход неизвестен,4,False,1,30000.000000000,1,0,0.000000000,0,0.000315511,,True,False,1,0,1,0,0.000000000,0.000000000,1.000000000,0.668331948,0.176291434,0.150190483,0.200000000,0.000000000,0.288286444
100000003001564100,peripheral,0.200000000,5,0.219787334,Гип. peripheral; d=1; контр. в/из=1/1; KZT в/из=23520/180000; tx=1/1; роль не определена; выход>1.2 входа: пропуски/начальный остаток,1,False,1,23520.000000000,1,1,180000.000000000,1,0.000286549,7.653061224,False,True,2,1,1,1,0.000000000,0.000000000,1.000000000,0.784489981,0.176291434,0.238046284,0.400000000,0.000000000,0.366312224
100000003001661100,peripheral,0.200000000,28,0.269213003,Гип. peripheral; d=3; контр. в/из=1/5; KZT в/из=110000/439500; tx=1/8; роль не определена; выход>1.2 входа: пропуски/начальный остаток,3,False,1,110000.000000000,1,5,439500.000000000,8,0.000542452,3.995454545,False,True,1,0,1,8,0.000000000,0.000000000,1.000000000,0.842362302,0.455706747,0.498921986,0.200000000,0.000000000,0.448688338
100000003003821100,peripheral,0.200000000,3,0.230328848,Гип. peripheral; d=2; контр. в/из=1/0; KZT в/из=40000/0; tx=1/0; роль не определена; баланс неизвестен,2,False,1,40000.000000000,1,0,0.000000000,0,0.000435321,0.000000000,False,False,4,0,1,0,0.000000000,0.000000000,1.000000000,0.686981847,0.176291434,0.150190483,0.800000000,0.000000000,0.383881414
100000003004487100,consolidator,0.600000000,31,0.510482595,Гип. consolidator; d=1; контр. в/из=4/2; KZT в/из=183702.8/265015; tx=9/3; seed-вход=1; выход>1.2 входа: пропуски/начальный остаток,1,False,4,183702.800000000,9,2,265015.000000000,3,0.000348769,1.442629073,False,True,2,1,6,3,9268.000000000,0.050451055,0.809474869,0.809568041,0.409336034,0.555770829,0.400000000,0.850000000,0.638103244
100000003005167100,peripheral,0.150000000,8,0.149491189,Гип. peripheral; d=4; контр. в/из=1/0; KZT в/из=7000/0; tx=1/0; роль не определена; обрыв d=4; дальнейший выход неизвестен,4,False,1,7000.000000000,1,0,0.000000000,0,0.000287759,,True,False,1,0,1,0,0.000000000,0.000000000,0.000000000,0.573992722,0.176291434,0.150190483,0.200000000,0.000000000,0.259984676
100000003006633100,peripheral,0.200000000,34,0.160152491,Гип. peripheral; d=3; контр. в/из=1/0; KZT в/из=10000/0; tx=1/0; роль не определена; баланс неизвестен,3,False,1,10000.000000000,1,0,0.000000000,0,0.000291589,0.000000000,False,False,1,0,1,0,0.000000000,0.000000000,1.000000000,0.597113194,0.176291434,0.150190483,0.200000000,0.000000000,0.266920818
100000003009900100,peripheral,0.200000000,8,0.165635258,Гип. peripheral; d=3; контр. в/из=1/0; KZT в/из=15998/0; tx=1/0; роль не определена; баланс неизвестен,3,False,1,15998.000000000,1,0,0.000000000,0,0.000289956,0.000000000,False,False,1,0,1,0,0.000000000,0.000000000,1.000000000,0.627573012,0.176291434,0.150190483,0.200000000,0.000000000,0.276058763
100000003010908100,peripheral,0.150000000,8,0.159413122,Гип. peripheral; d=4; контр. в/из=1/0; KZT в/из=17000/0; tx=1/0; роль не определена; обрыв d=4; дальнейший выход неизвестен,4,False,1,17000.000000000,1,0,0.000000000,0,0.000397123,,True,False,1,0,1,0,0.000000000,0.000000000,1.000000000,0.631511174,0.176291434,0.150190483,0.200000000,0.000000000,0.277240212
100000003014659100,peripheral,0.200000000,12,0.271036215,Гип. peripheral; d=1; контр. в/из=1/0; KZT в/из=280000/0; tx=1/0; роль не определена; баланс неизвестен,1,False,1,280000.000000000,1,0,0.000000000,0,0.000326268,0.000000000,False,False,5,1,1,0,0.000000000,0.000000000,1.000000000,0.813133886,0.176291434,0.150190483,1.000000000,0.000000000,0.451727025
100000003016438100,peripheral,0.200000000,10,0.217710010,Гип. peripheral; d=3; контр. в/из=1/1; KZT в/из=200000/300000; tx=1/3; роль не определена; выход>1.2 входа: пропуски/начальный остаток,3,False,1,200000.000000000,1,1,300000.000000000,3,0.000315171,1.500000000,False,True,1,0,1,3,0.000000000,0.000000000,1.000000000,0.817606681,0.176291434,0.348731503,0.200000000,0.000000000,0.362850017
100000003016635100,coordinator,0.600000000,5,0.752000000,Гип. coordinator; d=0; контр. в/из=8/73; KZT в/из=586981/9414081; tx=36/151; seed-пути=3; seed: вход неполон; баланс неизвестен,0,True,8,586981.000000000,36,73,9414081.000000000,151,0.001182971,,False,True,3,0,15,21,530481.000000000,0.903744755,1.000000000,1.000000000,1.000000000,1.000000000,0.600000000,1.000000000,0.940000000
100000003016773100,peripheral,0.200000000,10,0.178099697,Гип. peripheral; d=2; контр. в/из=1/0; KZT в/из=46555/0; tx=1/0; роль не определена; баланс неизвестен,2,False,1,46555.000000000,1,0,0.000000000,0,0.000313070,0.000000000,False,False,1,0,1,0,0.000000000,0.000000000,1.000000000,0.696819899,0.176291434,0.150190483,0.200000000,0.000000000,0.296832829
100000003022835100,peripheral,0.200000000,3,0.243625172,Гип. peripheral; d=1; контр. в/из=1/0; KZT в/из=125000/0; tx=1/0; роль не определена; баланс неизвестен,1,False,1,125000.000000000,1,0,0.000000000,0,0.000308864,0.000000000,False,False,4,1,1,0,0.000000000,0.000000000,0.000000000,0.760850313,0.176291434,0.150190483,0.800000000,0.000000000,0.406041953
100000003024542100,peripheral,0.200000000,3,0.212256197,Гип. peripheral; d=2; контр. в/из=1/0; KZT в/из=8500/0; tx=1/0; роль не определена; баланс неизвестен,2,False,1,8500.000000000,1,0,0.000000000,0,0.000316185,0.000000000,False,False,4,0,1,0,0.000000000,0.000000000,1.000000000,0.586578230,0.176291434,0.150190483,0.800000000,0.000000000,0.353760328
100000003025903100,peripheral,0.150000000,6,0.252254400,Гип. peripheral; d=4; контр. в/из=1/0; KZT в/из=386300/0; tx=6/0; роль не определена; обрыв d=4; дальнейший выход неизвестен,4,False,1,386300.000000000,6,0,0.000000000,0,0.000523282,,True,False,3,0,6,0,0.000000000,0.000000000,0.983691432,0.833997727,0.176291434,0.421637992,0.600000000,0.000000000,0.438703304
100000003031003100,peripheral,0.200000000,14,0.287712081,Гип. peripheral; d=3; контр. в/из=3/0; KZT в/из=280090/0; tx=3/0; роль не определена; баланс неизвестен,3,False,3,280090.000000000,3,0,0.000000000,0,0.000309791,0.000000000,False,False,4,0,2,0,0.000000000,0.000000000,0.053875540,0.813154721,0.352582869,0.300380966,0.800000000,0.000000000,0.479520135
100000003031633100,peripheral,0.200000000,9,0.229506853,Гип. peripheral; d=3; контр. в/из=1/0; KZT в/из=414000/0; tx=2/0; роль не определена; баланс неизвестен,3,False,1,414000.000000000,2,0,0.000000000,0,0.000313059,0.000000000,False,False,2,0,1,0,0.000000000,0.000000000,0.000000000,0.838487307,0.176291434,0.238046284,0.400000000,0.000000000,0.382511422
100000003031761100,peripheral,0.200000000,4,0.204839668,Гип. peripheral; d=3; контр. в/из=1/0; KZT в/из=460408/0; tx=1/0; роль не определена; баланс неизвестен,3,False,1,460408.000000000,1,0,0.000000000,0,0.000316599,0.000000000,False,False,1,0,1,0,0.000000000,0.000000000,1.000000000,0.845375293,0.176291434,0.150190483,0.200000000,0.000000000,0.341399447
100000003031890100,peripheral,0.200000000,24,0.229198226,Гип. peripheral; d=2; контр. в/из=1/0; KZT в/из=215000/0; tx=10/0; роль не определена; баланс неизвестен,2,False,1,215000.000000000,10,0,0.000000000,0,0.000389789,0.000000000,False,False,1,0,10,0,0.000000000,0.000000000,0.674418605,0.796008999,0.176291434,0.519573706,0.200000000,0.000000000,0.381997043
100000003034546100,peripheral,0.200000000,9,0.213395108,Гип. peripheral; d=2; контр. в/из=1/0; KZT в/из=486715/0; tx=2/0; роль не определена; баланс неизвестен,2,False,1,486715.000000000,2,0,0.000000000,0,0.000329531,0.000000000,False,False,1,0,2,0,0.000000000,0.000000000,0.000000000,0.848977611,0.176291434,0.238046284,0.200000000,0.000000000,0.355658513
100000003035737100,terminal,0.480000000,6,0.409051707,Гип. terminal; d=3; контр. в/из=2/1; KZT в/из=809170/6544.53; tx=3/1; out/in=0.008; до24.07=100%; остаток неизвестен; гипотеза в окне,3,False,2,809170.000000000,3,1,6544.530000000,1,0.000376551,0.008087954,False,False,3,0,3,1,6544.530000000,0.008087954,1.000000000,0.881932630,0.279415313,0.348731503,0.600000000,0.450000000,0.552772577
100000003036198100,peripheral,0.200000000,3,0.182883639,Гип. peripheral; d=2; контр. в/из=1/0; KZT в/из=15000/0; tx=1/0; роль не определена; баланс неизвестен,2,False,1,15000.000000000,1,0,0.000000000,0,0.000286386,0.000000000,False,False,2,0,1,0,0.000000000,0.000000000,1.000000000,0.623397351,0.176291434,0.150190483,0.400000000,0.000000000,0.304806065
100000003037476100,peripheral,0.150000000,9,0.248871756,Гип. peripheral; d=4; контр. в/из=3/0; KZT в/из=555000/0; tx=3/0; роль не определена; обрыв d=4; дальнейший выход неизвестен,4,False,3,555000.000000000,3,0,0.000000000,0,0.000357325,,True,False,2,0,2,0,0.000000000,0.000000000,0.000000000,0.857489090,0.352582869,0.300380966,0.400000000,0.000000000,0.432820446
100000003037660100,peripheral,0.200000000,3,0.233612693,Гип. peripheral; d=1; контр. в/из=1/0; KZT в/из=53000/0; tx=1/0; роль не определена; баланс неизвестен,1,False,1,53000.000000000,1,0,0.000000000,0,0.000294564,0.000000000,False,False,4,1,1,0,0.000000000,0.000000000,1.000000000,0.705225430,0.176291434,0.150190483,0.800000000,0.000000000,0.389354488
100000003039473100,peripheral,0.200000000,5,0.205871386,Гип. peripheral; d=2; контр. в/из=1/0; KZT в/из=23000/0; tx=1/0; роль не определена; баланс неизвестен,2,False,1,23000.000000000,1,0,0.000000000,0,0.000310426,0.000000000,False,False,3,0,1,0,0.000000000,0.000000000,1.000000000,0.651107060,0.176291434,0.150190483,0.600000000,0.000000000,0.343118977
100000003040087100,peripheral,0.150000000,8,0.182635591,Гип. peripheral; d=4; контр. в/из=1/0; KZT в/из=29000/0; tx=1/0; роль не определена; обрыв d=4; дальнейший выход неизвестен,4,False,1,29000.000000000,1,0,0.000000000,0,0.000294810,,True,False,2,0,1,0,0.000000000,0.000000000,0.000000000,0.666134184,0.176291434,0.150190483,0.400000000,0.000000000,0.317627114
100000003042994100,terminal,0.480000000,5,0.351258616,Гип. terminal; d=1; контр. в/из=1/0; KZT в/из=286086/0; tx=3/0; out/in=0.000; до24.07=100%; остаток неизвестен; гипотеза в окне,1,False,1,286086.000000000,3,0,0.000000000,0,0.000314594,0.000000000,False,False,2,1,3,0,0.000000000,0.000000000,1.000000000,0.814527912,0.176291434,0.300380966,0.400000000,0.450000000,0.474673806
100000003044431100,peripheral,0.200000000,3,0.237342176,Гип. peripheral; d=2; контр. в/из=2/0; KZT в/из=60000/0; tx=2/0; роль не определена; баланс неизвестен,2,False,2,60000.000000000,2,0,0.000000000,0,0.000300812,0.000000000,False,False,3,0,2,0,0.000000000,0.000000000,1.000000000,0.713267625,0.279415313,0.238046284,0.600000000,0.000000000,0.395570293
100000003044518100,peripheral,0.200000000,7,0.174576681,Гип. peripheral; d=1; контр. в/из=1/0; KZT в/из=34423/0; tx=1/0; роль не определена; баланс неизвестен,1,False,1,34423.000000000,1,0,0.000000000,0,0.000285998,0.000000000,False,False,1,1,1,0,0.000000000,0.000000000,1.000000000,0.677247588,0.176291434,0.150190483,0.200000000,0.000000000,0.290961136
100000003047800100,peripheral,0.150000000,14,0.155714047,Гип. peripheral; d=4; контр. в/из=1/0; KZT в/из=12212/0; tx=1/0; роль не определена; обрыв d=4; дальнейший выход неизвестен,4,False,1,12212.000000000,1,0,0.000000000,0,0.000372451,,True,False,1,0,1,0,0.000000000,0.000000000,1.000000000,0.610067264,0.176291434,0.150190483,0.200000000,0.000000000,0.270807039
100000003050771100,peripheral,0.200000000,13,0.232689885,Гип. peripheral; d=3; контр. в/из=1/0; KZT в/из=229000/0; tx=1/0; роль не определена; баланс неизвестен,3,False,1,229000.000000000,1,0,0.000000000,0,0.000368176,0.000000000,False,False,3,0,1,0,0.000000000,0.000000000,1.000000000,0.800098718,0.176291434,0.150190483,0.600000000,0.000000000,0.387816475
100000003054328100,peripheral,0.200000000,14,0.220629516,Гип. peripheral; d=2; контр. в/из=1/2; KZT в/из=140000/193720; tx=1/2; роль не определена; выход>1.2 входа: пропуски/начальный остаток,2,False,1,140000.000000000,1,2,193720.000000000,2,0.000334048,1.383714286,False,True,1,0,1,2,0.000000000,0.000000000,1.000000000,0.789252173,0.279415313,0.300380966,0.200000000,0.000000000,0.367715859
100000003057225100,peripheral,0.200000000,5,0.215041247,Гип. peripheral; d=1; контр. в/из=1/0; KZT в/из=236000/0; tx=1/0; роль не определена; баланс неизвестен,1,False,1,236000.000000000,1,0,0.000000000,0,0.000309245,0.000000000,False,False,2,1,1,0,0.000000000,0.000000000,1.000000000,0.802050729,0.176291434,0.150190483,0.400000000,0.000000000,0.358402078
100000003060187100,peripheral,0.200000000,19,0.186180165,Гип. peripheral; d=3; контр. в/из=1/0; KZT в/из=93046/0; tx=1/0; роль не определена; баланс неизвестен,3,False,1,93046.000000000,1,0,0.000000000,0,0.000299837,0.000000000,False,False,1,0,1,0,0.000000000,0.000000000,1.000000000,0.741711384,0.176291434,0.150190483,0.200000000,0.000000000,0.310300274
100000003060517100,peripheral,0.200000000,17,0.200445994,Гип. peripheral; d=3; контр. в/из=1/0; KZT в/из=315955/0; tx=1/0; роль не определена; баланс неизвестен,3,False,1,315955.000000000,1,0,0.000000000,0,0.000359822,0.000000000,False,False,1,0,1,0,0.000000000,0.000000000,1.000000000,0.820965989,0.176291434,0.150190483,0.200000000,0.000000000,0.334076656
100000003061115100,peripheral,0.150000000,1,0.187548971,Гип. peripheral; d=4; контр. в/из=1/0; KZT в/из=45000/0; tx=1/0; роль не определена; обрыв d=4; дальнейший выход неизвестен,4,False,1,45000.000000000,1,0,0.000000000,0,0.000530734,,True,False,2,0,1,0,0.000000000,0.000000000,1.000000000,0.694617546,0.176291434,0.150190483,0.400000000,0.000000000,0.326172123
100000003062895100,peripheral,0.200000000,10,0.239180262,Гип. peripheral; d=2; контр. в/из=2/0; KZT в/из=328444/0; tx=2/0; роль не определена; баланс неизвестен,2,False,2,328444.000000000,2,0,0.000000000,0,0.000405309,0.000000000,False,False,2,0,2,0,0.000000000,0.000000000,1.000000000,0.823479218,0.279415313,0.238046284,0.400000000,0.000000000,0.398633771
100000003066385100,peripheral,0.200000000,1,0.188522411,Гип. peripheral; d=1; контр. в/из=2/0; KZT в/из=20000/0; tx=2/0; роль не определена; баланс неизвестен,1,False,2,20000.000000000,2,0,0.000000000,0,0.000289963,0.000000000,False,False,1,1,2,0,0.000000000,0.000000000,1.000000000,0.642046710,0.279415313,0.238046284,0.200000000,0.000000000,0.314204018
100000003068941100,peripheral,0.200000000,1,0.264878338,Гип. peripheral; d=2; контр. в/из=3/1; KZT в/из=94000/25000; tx=3/2; роль не определена; баланс неизвестен,2,False,3,94000.000000000,3,1,25000.000000000,2,0.000318402,0.265957447,False,False,3,0,3,2,5000.000000000,0.053191489,0.680851064,0.742372694,0.352582869,0.388236767,0.600000000,0.000000000,0.441463897
100000003069463100,peripheral,0.200000000,26,0.174866139,Гип. peripheral; d=3; контр. в/из=1/1; KZT в/из=11500/17920; tx=1/1; роль не определена; выход>1.2 входа: пропуски/начальный остаток,3,False,1,11500.000000000,1,1,17920.000000000,1,0.000286895,1.558260870,False,True,1,0,1,1,0.000000000,0.000000000,1.000000000,0.634927785,0.176291434,0.238046284,0.200000000,0.000000000,0.291443565
100000003071649100,peripheral,0.200000000,9,0.194480492,Гип. peripheral; d=3; контр. в/из=1/0; KZT в/из=189500/0; tx=1/0; роль не определена; баланс неизвестен,3,False,1,189500.000000000,1,0,0.000000000,0,0.000293734,0.000000000,False,False,1,0,1,0,0.000000000,0.000000000,1.000000000,0.787824312,0.176291434,0.150190483,0.200000000,0.000000000,0.324134153
100000003071930100,peripheral,0.200000000,9,0.319846856,Гип. peripheral; d=1; контр. в/из=3/1; KZT в/из=477610/5000; tx=4/1; роль не определена; баланс неизвестен,1,False,3,477610.000000000,4,1,5000.000000000,1,0.000346495,0.010468793,False,False,5,1,4,1,5000.000000000,0.010468793,0.240782228,0.847753348,0.352582869,0.388236767,1.000000000,0.000000000,0.533078093
100000003072205100,peripheral,0.150000000,9,0.238629335,Гип. peripheral; d=4; контр. в/из=2/0; KZT в/из=163000/0; tx=2/0; роль не определена; обрыв d=4; дальнейший выход неизвестен,4,False,2,163000.000000000,2,0,0.000000000,0,0.000317227,,True,False,3,0,1,0,0.000000000,0.000000000,0.000000000,0.778058447,0.279415313,0.238046284,0.600000000,0.000000000,0.415007539
100000003072676100,peripheral,0.200000000,17,0.173557858,Гип. peripheral; d=3; контр. в/из=1/0; KZT в/из=31545/0; tx=1/0; роль не определена; баланс неизвестен,3,False,1,31545.000000000,1,0,0.000000000,0,0.000291604,0.000000000,False,False,1,0,1,0,0.000000000,0.000000000,1.000000000,0.671587459,0.176291434,0.150190483,0.200000000,0.000000000,0.289263097
100000003073398100,peripheral,0.200000000,7,0.186169374,Гип. peripheral; d=2; контр. в/из=1/0; KZT в/из=92960/0; tx=1/0; роль не определена; баланс неизвестен,2,False,1,92960.000000000,1,0,0.000000000,0,0.000301537,0.000000000,False,False,1,0,1,0,0.000000000,0.000000000,0.000000000,0.741651436,0.176291434,0.150190483,0.200000000,0.000000000,0.310282290
100000003073635100,peripheral,0.200000000,4,0.190013617,Гип. peripheral; d=3; контр. в/из=1/0; KZT в/из=129231/0; tx=1/0; роль не определена; баланс неизвестен,3,False,1,129231.000000000,1,0,0.000000000,0,0.000310123,0.000000000,False,False,1,0,1,0,0.000000000,0.000000000,0.000000000,0.763008342,0.176291434,0.150190483,0.200000000,0.000000000,0.316689362
100000003074515100,peripheral,0.150000000,9,0.197024315,Гип. peripheral; d=4; контр. в/из=1/0; KZT в/из=105000/0; tx=1/0; роль не определена; обрыв d=4; дальнейший выход неизвестен,4,False,1,105000.000000000,1,0,0.000000000,0,0.000297755,,True,False,2,0,1,0,0.000000000,0.000000000,1.000000000,0.749547075,0.176291434,0.150190483,0.400000000,0.000000000,0.342650982
100000003078839100,peripheral,0.150000000,4,0.164819543,Гип. peripheral; d=4; контр. в/из=1/0; KZT в/из=14000/0; tx=2/0; роль не определена; обрыв d=4; дальнейший выход неизвестен,4,False,1,14000.000000000,2,0,0.000000000,0,0.000313065,,True,False,1,0,2,0,0.000000000,0.000000000,1.000000000,0.618924850,0.176291434,0.238046284,0.200000000,0.000000000,0.286642684
100000003083865100,peripheral,0.150000000,8,0.175263487,Гип. peripheral; d=4; контр. в/из=1/0; KZT в/из=15000/0; tx=1/0; роль не определена; обрыв d=4; дальнейший выход неизвестен,4,False,1,15000.000000000,1,0,0.000000000,0,0.000289610,,True,False,2,0,1,0,0.000000000,0.000000000,1.000000000,0.623397351,0.176291434,0.150190483,0.400000000,0.000000000,0.304806065
100000003084870100,peripheral,0.150000000,14,0.148662549,Гип. peripheral; d=4; контр. в/из=1/0; KZT в/из=6500/0; tx=1/0; роль не определена; обрыв d=4; дальнейший выход неизвестен,4,False,1,6500.000000000,1,0,0.000000000,0,0.000343250,,True,False,1,0,1,0,0.000000000,0.000000000,1.000000000,0.569189012,0.176291434,0.150190483,0.200000000,0.000000000,0.258543563
100000003086040100,peripheral,0.200000000,1,0.178721787,Гип. peripheral; d=2; контр. в/из=1/0; KZT в/из=10500/0; tx=1/0; роль не определена; баланс неизвестен,2,False,1,10500.000000000,1,0,0.000000000,0,0.000545470,0.000000000,False,False,2,0,1,0,0.000000000,0.000000000,1.000000000,0.600275953,0.176291434,0.150190483,0.400000000,0.000000000,0.297869645
100000003087877100,peripheral,0.200000000,4,0.185982860,Гип. peripheral; d=3; контр. в/из=1/0; KZT в/из=91486/0; tx=1/0; роль не определена; баланс неизвестен,3,False,1,91486.000000000,1,0,0.000000000,0,0.000290508,0.000000000,False,False,1,0,1,0,0.000000000,0.000000000,1.000000000,0.740615247,0.176291434,0.150190483,0.200000000,0.000000000,0.309971433
100000003089018100,peripheral,0.200000000,9,0.196740732,Гип. peripheral; d=2; контр. в/из=1/0; KZT в/из=230000/0; tx=1/0; роль не определена; баланс неизвестен,2,False,1,230000.000000000,1,0,0.000000000,0,0.000305536,0.000000000,False,False,1,0,1,0,0.000000000,0.000000000,1.000000000,0.800381201,0.176291434,0.150190483,0.200000000,0.000000000,0.327901220
100000003089553100,peripheral,0.200000000,10,0.227752741,Гип. peripheral; d=3; контр. в/из=1/0; KZT в/из=150000/0; tx=1/0; роль не определена; баланс неизвестен,3,False,1,150000.000000000,1,0,0.000000000,0,0.000305418,0.000000000,False,False,3,0,1,0,0.000000000,0.000000000,1.000000000,0.772670139,0.176291434,0.150190483,0.600000000,0.000000000,0.379587901
100000003091142100,peripheral,0.150000000,1,0.186231813,Гип. peripheral; d=4; контр. в/из=1/0; KZT в/из=40000/0; tx=1/0; роль не определена; обрыв d=4; дальнейший выход неизвестен,4,False,1,40000.000000000,1,0,0.000000000,0,0.000407502,,True,False,2,0,1,0,0.000000000,0.000000000,0.000000000,0.686981847,0.176291434,0.150190483,0.400000000,0.000000000,0.323881414
100000003093299100,peripheral,0.200000000,1,0.182883639,Гип. peripheral; d=3; контр. в/из=1/0; KZT в/из=15000/0; tx=1/0; роль не определена; баланс неизвестен,3,False,1,15000.000000000,1,0,0.000000000,0,0.000284876,0.000000000,False,False,2,0,1,0,0.000000000,0.000000000,1.000000000,0.623397351,0.176291434,0.150190483,0.400000000,0.000000000,0.304806065
100000003095610100,peripheral,0.200000000,8,0.170203985,Гип. peripheral; d=3; контр. в/из=1/0; KZT в/из=23665/0; tx=1/0; роль не определена; баланс неизвестен,3,False,1,23665.000000000,1,0,0.000000000,0,0.000292793,0.000000000,False,False,1,0,1,0,0.000000000,0.000000000,1.000000000,0.652954827,0.176291434,0.150190483,0.200000000,0.000000000,0.283673308
100000003096787100,peripheral,0.150000000,8,0.176261312,Гип. peripheral; d=4; контр. в/из=1/0; KZT в/из=16400/0; tx=1/0; роль не определена; обрыв d=4; дальнейший выход неизвестен,4,False,1,16400.000000000,1,0,0.000000000,0,0.000290130,,True,False,2,0,1,0,0.000000000,0.000000000,1.000000000,0.629181840,0.176291434,0.150190483,0.400000000,0.000000000,0.306541411
100000003097324100,peripheral,0.200000000,18,0.255887453,Гип. peripheral; d=3; контр. в/из=2/0; KZT в/из=294000/0; tx=2/0; роль не определена; баланс неизвестен,3,False,2,294000.000000000,2,0,0.000000000,0,0.000324230,0.000000000,False,False,3,0,1,0,0.000000000,0.000000000,0.000000000,0.816296943,0.279415313,0.238046284,0.600000000,0.000000000,0.426479088
100000003097947100,peripheral,0.150000000,4,0.172124610,Гип. peripheral; d=4; контр. в/из=1/0; KZT в/из=52980/0; tx=1/0; роль не определена; обрыв d=4; дальнейший выход неизвестен,4,False,1,52980.000000000,1,0,0.000000000,0,0.000318317,,True,False,1,0,1,0,0.000000000,0.000000000,1.000000000,0.705200962,0.176291434,0.150190483,0.200000000,0.000000000,0.299347148
100000003102157100,peripheral,0.200000000,1,0.194542230,Гип. peripheral; d=1; контр. в/из=1/0; KZT в/из=96746/0; tx=2/0; роль не определена; баланс неизвестен,1,False,1,96746.000000000,2,0,0.000000000,0,0.000302050,0.000000000,False,False,1,1,1,0,0.000000000,0.000000000,1.000000000,0.744239404,0.176291434,0.238046284,0.200000000,0.000000000,0.324237051
100000003104347100,peripheral,0.200000000,22,0.211619059,Гип. peripheral; d=2; контр. в/из=1/1; KZT в/из=418000/32000; tx=1/1; роль не определена; баланс неизвестен,2,False,1,418000.000000000,1,1,32000.000000000,1,0.000362253,0.076555024,False,False,1,0,1,1,0.000000000,0.000000000,1.000000000,0.839110676,0.176291434,0.238046284,0.200000000,0.000000000,0.352698432
100000003105089100,peripheral,0.150000000,21,0.153479470,Гип. peripheral; d=4; контр. в/из=1/0; KZT в/из=10000/0; tx=1/0; роль не определена; обрыв d=4; дальнейший выход неизвестен,4,False,1,10000.000000000,1,0,0.000000000,0,0.000297795,,True,False,1,0,1,0,0.000000000,0.000000000,0.000000000,0.597113194,0.176291434,0.150190483,0.200000000,0.000000000,0.266920818
100000003105929100,peripheral,0.200000000,6,0.253547712,Гип. peripheral; d=3; контр. в/из=1/1; KZT в/из=429567/156354; tx=2/1; роль не определена; баланс неизвестен,3,False,1,429567.000000000,2,1,156354.000000000,1,0.000297844,0.363980473,False,False,3,0,1,1,0.000000000,0.000000000,1.000000000,0.840880291,0.176291434,0.300380966,0.600000000,0.000000000,0.422579519
100000003109805100,peripheral,0.200000000,17,0.175396693,Гип. peripheral; d=3; контр. в/из=1/0; KZT в/из=36929/0; tx=1/0; роль не определена; баланс неизвестен,3,False,1,36929.000000000,1,0,0.000000000,0,0.000289807,0.000000000,False,False,1,0,1,0,0.000000000,0.000000000,1.000000000,0.681803209,0.176291434,0.150190483,0.200000000,0.000000000,0.292327822
100000003111305100,terminal,0.490000000,27,0.446816613,Гип. terminal; d=3; контр. в/из=4/0; KZT в/из=509338/0; tx=4/0; out/in=0.000; до24.07=100%; остаток неизвестен; гипотеза в окне,3,False,4,509338.000000000,4,0,0.000000000,0,0.000401371,0.000000000,False,False,4,0,3,0,0.000000000,0.000000000,1.000000000,0.851923035,0.409336034,0.348731503,0.800000000,0.450000000,0.599753843
100000003112436100,peripheral,0.200000000,5,0.241021242,Гип. peripheral; d=2; контр. в/из=1/0; KZT в/из=100000/0; tx=1/0; роль не определена; баланс неизвестен,2,False,1,100000.000000000,1,0,0.000000000,0,0.000300488,0.000000000,False,False,4,0,1,0,0.000000000,0.000000000,1.000000000,0.746384037,0.176291434,0.150190483,0.800000000,0.000000000,0.401702071
100000003112578100,peripheral,0.200000000,14,0.205146595,Гип. peripheral; d=3; контр. в/из=1/0; KZT в/из=101080/0; tx=1/0; роль не определена; баланс неизвестен,3,False,1,101080.000000000,1,0,0.000000000,0,0.000288817,0.000000000,False,False,2,0,1,0,0.000000000,0.000000000,1.000000000,0.747080441,0.176291434,0.150190483,0.400000000,0.000000000,0.341910992
100000003115284100,consolidator,0.732500000,12,0.704099581,Гип. consolidator; d=1; контр. в/из=8/2; KZT в/из=2160500/517000; tx=15/4; seed-вход=2; баланс неизвестен,1,False,8,2160500.000000000,15,2,517000.000000000,4,0.001515555,0.239296459,False,False,9,2,5,3,245000.000000000,0.113399676,1.000000000,0.945601247,0.558830625,0.649112469,1.000000000,0.850000000,0.812813370
100000003116106100,peripheral,0.200000000,6,0.249569658,Гип. peripheral; d=3; контр. в/из=1/0; KZT в/из=494050/0; tx=2/0; роль не определена; баланс неизвестен,3,False,1,494050.000000000,2,0,0.000000000,0,0.000299916,0.000000000,False,False,3,0,2,0,0.000000000,0.000000000,0.000000000,0.849947336,0.176291434,0.238046284,0.600000000,0.000000000,0.415949430
100000003119550100,peripheral,0.200000000,2,0.168809848,Гип. peripheral; d=1; контр. в/из=1/0; KZT в/из=21000/0; tx=1/0; роль не определена; баланс неизвестен,1,False,1,21000.000000000,1,0,0.000000000,0,0.000288412,0.000000000,False,False,1,1,1,0,0.000000000,0.000000000,0.000000000,0.645209624,0.176291434,0.150190483,0.200000000,0.000000000,0.281349747
100000003122817100,peripheral,0.200000000,26,0.204434063,Гип. peripheral; d=3; контр. в/из=1/0; KZT в/из=444680/0; tx=1/0; роль не определена; баланс неизвестен,3,False,1,444680.000000000,1,0,0.000000000,0,0.000394558,0.000000000,False,False,1,0,1,0,0.000000000,0.000000000,1.000000000,0.843121927,0.176291434,0.150190483,0.200000000,0.000000000,0.340723438
100000003123296100,peripheral,0.200000000,11,0.193195376,Гип. peripheral; d=1; контр. в/из=1/0; KZT в/из=86200/0; tx=2/0; роль не определена; баланс неизвестен,1,False,1,86200.000000000,2,0,0.000000000,0,0.000298249,0.000000000,False,False,1,1,1,0,0.000000000,0.000000000,1.000000000,0.736756880,0.176291434,0.238046284,0.200000000,0.000000000,0.321992293
100000003125997100,peripheral,0.150000000,10,0.177767307,Гип. peripheral; d=4; контр. в/из=1/0; KZT в/из=87750/0; tx=1/0; роль не определена; обрыв d=4; дальнейший выход неизвестен,4,False,1,87750.000000000,1,0,0.000000000,0,0.000545317,,True,False,1,0,1,0,0.000000000,0.000000000,0.000000000,0.737912247,0.176291434,0.150190483,0.200000000,0.000000000,0.309160534
100000003128638100,peripheral,0.150000000,9,0.191514597,Гип. peripheral; d=4; контр. в/из=1/0; KZT в/из=300000/0; tx=1/0; роль не определена; обрыв d=4; дальнейший выход неизвестен,4,False,1,300000.000000000,1,0,0.000000000,0,0.000356181,,True,False,1,0,1,0,0.000000000,0.000000000,0.000000000,0.817606681,0.176291434,0.150190483,0.200000000,0.000000000,0.333068864
100000003131016100,peripheral,0.200000000,4,0.256304812,Гип. peripheral; d=2; контр. в/из=1/1; KZT в/из=405700/126000; tx=7/4; роль не определена; баланс неизвестен,2,False,1,405700.000000000,7,1,126000.000000000,4,0.001719737,0.310574316,False,False,2,0,6,4,15000.000000000,0.036973133,0.723933941,0.837174372,0.176291434,0.538427250,0.400000000,0.000000000,0.427174686
100000003131693100,peripheral,0.200000000,3,0.255748910,Гип. peripheral; d=1; контр. в/из=1/0; KZT в/из=353277/0; tx=1/0; роль не определена; баланс неизвестен,1,False,1,353277.000000000,1,0,0.000000000,0,0.000354204,0.000000000,False,False,4,1,1,0,0.000000000,0.000000000,1.000000000,0.828204413,0.176291434,0.150190483,0.800000000,0.000000000,0.426248183
100000003132484100,peripheral,0.200000000,9,0.185791761,Гип. peripheral; d=3; контр. в/из=1/0; KZT в/из=90000/0; tx=1/0; роль не определена; баланс неизвестен,3,False,1,90000.000000000,1,0,0.000000000,0,0.000535623,0.000000000,False,False,1,0,1,0,0.000000000,0.000000000,1.000000000,0.739553583,0.176291434,0.150190483,0.200000000,0.000000000,0.309652934
100000003133045100,peripheral,0.150000000,50,0.174915810,Гип. peripheral; d=4; контр. в/из=1/0; KZT в/из=68000/0; tx=1/0; роль не определена; обрыв d=4; дальнейший выход неизвестен,4,False,1,68000.000000000,1,0,0.000000000,0,0.000331207,,True,False,1,0,1,0,0.000000000,0.000000000,1.000000000,0.721381829,0.176291434,0.150190483,0.200000000,0.000000000,0.304201408
100000003134474100,peripheral,0.200000000,6,0.224753200,Гип. peripheral; d=3; контр. в/из=1/0; KZT в/из=116000/0; tx=1/0; роль не определена; баланс неизвестен,3,False,1,116000.000000000,1,0,0.000000000,0,0.000287766,0.000000000,False,False,3,0,1,0,0.000000000,0.000000000,1.000000000,0.756006022,0.176291434,0.150190483,0.600000000,0.000000000,0.374588666
100000003134550100,peripheral,0.150000000,10,0.179228691,Гип. peripheral; d=4; контр. в/из=1/0; KZT в/из=100000/0; tx=1/0; роль не определена; обрыв d=4; дальнейший выход неизвестен,4,False,1,100000.000000000,1,0,0.000000000,0,0.000297227,,True,False,1,0,1,0,0.000000000,0.000000000,1.000000000,0.746384037,0.176291434,0.150190483,0.200000000,0.000000000,0.311702071
100000003134934100,peripheral,0.200000000,1,0.284414016,Гип. peripheral; d=2; контр. в/из=4/0; KZT в/из=379354/0; tx=4/0; роль не определена; баланс неизвестен,2,False,4,379354.000000000,4,0,0.000000000,0,0.000421919,0.000000000,False,False,3,0,3,0,0.000000000,0.000000000,0.613674826,0.832821424,0.409336034,0.348731503,0.600000000,0.000000000,0.474023360
100000003134937100,peripheral,0.200000000,5,0.178481520,Гип. peripheral; d=1; контр. в/из=1/0; KZT в/из=10286/0; tx=1/0; роль не определена; баланс неизвестен,1,False,1,10286.000000000,1,0,0.000000000,0,0.000285136,0.000000000,False,False,2,1,1,0,0.000000000,0.000000000,1.000000000,0.598941134,0.176291434,0.150190483,0.400000000,0.000000000,0.297469199
100000003146511100,peripheral,0.150000000,13,0.170729470,Гип. peripheral; d=4; контр. в/из=1/0; KZT в/из=10000/0; tx=1/0; роль не определена; обрыв d=4; дальнейший выход неизвестен,4,False,1,10000.000000000,1,0,0.000000000,0,0.000310108,,True,False,2,0,1,0,0.000000000,0.000000000,1.000000000,0.597113194,0.176291434,0.150190483,0.400000000,0.000000000,0.296920818
100000003147719100,peripheral,0.200000000,9,0.187021242,Гип. peripheral; d=3; контр. в/из=1/0; KZT в/из=100000/0; tx=1/0; роль не определена; баланс неизвестен,3,False,1,100000.000000000,1,0,0.000000000,0,0.000289155,0.000000000,False,False,1,0,1,0,0.000000000,0.000000000,0.000000000,0.746384037,0.176291434,0.150190483,0.200000000,0.000000000,0.311702071
100000003148220100,peripheral,0.200000000,58,0.211079846,Гип. peripheral; d=1; контр. в/из=1/2; KZT в/из=5650/43400; tx=1/4; роль не определена; выход>1.2 входа: пропуски/начальный остаток,1,False,1,5650.000000000,1,2,43400.000000000,4,0.000910448,7.681415929,False,True,1,1,1,4,5650.000000000,1.000000000,1.000000000,0.692270554,0.279415313,0.388236767,0.200000000,0.000000000,0.351799744
100000003149149100,peripheral,0.200000000,6,0.233477989,Гип. peripheral; d=3; контр. в/из=1/0; KZT в/из=245000/0; tx=1/0; роль не определена; баланс неизвестен,3,False,1,245000.000000000,1,0,0.000000000,0,0.000291912,0.000000000,False,False,3,0,1,0,0.000000000,0.000000000,1.000000000,0.804477074,0.176291434,0.150190483,0.600000000,0.000000000,0.389129982
100000003152964100,peripheral,0.200000000,4,0.199007607,Гип. peripheral; d=3; контр. в/из=1/1; KZT в/из=141847/5500; tx=1/1; роль не определена; баланс неизвестен,3,False,1,141847.000000000,1,1,5500.000000000,1,0.000312670,0.038774172,False,False,1,0,1,1,0.000000000,0.000000000,0.000000000,0.769047054,0.176291434,0.238046284,0.200000000,0.000000000,0.331679346
100000003154105100,peripheral,0.200000000,21,0.276787482,Гип. peripheral; d=3; контр. в/из=1/7; KZT в/из=60000/338000; tx=1/9; роль не определена; выход>1.2 входа: пропуски/начальный остаток,3,False,1,60000.000000000,1,7,338000.000000000,9,0.000547059,5.633333333,False,True,1,0,1,6,40000.000000000,0.666666667,1.000000000,0.825338509,0.528874303,0.519573706,0.200000000,0.000000000,0.461312469
100000003157333100,peripheral,0.200000000,7,0.172971866,Гип. peripheral; d=2; контр. в/из=1/0; KZT в/из=30000/0; tx=1/0; роль не определена; баланс неизвестен,2,False,1,30000.000000000,1,0,0.000000000,0,0.000289685,0.000000000,False,False,1,0,1,0,0.000000000,0.000000000,0.000000000,0.668331948,0.176291434,0.150190483,0.200000000,0.000000000,0.288286444
100000003157679100,peripheral,0.200000000,9,0.306556056,Гип. peripheral; d=3; контр. в/из=4/0; KZT в/из=541000/0; tx=4/0; роль не определена; баланс неизвестен,3,False,4,541000.000000000,4,0,0.000000000,0,0.000370736,0.000000000,False,False,4,0,3,0,0.000000000,0.000000000,0.722735675,0.855832761,0.409336034,0.348731503,0.800000000,0.000000000,0.510926761
100000003158727100,terminal,0.480000000,7,0.425371227,Гип. terminal; d=1; контр. в/из=3/0; KZT в/из=367940/0; tx=3/0; out/in=0.000; до24.07=100%; остаток неизвестен; гипотеза в окне,1,False,3,367940.000000000,3,0,0.000000000,0,0.000312448,0.000000000,False,False,4,1,2,0,0.000000000,0.000000000,1.000000000,0.830840877,0.352582869,0.300380966,0.800000000,0.450000000,0.574825982
100000003159641100,peripheral,0.200000000,16,0.306277266,Гип. peripheral; d=2; контр. в/из=4/1; KZT в/из=64000/197800; tx=7/1; роль не определена; выход>1.2 входа: пропуски/начальный остаток,2,False,4,64000.000000000,7,1,197800.000000000,1,0.000303538,3.090625000,False,True,4,0,4,1,15000.000000000,0.234375000,0.296875000,0.790603393,0.409336034,0.476092568,0.800000000,0.000000000,0.510462110
100000003163256100,peripheral,0.200000000,5,0.190790661,Гип. peripheral; d=1; контр. в/из=1/1; KZT в/из=13485/15000; tx=1/1; роль не определена; баланс неизвестен,1,False,1,13485.000000000,1,1,15000.000000000,1,0.000285478,1.112347052,False,False,2,1,1,1,0.000000000,0.000000000,1.000000000,0.623397351,0.176291434,0.238046284,0.400000000,0.000000000,0.317984435
100000003163886100,peripheral,0.200000000,55,0.223802335,Гип. peripheral; d=3; контр. в/из=1/0; KZT в/из=500000/0; tx=1/0; роль не определена; баланс неизвестен,3,False,1,500000.000000000,1,0,0.000000000,0,0.000729017,0.000000000,False,False,2,0,1,0,0.000000000,0.000000000,1.000000000,0.850723439,0.176291434,0.150190483,0.400000000,0.000000000,0.373003891
100000003164661100,terminal,0.480000000,29,0.339626598,Гип. terminal; d=3; контр. в/из=1/0; KZT в/из=596200/0; tx=3/0; out/in=0.000; до24.07=100%; остаток неизвестен; гипотеза в окне,3,False,1,596200.000000000,3,0,0.000000000,0,0.000596834,0.000000000,False,False,1,0,3,0,0.000000000,0.000000000,1.000000000,0.862131435,0.176291434,0.300380966,0.200000000,0.450000000,0.458954862
100000003166017100,peripheral,0.150000000,8,0.175263487,Гип. peripheral; d=4; контр. в/из=1/0; KZT в/из=15000/0; tx=1/0; роль не определена; обрыв d=4; дальнейший выход неизвестен,4,False,1,15000.000000000,1,0,0.000000000,0,0.000289610,,True,False,2,0,1,0,0.000000000,0.000000000,1.000000000,0.623397351,0.176291434,0.150190483,0.400000000,0.000000000,0.304806065
100000003166755100,peripheral,0.200000000,3,0.188372872,Гип. peripheral; d=2; контр. в/из=1/0; KZT в/из=24010/0; tx=1/0; роль не определена; баланс неизвестен,2,False,1,24010.000000000,1,0,0.000000000,0,0.000287797,0.000000000,False,False,2,0,1,0,0.000000000,0.000000000,1.000000000,0.653893089,0.176291434,0.150190483,0.400000000,0.000000000,0.313954786
100000003171006100,peripheral,0.200000000,9,0.261728782,Гип. peripheral; d=3; контр. в/из=2/0; KZT в/из=485000/0; tx=2/0; роль не определена; баланс неизвестен,3,False,2,485000.000000000,2,0,0.000000000,0,0.000333096,0.000000000,False,False,3,0,1,0,0.000000000,0.000000000,0.000000000,0.848748771,0.279415313,0.238046284,0.600000000,0.000000000,0.436214637
100000003171587100,peripheral,0.200000000,6,0.289489460,Гип. peripheral; d=3; контр. в/из=2/2; KZT в/из=700000/431300; tx=2/7; роль не определена; баланс неизвестен,3,False,2,700000.000000000,2,2,431300.000000000,7,0.000314253,0.616142857,False,False,3,0,1,7,0.000000000,0.000000000,1.000000000,0.872536910,0.279415313,0.498921986,0.600000000,0.000000000,0.482482433
100000003173783100,peripheral,0.150000000,30,0.170611472,Гип. peripheral; d=4; контр. в/из=1/0; KZT в/из=23500/0; tx=2/0; роль не определена; обрыв d=4; дальнейший выход неизвестен,4,False,1,23500.000000000,2,0,0.000000000,0,0.000344666,,True,False,1,0,2,0,0.000000000,0.000000000,1.000000000,0.652501248,0.176291434,0.238046284,0.200000000,0.000000000,0.296715604
100000003177533100,peripheral,0.150000000,4,0.174184431,Гип. peripheral; d=4; контр. в/из=1/0; KZT в/из=20000/0; tx=3/0; роль не определена; обрыв d=4; дальнейший выход неизвестен,4,False,1,20000.000000000,3,0,0.000000000,0,0.000336311,,True,False,1,0,1,0,0.000000000,0.000000000,1.000000000,0.642046710,0.176291434,0.300380966,0.200000000,0.000000000,0.302929445
100000003178549100,peripheral,0.200000000,17,0.250109369,Гип. peripheral; d=3; контр. в/из=2/4; KZT в/из=250000/89080; tx=2/4; роль не определена; баланс неизвестен,3,False,2,250000.000000000,2,4,89080.000000000,4,0.000350139,0.356320000,False,False,1,0,2,3,0.000000000,0.000000000,1.000000000,0.805786811,0.409336034,0.421637992,0.200000000,0.000000000,0.416848949
100000003180305100,peripheral,0.150000000,1,0.217806527,Гип. peripheral; d=4; контр. в/из=1/0; KZT в/из=144000/0; tx=1/0; роль не определена; обрыв d=4; дальнейший выход неизвестен,4,False,1,144000.000000000,1,0,0.000000000,0,0.000524836,,True,False,3,0,1,0,0.000000000,0.000000000,1.000000000,0.770023666,0.176291434,0.150190483,0.600000000,0.000000000,0.378793959
100000003180820100,peripheral,0.150000000,9,0.196589966,Гип. peripheral; d=4; контр. в/из=1/0; KZT в/из=101000/0; tx=1/0; роль не определена; обрыв d=4; дальнейший выход неизвестен,4,False,1,101000.000000000,1,0,0.000000000,0,0.000297233,,True,False,2,0,1,0,0.000000000,0.000000000,1.000000000,0.747029111,0.176291434,0.150190483,0.400000000,0.000000000,0.341895593
100000003186579100,peripheral,0.150000000,4,0.187872114,Гип. peripheral; d=4; контр. в/из=1/0; KZT в/из=110000/0; tx=2/0; роль не определена; обрыв d=4; дальнейший выход неизвестен,4,False,1,110000.000000000,2,0,0.000000000,0,0.000512108,,True,False,1,0,2,0,0.000000000,0.000000000,1.000000000,0.752562941,0.176291434,0.238046284,0.200000000,0.000000000,0.326734112
100000003187359100,peripheral,0.200000000,2,0.167686127,Гип. peripheral; d=1; контр. в/из=1/0; KZT в/из=19072/0; tx=1/0; роль не определена; баланс неизвестен,1,False,1,19072.000000000,1,0,0.000000000,0,0.000288010,0.000000000,False,False,1,1,1,0,0.000000000,0.000000000,1.000000000,0.638966729,0.176291434,0.150190483,0.200000000,0.000000000,0.279476878
100000003188607100,peripheral,0.200000000,7,0.174918116,Гип. peripheral; d=2; контр. в/из=1/1; KZT в/из=18000/5000; tx=1/1; роль не определена; баланс неизвестен,2,False,1,18000.000000000,1,1,5000.000000000,1,0.000313004,0.277777778,False,False,1,0,1,1,0.000000000,0.000000000,0.000000000,0.635216544,0.176291434,0.238046284,0.200000000,0.000000000,0.291530193
100000003190207100,peripheral,0.200000000,20,0.251893170,Гип. peripheral; d=3; контр. в/из=1/1; KZT в/из=5000/377000; tx=1/8; роль не определена; выход>1.2 входа: пропуски/начальный остаток,3,False,1,5000.000000000,1,1,377000.000000000,8,0.000297502,75.400000000,False,True,2,0,1,7,5000.000000000,1.000000000,1.000000000,0.832417883,0.176291434,0.498921986,0.400000000,0.000000000,0.419821950
100000003191430100,peripheral,0.200000000,5,0.193880312,Гип. peripheral; d=2; контр. в/из=1/0; KZT в/из=180000/0; tx=1/0; роль не определена; баланс неизвестен,2,False,1,180000.000000000,1,0,0.000000000,0,0.000527604,0.000000000,False,False,1,0,1,0,0.000000000,0.000000000,1.000000000,0.784489981,0.176291434,0.150190483,0.200000000,0.000000000,0.323133854
100000003192220100,peripheral,0.200000000,54,0.188967310,Гип. peripheral; d=2; контр. в/из=1/0; KZT в/из=60000/0; tx=2/0; роль не определена; баланс неизвестен,2,False,1,60000.000000000,2,0,0.000000000,0,0.000499874,0.000000000,False,False,1,0,2,0,0.000000000,0.000000000,1.000000000,0.713267625,0.176291434,0.238046284,0.200000000,0.000000000,0.314945517
100000003192309100,peripheral,0.200000000,2,0.203751697,Гип. peripheral; d=3; контр. в/из=1/1; KZT в/из=17200/213000; tx=1/1; роль не определена; выход>1.2 входа: пропуски/начальный остаток,3,False,1,17200.000000000,1,1,213000.000000000,1,0.000286702,12.383720930,False,True,1,0,1,1,0.000000000,0.000000000,1.000000000,0.795403110,0.176291434,0.238046284,0.200000000,0.000000000,0.339586162
100000003194831100,peripheral,0.150000000,8,0.148250808,Гип. peripheral; d=4; контр. в/из=1/0; KZT в/из=6265/0; tx=1/0; роль не определена; обрыв d=4; дальнейший выход неизвестен,4,False,1,6265.000000000,1,0,0.000000000,0,0.000289259,,True,False,1,0,1,0,0.000000000,0.000000000,0.000000000,0.566802111,0.176291434,0.150190483,0.200000000,0.000000000,0.257827493
100000003199390100,peripheral,0.150000000,6,0.224414280,Гип. peripheral; d=4; контр. в/из=1/0; KZT в/из=260000/0; tx=1/0; роль не определена; обрыв d=4; дальнейший выход неизвестен,4,False,1,260000.000000000,1,0,0.000000000,0,0.000374495,,True,False,3,0,1,0,0.000000000,0.000000000,1.000000000,0.808329481,0.176291434,0.150190483,0.600000000,0.000000000,0.390285704
100000003200071100,peripheral,0.200000000,67,0.154971866,Гип. peripheral; d=0; контр. в/из=0/1; KZT в/из=0/30000; tx=0/1; роль не определена; seed: вход неполон; баланс неизвестен,0,True,0,0.000000000,0,1,30000.000000000,1,0.000284037,,False,True,0,0,0,1,0.000000000,0.000000000,0.000000000,0.668331948,0.176291434,0.150190483,0.000000000,0.000000000,0.258286444
100000003204491100,peripheral,0.200000000,1,0.204464784,Гип. peripheral; d=3; контр. в/из=1/1; KZT в/из=140000/100000; tx=1/2; роль не определена; баланс неизвестен,3,False,1,140000.000000000,1,1,100000.000000000,2,0.000296358,0.714285714,False,False,1,0,1,1,0.000000000,0.000000000,1.000000000,0.768197360,0.176291434,0.300380966,0.200000000,0.000000000,0.340774640
100000003205210100,peripheral,0.200000000,3,0.244742722,Гип. peripheral; d=1; контр. в/из=1/0; KZT в/из=137563/0; tx=1/0; роль не определена; баланс неизвестен,1,False,1,137563.000000000,1,0,0.000000000,0,0.000311359,0.000000000,False,False,4,1,1,0,0.000000000,0.000000000,1.000000000,0.767058925,0.176291434,0.150190483,0.800000000,0.000000000,0.407904537
100000003207060100,peripheral,0.150000000,1,0.189378831,Гип. peripheral; d=4; контр. в/из=1/0; KZT в/из=53000/0; tx=1/0; роль не определена; обрыв d=4; дальнейший выход неизвестен,4,False,1,53000.000000000,1,0,0.000000000,0,0.000424868,,True,False,2,0,1,0,0.000000000,0.000000000,1.000000000,0.705225430,0.176291434,0.150190483,0.400000000,0.000000000,0.329354488
100000003213473100,peripheral,0.200000000,1,0.309215042,Гип. peripheral; d=3; контр. в/из=1/11; KZT в/из=57500/240000; tx=2/12; роль не определена; выход>1.2 входа: пропуски/начальный остаток,3,False,1,57500.000000000,2,11,240000.000000000,12,0.000287253,4.173913043,False,True,2,0,2,10,45000.000000000,0.782608696,0.000000000,0.803140330,0.631998181,0.586777786,0.400000000,0.000000000,0.515358403
100000003214786100,peripheral,0.150000000,1,0.162978998,Гип. peripheral; d=4; контр. в/из=1/0; KZT в/из=5000/0; tx=1/0; роль не определена; обрыв d=4; дальнейший выход неизвестен,4,False,1,5000.000000000,1,0,0.000000000,0,0.000417825,,True,False,2,0,1,0,0.000000000,0.000000000,1.000000000,0.552182918,0.176291434,0.150190483,0.400000000,0.000000000,0.283441735
100000003215448100,peripheral,0.200000000,4,0.223330473,Гип. peripheral; d=3; контр. в/из=1/2; KZT в/из=91309/124000; tx=1/4; роль не определена; выход>1.2 входа: пропуски/начальный остаток,3,False,1,91309.000000000,1,2,124000.000000000,4,0.000302469,1.358026043,False,True,1,0,1,3,8000.000000000,0.087614583,1.000000000,0.760329591,0.279415313,0.388236767,0.200000000,0.000000000,0.372217455
100000003216073100,peripheral,0.200000000,4,0.190766129,Гип. peripheral; d=3; контр. в/из=1/1; KZT в/из=37001/70000; tx=1/1; роль не определена; выход>1.2 входа: пропуски/начальный остаток,3,False,1,37001.000000000,1,1,70000.000000000,1,0.000286654,1.891840761,False,True,1,0,1,1,0.000000000,0.000000000,1.000000000,0.723261065,0.176291434,0.238046284,0.200000000,0.000000000,0.317943549
100000003218308100,peripheral,0.200000000,1,0.179438323,Гип. peripheral; d=3; контр. в/из=1/0; KZT в/из=11165/0; tx=1/0; роль не определена; баланс неизвестен,3,False,1,11165.000000000,1,0,0.000000000,0,0.000284662,0.000000000,False,False,2,0,1,0,0.000000000,0.000000000,1.000000000,0.604256709,0.176291434,0.150190483,0.400000000,0.000000000,0.299063872
100000003219438100,peripheral,0.200000000,33,0.173724968,Гип. peripheral; d=2; контр. в/из=1/0; KZT в/из=32000/0; tx=1/0; роль не определена; баланс неизвестен,2,False,1,32000.000000000,1,0,0.000000000,0,0.000444269,0.000000000,False,False,1,0,1,0,0.000000000,0.000000000,1.000000000,0.672515848,0.176291434,0.150190483,0.200000000,0.000000000,0.289541614
100000003220685100,peripheral,0.150000000,6,0.250041940,Гип. peripheral; d=4; контр. в/из=1/0; KZT в/из=1306000/0; tx=2/0; роль не определена; обрыв d=4; дальнейший выход неизвестен,4,False,1,1306000.000000000,2,0,0.000000000,0,0.000534390,,True,False,3,0,1,0,0.000000000,0.000000000,1.000000000,0.912967729,0.176291434,0.238046284,0.600000000,0.000000000,0.434855548
100000003221384100,peripheral,0.200000000,16,0.242060844,Гип. peripheral; d=2; контр. в/из=1/0; KZT в/из=511200/0; tx=1/0; роль не определена; баланс неизвестен,2,False,1,511200.000000000,1,0,0.000000000,0,0.000445416,0.000000000,False,False,3,0,1,0,0.000000000,0.000000000,0.000000000,0.852159603,0.176291434,0.150190483,0.600000000,0.000000000,0.403434740
100000003221510100,peripheral,0.200000000,1,0.237392364,Гип. peripheral; d=3; контр. в/из=1/2; KZT в/из=24000/120000; tx=1/3; роль не определена; выход>1.2 входа: пропуски/начальный остаток,3,False,1,24000.000000000,1,2,120000.000000000,3,0.000285380,5.000000000,False,True,2,0,1,2,0.000000000,0.000000000,1.000000000,0.758203843,0.279415313,0.348731503,0.400000000,0.000000000,0.395653941
100000003230328100,peripheral,0.150000000,1,0.232135237,Гип. peripheral; d=4; контр. в/из=3/0; KZT в/из=26572/0; tx=3/0; роль не определена; обрыв d=4; дальнейший выход неизвестен,4,False,3,26572.000000000,3,0,0.000000000,0,0.000349714,,True,False,3,0,3,0,0.000000000,0.000000000,0.376335993,0.660465792,0.352582869,0.300380966,0.600000000,0.000000000,0.403713456
100000003230329100,peripheral,0.150000000,9,0.197544551,Гип. peripheral; d=4; контр. в/из=1/0; KZT в/из=110000/0; tx=1/0; роль не определена; обрыв d=4; дальнейший выход неизвестен,4,False,1,110000.000000000,1,0,0.000000000,0,0.000298409,,True,False,2,0,1,0,0.000000000,0.000000000,1.000000000,0.752562941,0.176291434,0.150190483,0.400000000,0.000000000,0.343555742
100000003232675100,peripheral,0.150000000,13,0.194875221,Гип. peripheral; d=4; контр. в/из=1/0; KZT в/из=44000/0; tx=2/0; роль не определена; обрыв d=4; дальнейший выход неизвестен,4,False,1,44000.000000000,2,0,0.000000000,0,0.000398750,,True,False,2,0,1,0,0.000000000,0.000000000,1.000000000,0.693160663,0.176291434,0.238046284,0.400000000,0.000000000,0.338913428
100000003235780100,peripheral,0.200000000,1,0.220276212,Гип. peripheral; d=1; контр. в/из=2/0; KZT в/из=65000/0; tx=2/0; роль не определена; баланс неизвестен,1,False,2,65000.000000000,2,0,0.000000000,0,0.000289626,0.000000000,False,False,2,1,2,0,0.000000000,0.000000000,1.000000000,0.718456714,0.279415313,0.238046284,0.400000000,0.000000000,0.367127019
100000003237045100,peripheral,0.200000000,5,0.214825899,Гип. peripheral; d=2; контр. в/из=1/1; KZT в/из=340200/150000; tx=2/1; роль не определена; баланс неизвестен,2,False,1,340200.000000000,2,1,150000.000000000,1,0.000391750,0.440917108,False,False,1,0,1,1,0.000000000,0.000000000,1.000000000,0.825759111,0.176291434,0.300380966,0.200000000,0.000000000,0.358043165
100000003239379100,peripheral,0.200000000,11,0.186111487,Гип. peripheral; d=1; контр. в/из=1/0; KZT в/из=92500/0; tx=1/0; роль не определена; баланс неизвестен,1,False,1,92500.000000000,1,0,0.000000000,0,0.000299288,0.000000000,False,False,1,1,1,0,0.000000000,0.000000000,1.000000000,0.741329840,0.176291434,0.150190483,0.200000000,0.000000000,0.310185811
100000003239859100,peripheral,0.200000000,11,0.167393710,Гип. peripheral; d=1; контр. в/из=1/0; KZT в/из=18600/0; tx=1/0; роль не определена; баланс неизвестен,1,False,1,18600.000000000,1,0,0.000000000,0,0.000287104,0.000000000,False,False,1,1,1,0,0.000000000,0.000000000,1.000000000,0.637342194,0.176291434,0.150190483,0.200000000,0.000000000,0.278989517
100000003241965100,peripheral,0.200000000,8,0.164883639,Гип. peripheral; d=3; контр. в/из=1/0; KZT в/из=15000/0; tx=1/0; роль не определена; баланс неизвестен,3,False,1,15000.000000000,1,0,0.000000000,0,0.000289587,0.000000000,False,False,1,0,1,0,0.000000000,0.000000000,1.000000000,0.623397351,0.176291434,0.150190483,0.200000000,0.000000000,0.274806065
100000003242289100,distributor,0.600000000,17,0.650205723,Гип. distributor; d=2; контр. в/из=3/23; KZT в/из=550791/2377741; tx=8/26; дней выхода=14; выход>1.2 входа: пропуски/начальный остаток,2,False,3,550791.000000000,8,23,2377741.000000000,26,0.000437086,4.316956886,False,True,3,0,6,14,327197.000000000,0.594049285,1.000000000,0.951812688,0.808289616,0.770369495,0.600000000,0.800000000,0.812757154
100000003242795100,peripheral,0.200000000,6,0.224239050,Гип. peripheral; d=3; контр. в/из=1/0; KZT в/из=111000/0; tx=1/0; роль не определена; баланс неизвестен,3,False,1,111000.000000000,1,0,0.000000000,0,0.000287605,0.000000000,False,False,3,0,1,0,0.000000000,0.000000000,1.000000000,0.753149637,0.176291434,0.150190483,0.600000000,0.000000000,0.373731750
100000003246024100,peripheral,0.200000000,4,0.196751382,Гип. peripheral; d=2; контр. в/из=1/1; KZT в/из=25000/5000; tx=1/1; роль не определена; баланс неизвестен,2,False,1,25000.000000000,1,1,5000.000000000,1,0.000372508,0.200000000,False,False,2,0,1,1,0.000000000,0.000000000,1.000000000,0.656512467,0.176291434,0.238046284,0.400000000,0.000000000,0.327918970
100000003247600100,peripheral,0.150000000,3,0.173136989,Гип. peripheral; d=4; контр. в/из=1/0; KZT в/из=58000/0; tx=1/0; роль не определена; обрыв d=4; дальнейший выход неизвестен,4,False,1,58000.000000000,1,0,0.000000000,0,0.000835377,,True,False,1,0,1,0,0.000000000,0.000000000,1.000000000,0.711069824,0.176291434,0.150190483,0.200000000,0.000000000,0.301107806
100000003249054100,peripheral,0.200000000,3,0.301798357,Гип. peripheral; d=2; контр. в/из=7/1; KZT в/из=99700/15000; tx=11/1; роль не определена; баланс неизвестен,2,False,7,99700.000000000,11,1,15000.000000000,1,0.000428938,0.150451354,False,False,3,0,8,1,0.000000000,0.000000000,0.699097292,0.746189257,0.528874303,0.555770829,0.600000000,0.000000000,0.502997262
100000003252446100,peripheral,0.150000000,10,0.180151308,Гип. peripheral; d=4; контр. в/из=1/0; KZT в/из=108600/0; tx=1/0; роль не определена; обрыв d=4; дальнейший выход неизвестен,4,False,1,108600.000000000,1,0,0.000000000,0,0.000298361,,True,False,1,0,1,0,0.000000000,0.000000000,1.000000000,0.751732543,0.176291434,0.150190483,0.200000000,0.000000000,0.313306622
100000003254277100,peripheral,0.200000000,1,0.204651548,Гип. peripheral; d=3; контр. в/из=1/1; KZT в/из=49200/44997; tx=1/1; роль не определена; баланс неизвестен,3,False,1,49200.000000000,1,1,44997.000000000,1,0.000286789,0.914573171,False,False,2,0,1,1,0.000000000,0.000000000,1.000000000,0.700402281,0.176291434,0.238046284,0.400000000,0.000000000,0.341085914
100000003254723100,peripheral,0.200000000,3,0.277035619,Гип. peripheral; d=2; контр. в/из=1/0; KZT в/из=269850/0; tx=6/0; роль не определена; баланс неизвестен,2,False,1,269850.000000000,6,0,0.000000000,0,0.000526840,0.000000000,False,False,4,0,6,0,0.000000000,0.000000000,0.416898277,0.810740152,0.176291434,0.421637992,0.800000000,0.000000000,0.461726031
100000003265158100,transit,0.608421000,11,0.498964698,Гип. transit; d=1; контр. в/из=3/2; KZT в/из=146100.4/154200; tx=3/4; out/in=1.055; 1–2д=0%; баланс неизвестен,1,False,3,146100.400000000,3,2,154200.000000000,4,0.000382469,1.055438589,False,False,4,2,3,2,0.000000000,0.000000000,0.679672335,0.774460420,0.352582869,0.450571450,0.800000000,0.650000000,0.620440417
100000003265658100,peripheral,0.050000000,71,0.000000000,Гип. peripheral; d=0; контр. в/из=0/0; KZT в/из=0/0; tx=0/0; роль не определена; нет рёбер; роль неизвестна; вход seed неполон,0,True,0,0.000000000,0,0,0.000000000,0,0.000284037,,False,False,0,0,0,0,0.000000000,0.000000000,0.000000000,0.000000000,0.000000000,0.000000000,0.000000000,0.000000000,0.000000000
100000003270419100,peripheral,0.200000000,13,0.209752741,Гип. peripheral; d=3; контр. в/из=1/0; KZT в/из=150000/0; tx=1/0; роль не определена; баланс неизвестен,3,False,1,150000.000000000,1,0,0.000000000,0,0.000826888,0.000000000,False,False,2,0,1,0,0.000000000,0.000000000,1.000000000,0.772670139,0.176291434,0.150190483,0.400000000,0.000000000,0.349587901
100000003271151100,peripheral,0.200000000,4,0.189837386,Гип. peripheral; d=3; контр. в/из=1/0; KZT в/из=127294/0; tx=1/0; роль не определена; баланс неизвестен,3,False,1,127294.000000000,1,0,0.000000000,0,0.000309732,0.000000000,False,False,1,0,1,0,0.000000000,0.000000000,1.000000000,0.762029279,0.176291434,0.150190483,0.200000000,0.000000000,0.316395643
100000003275398100,peripheral,0.200000000,24,0.207748340,Гип. peripheral; d=2; контр. в/из=1/1; KZT в/из=300000/20000; tx=1/1; роль не определена; баланс неизвестен,2,False,1,300000.000000000,1,1,20000.000000000,1,0.000431597,0.066666667,False,False,1,0,1,1,0.000000000,0.000000000,1.000000000,0.817606681,0.176291434,0.238046284,0.200000000,0.000000000,0.346247234
100000003278020100,peripheral,0.200000000,1,0.194511241,Гип. peripheral; d=2; контр. в/из=1/0; KZT в/из=190000/0; tx=1/0; роль не определена; баланс неизвестен,2,False,1,190000.000000000,1,0,0.000000000,0,0.000322765,0.000000000,False,False,1,0,1,0,0.000000000,0.000000000,1.000000000,0.787995142,0.176291434,0.150190483,0.200000000,0.000000000,0.324185402
100000003284932100,peripheral,0.200000000,3,0.236846598,Гип. peripheral; d=1; контр. в/из=1/0; KZT в/из=69925/0; tx=1/0; роль не определена; баланс неизвестен,1,False,1,69925.000000000,1,0,0.000000000,0,0.000297926,0.000000000,False,False,4,1,1,0,0.000000000,0.000000000,1.000000000,0.723191568,0.176291434,0.150190483,0.800000000,0.000000000,0.394744330
100000003286537100,peripheral,0.200000000,9,0.248265712,Гип. peripheral; d=3; контр. в/из=2/0; KZT в/из=153000/0; tx=2/0; роль не определена; баланс неизвестен,3,False,2,153000.000000000,2,0,0.000000000,0,0.000299485,0.000000000,False,False,3,0,1,0,0.000000000,0.000000000,0.000000000,0.773953936,0.279415313,0.238046284,0.600000000,0.000000000,0.413776186
100000003289281100,peripheral,0.150000000,1,0.168981813,Гип. peripheral; d=4; контр. в/из=1/0; KZT в/из=40000/0; tx=1/0; роль не определена; обрыв d=4; дальнейший выход неизвестен,4,False,1,40000.000000000,1,0,0.000000000,0,0.000594077,,True,False,1,0,1,0,0.000000000,0.000000000,0.000000000,0.686981847,0.176291434,0.150190483,0.200000000,0.000000000,0.293881414
100000003289405100,peripheral,0.200000000,3,0.201805685,Гип. peripheral; d=2; контр. в/из=1/0; KZT в/из=355000/0; tx=1/0; роль не определена; баланс неизвестен,2,False,1,355000.000000000,1,0,0.000000000,0,0.000337071,0.000000000,False,False,1,0,1,0,0.000000000,0.000000000,1.000000000,0.828519832,0.176291434,0.150190483,0.200000000,0.000000000,0.336342809
100000003292191100,peripheral,0.200000000,18,0.188343708,Гип. peripheral; d=3; контр. в/из=1/0; KZT в/из=112000/0; tx=1/0; роль не определена; баланс неизвестен,3,False,1,112000.000000000,1,0,0.000000000,0,0.000298004,0.000000000,False,False,1,0,1,0,0.000000000,0.000000000,0.000000000,0.753731071,0.176291434,0.150190483,0.200000000,0.000000000,0.313906181
100000003292979100,peripheral,0.200000000,3,0.232685080,Гип. peripheral; d=2; контр. в/из=1/0; KZT в/из=48950/0; tx=1/0; роль не определена; баланс неизвестен,2,False,1,48950.000000000,1,0,0.000000000,0,0.000328479,0.000000000,False,False,4,0,1,0,0.000000000,0.000000000,1.000000000,0.700072027,0.176291434,0.150190483,0.800000000,0.000000000,0.387808467
100000003293377100,peripheral,0.200000000,6,0.214932743,Гип. peripheral; d=3; контр. в/из=1/0; KZT в/из=50000/0; tx=1/0; роль не определена; баланс неизвестен,3,False,1,50000.000000000,1,0,0.000000000,0,0.000285644,0.000000000,False,False,3,0,1,0,0.000000000,0.000000000,1.000000000,0.701447928,0.176291434,0.150190483,0.600000000,0.000000000,0.358221238
100000003299365100,peripheral,0.200000000,3,0.257016822,Гип. peripheral; d=1; контр. в/из=1/1; KZT в/из=200000/200000; tx=1/1; роль не определена; баланс неизвестен,1,False,1,200000.000000000,1,1,200000.000000000,1,0.000323760,1.000000000,False,False,4,1,1,1,0.000000000,0.000000000,0.000000000,0.791320471,0.176291434,0.238046284,0.800000000,0.000000000,0.428361371
100000003321423100,peripheral,0.200000000,12,0.248928264,Гип. peripheral; d=2; контр. в/из=1/0; KZT в/из=100000/0; tx=2/0; роль не определена; баланс неизвестен,2,False,1,100000.000000000,2,0,0.000000000,0,0.000665732,0.000000000,False,False,4,0,2,0,0.000000000,0.000000000,0.500000000,0.746384037,0.176291434,0.238046284,0.800000000,0.000000000,0.414880441
100000003321895100,peripheral,0.200000000,51,0.237239083,Гип. peripheral; d=3; контр. в/из=1/2; KZT в/из=24000/553830; tx=1/3; роль не определена; выход>1.2 входа: пропуски/начальный остаток,3,False,1,24000.000000000,1,2,553830.000000000,3,0.000309537,23.076250000,False,True,1,0,1,3,0.000000000,0.000000000,1.000000000,0.857352277,0.279415313,0.348731503,0.200000000,0.000000000,0.395398471
100000003336565100,peripheral,0.200000000,2,0.166031088,Гип. peripheral; d=2; контр. в/из=1/0; KZT в/из=16550/0; tx=1/0; роль не определена; баланс неизвестен,2,False,1,16550.000000000,1,0,0.000000000,0,0.000289616,0.000000000,False,False,1,0,1,0,0.000000000,0.000000000,1.000000000,0.629772067,0.176291434,0.150190483,0.200000000,0.000000000,0.276718479
100000003338583100,peripheral,0.200000000,24,0.169227368,Гип. peripheral; d=3; контр. в/из=1/0; KZT в/из=21765/0; tx=1/0; роль не определена; баланс неизвестен,3,False,1,21765.000000000,1,0,0.000000000,0,0.000288595,0.000000000,False,False,1,0,1,0,0.000000000,0.000000000,0.000000000,0.647529182,0.176291434,0.150190483,0.200000000,0.000000000,0.282045614
100000003345947100,peripheral,0.150000000,4,0.200075498,Гип. peripheral; d=4; контр. в/из=1/0; KZT в/из=79500/0; tx=6/0; роль не определена; обрыв d=4; дальнейший выход неизвестен,4,False,1,79500.000000000,6,0,0.000000000,0,0.000491826,,True,False,1,0,1,0,0.000000000,0.000000000,1.000000000,0.731511341,0.176291434,0.421637992,0.200000000,0.000000000,0.347957388
100000003349739100,peripheral,0.050000000,72,0.000000000,Гип. peripheral; d=0; контр. в/из=0/0; KZT в/из=0/0; tx=0/0; роль не определена; нет рёбер; роль неизвестна; вход seed неполон,0,True,0,0.000000000,0,0,0.000000000,0,0.000284037,,False,False,0,0,0,0,0.000000000,0.000000000,0.000000000,0.000000000,0.000000000,0.000000000,0.000000000,0.000000000,0.000000000
100000003360542100,peripheral,0.200000000,12,0.314190579,Гип. peripheral; d=2; контр. в/из=2/2; KZT в/из=317000/51800; tx=3/5; роль не определена; баланс неизвестен,2,False,2,317000.000000000,3,2,51800.000000000,5,0.001443290,0.163406940,False,False,9,0,3,5,15500.000000000,0.048895899,1.000000000,0.821180056,0.279415313,0.476092568,1.000000000,0.000000000,0.523650964
100000003366154100,peripheral,0.200000000,3,0.292435926,Гип. peripheral; d=1; контр. в/из=1/3; KZT в/из=125000/289170; tx=1/3; роль не определена; выход>1.2 входа: пропуски/начальный остаток,1,False,1,125000.000000000,1,3,289170.000000000,3,0.000308864,2.313360000,False,True,4,1,1,1,0.000000000,0.000000000,1.000000000,0.815223036,0.352582869,0.348731503,0.800000000,0.000000000,0.487393210
100000003366471100,peripheral,0.200000000,4,0.255751205,Гип. peripheral; d=3; контр. в/из=2/1; KZT в/из=329789/20000; tx=5/1; роль не определена; баланс неизвестен,3,False,2,329789.000000000,5,1,20000.000000000,1,0.000358358,0.060644837,False,False,2,0,4,1,0.000000000,0.000000000,0.737665598,0.823744159,0.279415313,0.421637992,0.400000000,0.000000000,0.426252009
100000003370425100,peripheral,0.150000000,13,0.212980502,Гип. peripheral; d=4; контр. в/из=1/0; KZT в/из=20000/0; tx=1/0; роль не определена; обрыв d=4; дальнейший выход неизвестен,4,False,1,20000.000000000,1,0,0.000000000,0,0.000643529,,True,False,4,0,1,0,0.000000000,0.000000000,1.000000000,0.642046710,0.176291434,0.150190483,0.800000000,0.000000000,0.370400872
100000003377795100,peripheral,0.200000000,7,0.155990806,Гип. peripheral; d=1; контр. в/из=1/0; KZT в/из=7000/0; tx=1/0; роль не определена; баланс неизвестен,1,False,1,7000.000000000,1,0,0.000000000,0,0.000284436,0.000000000,False,False,1,1,1,0,0.000000000,0.000000000,1.000000000,0.573992722,0.176291434,0.150190483,0.200000000,0.000000000,0.259984676
100000003390036100,peripheral,0.200000000,12,0.305611644,Гип. peripheral; d=2; контр. в/из=2/2; KZT в/из=231300/62000; tx=4/2; роль не определена; баланс неизвестен,2,False,2,231300.000000000,4,2,62000.000000000,2,0.001311755,0.268050151,False,False,9,0,4,2,0.000000000,0.000000000,1.000000000,0.800746598,0.279415313,0.421637992,1.000000000,0.000000000,0.509352741
100000003404627100,consolidator,0.597500000,10,0.580103076,Гип. consolidator; d=1; контр. в/из=4/0; KZT в/из=877700/0; tx=5/0; seed-вход=1; баланс неизвестен,1,False,4,877700.000000000,5,0,0.000000000,0,0.001367844,0.000000000,False,False,5,1,2,0,0.000000000,0.000000000,1.000000000,0.887203035,0.409336034,0.388236767,1.000000000,0.850000000,0.726263632
100000003406094100,peripheral,0.200000000,5,0.249048366,Гип. peripheral; d=3; контр. в/из=1/3; KZT в/из=70000/47000; tx=4/3; роль не определена; баланс неизвестен,3,False,1,70000.000000000,4,3,47000.000000000,3,0.000772254,0.671428571,False,False,2,0,4,3,7000.000000000,0.100000000,0.571428571,0.723261065,0.352582869,0.450571450,0.400000000,0.000000000,0.415080611
100000003447411100,peripheral,0.150000000,4,0.204542833,Гип. peripheral; d=4; контр. в/из=1/0; KZT в/из=302000/0; tx=3/0; роль не определена; обрыв d=4; дальнейший выход неизвестен,4,False,1,302000.000000000,3,0,0.000000000,0,0.000304150,,True,False,1,0,3,0,0.000000000,0.000000000,1.000000000,0.818037446,0.176291434,0.300380966,0.200000000,0.000000000,0.355726666
100000003448713100,peripheral,0.150000000,4,0.190200906,Гип. peripheral; d=4; контр. в/из=1/0; KZT в/из=266750/0; tx=1/0; роль не определена; обрыв d=4; дальнейший выход неизвестен,4,False,1,266750.000000000,1,0,0.000000000,0,0.000301803,,True,False,1,0,1,0,0.000000000,0.000000000,1.000000000,0.809991086,0.176291434,0.150190483,0.200000000,0.000000000,0.330784185
100000003449074100,peripheral,0.200000000,1,0.160152491,Гип. peripheral; d=1; контр. в/из=1/0; KZT в/из=10000/0; tx=1/0; роль не определена; баланс неизвестен,1,False,1,10000.000000000,1,0,0.000000000,0,0.000285899,0.000000000,False,False,1,1,1,0,0.000000000,0.000000000,1.000000000,0.597113194,0.176291434,0.150190483,0.200000000,0.000000000,0.266920818
100000003457710100,peripheral,0.200000000,6,0.266523450,Гип. peripheral; d=3; контр. в/из=1/1; KZT в/из=326555/1306000; tx=1/2; роль не определена; выход>1.2 входа: пропуски/начальный остаток,3,False,1,326555.000000000,1,1,1306000.000000000,2,0.000294533,3.999326300,False,True,3,0,1,1,0.000000000,0.000000000,1.000000000,0.912967729,0.176291434,0.300380966,0.600000000,0.000000000,0.444205750
100000003470579100,peripheral,0.150000000,26,0.201037505,Гип. peripheral; d=4; контр. в/из=1/0; KZT в/из=357000/0; tx=2/0; роль не определена; обрыв d=4; дальнейший выход неизвестен,4,False,1,357000.000000000,2,0,0.000000000,0,0.000564802,,True,False,1,0,2,0,0.000000000,0.000000000,1.000000000,0.828884046,0.176291434,0.238046284,0.200000000,0.000000000,0.349630443
100000003476560100,peripheral,0.200000000,3,0.232932743,Гип. peripheral; d=1; контр. в/из=1/0; KZT в/из=50000/0; tx=1/0; роль не определена; баланс неизвестен,1,False,1,50000.000000000,1,0,0.000000000,0,0.000293968,0.000000000,False,False,4,1,1,0,0.000000000,0.000000000,1.000000000,0.701447928,0.176291434,0.150190483,0.800000000,0.000000000,0.388221238
100000003481025100,peripheral,0.150000000,1,0.152301329,Гип. peripheral; d=4; контр. в/из=1/0; KZT в/из=9000/0; tx=1/0; роль не определена; обрыв d=4; дальнейший выход неизвестен,4,False,1,9000.000000000,1,0,0.000000000,0,0.000527887,,True,False,1,0,1,0,0.000000000,0.000000000,1.000000000,0.590283388,0.176291434,0.150190483,0.200000000,0.000000000,0.264871876
100000003484058100,peripheral,0.200000000,15,0.196040467,Гип. peripheral; d=3; контр. в/из=1/1; KZT в/из=110000/6000; tx=1/1; роль не определена; баланс неизвестен,3,False,1,110000.000000000,1,1,6000.000000000,1,0.000315023,0.054545455,False,False,1,0,1,1,0.000000000,0.000000000,1.000000000,0.752562941,0.176291434,0.238046284,0.200000000,0.000000000,0.326734112
100000003486846100,peripheral,0.150000000,5,0.172164044,Гип. peripheral; d=4; контр. в/из=1/0; KZT в/из=27000/0; tx=2/0; роль не определена; обрыв d=4; дальнейший выход неизвестен,4,False,1,27000.000000000,2,0,0.000000000,0,0.000527998,,True,False,1,0,2,0,0.000000000,0.000000000,1.000000000,0.661501662,0.176291434,0.238046284,0.200000000,0.000000000,0.299415728
100000003486970100,peripheral,0.200000000,6,0.227752741,Гип. peripheral; d=3; контр. в/из=1/0; KZT в/из=150000/0; tx=1/0; роль не определена; баланс неизвестен,3,False,1,150000.000000000,1,0,0.000000000,0,0.000288858,0.000000000,False,False,3,0,1,0,0.000000000,0.000000000,1.000000000,0.772670139,0.176291434,0.150190483,0.600000000,0.000000000,0.379587901
100000003497735100,peripheral,0.200000000,19,0.189625172,Гип. peripheral; d=3; контр. в/из=1/0; KZT в/из=125000/0; tx=1/0; роль не определена; баланс неизвестен,3,False,1,125000.000000000,1,0,0.000000000,0,0.000305262,0.000000000,False,False,1,0,1,0,0.000000000,0.000000000,0.000000000,0.760850313,0.176291434,0.150190483,0.200000000,0.000000000,0.316041953
100000003500764100,peripheral,0.150000000,17,0.196276104,Гип. peripheral; d=4; контр. в/из=1/0; KZT в/из=21000/0; tx=1/0; роль не определена; обрыв d=4; дальнейший выход неизвестен,4,False,1,21000.000000000,1,0,0.000000000,0,0.000526937,,True,False,3,0,1,0,0.000000000,0.000000000,1.000000000,0.645209624,0.176291434,0.150190483,0.600000000,0.000000000,0.341349747
100000003509750100,peripheral,0.200000000,7,0.237287467,Гип. peripheral; d=2; контр. в/из=3/3; KZT в/из=82290/78400; tx=4/5; роль не определена; баланс неизвестен,2,False,3,82290.000000000,4,3,78400.000000000,5,0.001674737,0.952728157,False,False,1,0,4,5,38400.000000000,0.466642362,0.215092964,0.733747468,0.352582869,0.498921986,0.200000000,0.000000000,0.395479112
100000003528285100,peripheral,0.200000000,3,0.287778695,Гип. peripheral; d=3; контр. в/из=4/4; KZT в/из=118870/548000; tx=5/6; роль не определена; выход>1.2 входа: пропуски/начальный остаток,3,False,4,118870.000000000,5,4,548000.000000000,6,0.000401956,4.610078237,False,True,2,0,5,5,21000.000000000,0.176663582,0.150332296,0.856666215,0.409336034,0.538427250,0.400000000,0.000000000,0.479631159
100000003557488100,peripheral,0.200000000,31,0.248539210,Гип. peripheral; d=3; контр. в/из=1/2; KZT в/из=664992/138000; tx=3/4; роль не определена; баланс неизвестен,3,False,1,664992.000000000,3,2,138000.000000000,4,0.000576762,0.207521293,False,False,1,0,3,4,0.000000000,0.000000000,1.000000000,0.869210788,0.279415313,0.450571450,0.200000000,0.000000000,0.414232016
100000003561031100,peripheral,0.200000000,4,0.171387092,Гип. peripheral; d=3; контр. в/из=1/1; KZT в/из=13300/5000; tx=1/1; роль не определена; баланс неизвестен,3,False,1,13300.000000000,1,1,5000.000000000,1,0.000286722,0.375939850,False,False,1,0,1,1,0.000000000,0.000000000,0.000000000,0.615599747,0.176291434,0.238046284,0.200000000,0.000000000,0.285645154
100000003567087100,peripheral,0.200000000,2,0.181464544,Гип. peripheral; d=1; контр. в/из=1/0; KZT в/из=62115/0; tx=1/0; роль не определена; баланс неизвестен,1,False,1,62115.000000000,1,0,0.000000000,0,0.000296976,0.000000000,False,False,1,1,1,0,0.000000000,0.000000000,1.000000000,0.715513492,0.176291434,0.150190483,0.200000000,0.000000000,0.302440907
100000003568904100,peripheral,0.150000000,13,0.188501286,Гип. peripheral; d=4; контр. в/из=1/0; KZT в/из=49000/0; tx=1/0; роль не определена; обрыв d=4; дальнейший выход неизвестен,4,False,1,49000.000000000,1,0,0.000000000,0,0.000528585,,True,False,2,0,1,0,0.000000000,0.000000000,1.000000000,0.700138212,0.176291434,0.150190483,0.400000000,0.000000000,0.327828323
100000003574895100,peripheral,0.200000000,1,0.198060467,Гип. peripheral; d=3; контр. в/из=1/1; KZT в/из=27968/20000; tx=1/1; роль не определена; баланс неизвестен,3,False,1,27968.000000000,1,1,20000.000000000,1,0.000285601,0.715102975,False,False,2,0,1,1,0.000000000,0.000000000,1.000000000,0.663785161,0.176291434,0.238046284,0.400000000,0.000000000,0.330100778
100000003581109100,peripheral,0.200000000,1,0.195104725,Гип. peripheral; d=3; контр. в/из=1/0; KZT в/из=42750/0; tx=1/0; роль не определена; баланс неизвестен,3,False,1,42750.000000000,1,0,0.000000000,0,0.000286428,0.000000000,False,False,2,0,1,0,0.000000000,0.000000000,1.000000000,0.691292276,0.176291434,0.150190483,0.400000000,0.000000000,0.325174542
100000003582677100,peripheral,0.200000000,3,0.235254835,Гип. peripheral; d=3; контр. в/из=2/4; KZT в/из=29756.99/56000; tx=2/5; роль не определена; выход>1.2 входа: пропуски/начальный остаток,3,False,2,29756.990000000,2,4,56000.000000000,5,0.000291702,1.881910771,False,True,1,0,2,2,0.000000000,0.000000000,1.000000000,0.708794892,0.409336034,0.450571450,0.200000000,0.000000000,0.392091392
100000003589877100,peripheral,0.200000000,10,0.289225418,Гип. peripheral; d=1; контр. в/из=2/6; KZT в/из=176000/416129; tx=2/6; роль не определена; выход>1.2 входа: пропуски/начальный остаток,1,False,2,176000.000000000,2,6,416129.000000000,6,0.000305303,2.364369318,False,True,2,1,2,4,46555.000000000,0.264517045,1.000000000,0.838819841,0.494912626,0.476092568,0.400000000,0.000000000,0.482042363
100000003594472100,peripheral,0.200000000,31,0.168240523,Гип. peripheral; d=3; контр. в/из=1/0; KZT в/из=20000/0; tx=1/0; роль не определена; баланс неизвестен,3,False,1,20000.000000000,1,0,0.000000000,0,0.000292841,0.000000000,False,False,1,0,1,0,0.000000000,0.000000000,0.000000000,0.642046710,0.176291434,0.150190483,0.200000000,0.000000000,0.280400872
100000003603979100,terminal,0.480000000,24,0.321137911,Гип. terminal; d=2; контр. в/из=1/0; KZT в/из=165000/0; tx=3/0; out/in=0.000; до24.07=100%; остаток неизвестен; гипотеза в окне,2,False,1,165000.000000000,3,0,0.000000000,0,0.000581811,0.000000000,False,False,1,0,3,0,0.000000000,0.000000000,1.000000000,0.778849063,0.176291434,0.300380966,0.200000000,0.450000000,0.433970151
100000003610172100,peripheral,0.200000000,6,0.218859107,Гип. peripheral; d=3; контр. в/из=1/0; KZT в/из=70000/0; tx=1/0; роль не определена; баланс неизвестен,3,False,1,70000.000000000,1,0,0.000000000,0,0.000286287,0.000000000,False,False,3,0,1,0,0.000000000,0.000000000,1.000000000,0.723261065,0.176291434,0.150190483,0.600000000,0.000000000,0.364765179
100000003616818100,peripheral,0.200000000,24,0.254899440,Гип. peripheral; d=1; контр. в/из=3/3; KZT в/из=78000/240100; tx=4/8; роль не определена; выход>1.2 входа: пропуски/начальный остаток,1,False,3,78000.000000000,4,3,240100.000000000,8,0.000509771,3.078205128,False,True,1,1,4,5,0.000000000,0.000000000,0.448717949,0.803167337,0.352582869,0.555770829,0.200000000,0.000000000,0.424832399
100000003617552100,peripheral,0.200000000,29,0.170844360,Гип. peripheral; d=2; контр. в/из=1/0; KZT в/из=25000/0; tx=1/0; роль не определена; баланс неизвестен,2,False,1,25000.000000000,1,0,0.000000000,0,0.000547691,0.000000000,False,False,1,0,1,0,0.000000000,0.000000000,1.000000000,0.656512467,0.176291434,0.150190483,0.200000000,0.000000000,0.284740599
100000003622955100,peripheral,0.150000000,12,0.175263487,Гип. peripheral; d=4; контр. в/из=1/0; KZT в/из=15000/0; tx=1/0; роль не определена; обрыв d=4; дальнейший выход неизвестен,4,False,1,15000.000000000,1,0,0.000000000,0,0.001320350,,True,False,2,0,1,0,0.000000000,0.000000000,1.000000000,0.623397351,0.176291434,0.150190483,0.400000000,0.000000000,0.304806065
100000003626268100,peripheral,0.150000000,4,0.145728998,Гип. peripheral; d=4; контр. в/из=1/0; KZT в/из=5000/0; tx=1/0; роль не определена; обрыв d=4; дальнейший выход неизвестен,4,False,1,5000.000000000,1,0,0.000000000,0,0.000527751,,True,False,1,0,1,0,0.000000000,0.000000000,1.000000000,0.552182918,0.176291434,0.150190483,0.200000000,0.000000000,0.253441735
100000003631015100,peripheral,0.150000000,39,0.207419419,Гип. peripheral; d=4; контр. в/из=1/0; KZT в/из=266000/0; tx=1/0; роль не определена; обрыв d=4; дальнейший выход неизвестен,4,False,1,266000.000000000,1,0,0.000000000,0,0.000320480,,True,False,2,0,1,0,0.000000000,0.000000000,1.000000000,0.809808552,0.176291434,0.150190483,0.400000000,0.000000000,0.360729425
100000003632533100,peripheral,0.150000000,6,0.187979470,Гип. peripheral; d=4; контр. в/из=1/0; KZT в/из=10000/0; tx=1/0; роль не определена; обрыв d=4; дальнейший выход неизвестен,4,False,1,10000.000000000,1,0,0.000000000,0,0.000426284,,True,False,3,0,1,0,0.000000000,0.000000000,1.000000000,0.597113194,0.176291434,0.150190483,0.600000000,0.000000000,0.326920818
100000003635170100,transit,0.643855000,12,0.582158401,Гип. transit; d=1; контр. в/из=3/4; KZT в/из=268500/253500; tx=13/10; out/in=0.944; 1–2д=24%; баланс неизвестен,1,False,3,268500.000000000,13,4,253500.000000000,10,0.001138348,0.944134078,False,False,5,1,11,7,64000.000000000,0.238361266,0.567970205,0.810415009,0.409336034,0.688617734,1.000000000,0.650000000,0.708284370
100000003635660100,peripheral,0.200000000,1,0.185632776,Гип. peripheral; d=3; контр. в/из=1/0; KZT в/из=18985/0; tx=1/0; роль не определена; баланс неизвестен,3,False,1,18985.000000000,1,0,0.000000000,0,0.000288949,0.000000000,False,False,2,0,1,0,0.000000000,0.000000000,1.000000000,0.638670336,0.176291434,0.150190483,0.400000000,0.000000000,0.309387960
100000003636627100,peripheral,0.200000000,7,0.215357141,Гип. peripheral; d=3; контр. в/из=1/1; KZT в/из=77000/10000; tx=8/1; роль не определена; баланс неизвестен,3,False,1,77000.000000000,8,1,10000.000000000,1,0.002082445,0.129870130,False,False,1,0,8,1,0.000000000,0.000000000,0.779220779,0.729439944,0.176291434,0.498921986,0.200000000,0.000000000,0.358928568
100000003646145100,peripheral,0.150000000,32,0.145728998,Гип. peripheral; d=4; контр. в/из=1/0; KZT в/из=5000/0; tx=1/0; роль не определена; обрыв d=4; дальнейший выход неизвестен,4,False,1,5000.000000000,1,0,0.000000000,0,0.000648533,,True,False,1,0,1,0,0.000000000,0.000000000,1.000000000,0.552182918,0.176291434,0.150190483,0.200000000,0.000000000,0.253441735
100000003647799100,peripheral,0.200000000,6,0.223021242,Гип. peripheral; d=3; контр. в/из=1/0; KZT в/из=100000/0; tx=1/0; роль не определена; баланс неизвестен,3,False,1,100000.000000000,1,0,0.000000000,0,0.000287251,0.000000000,False,False,3,0,1,0,0.000000000,0.000000000,1.000000000,0.746384037,0.176291434,0.150190483,0.600000000,0.000000000,0.371702071
100000003650146100,peripheral,0.200000000,5,0.182407303,Гип. peripheral; d=3; контр. в/из=1/0; KZT в/из=14400/0; tx=1/0; роль не определена; баланс неизвестен,3,False,1,14400.000000000,1,0,0.000000000,0,0.000298490,0.000000000,False,False,2,0,1,0,0.000000000,0.000000000,1.000000000,0.620751040,0.176291434,0.150190483,0.400000000,0.000000000,0.304012171
100000003664994100,peripheral,0.150000000,40,0.200434862,Гип. peripheral; d=4; контр. в/из=1/0; KZT в/из=338271/0; tx=2/0; роль не определена; обрыв d=4; дальнейший выход неизвестен,4,False,1,338271.000000000,2,0,0.000000000,0,0.000388819,,True,False,1,0,2,0,0.000000000,0.000000000,1.000000000,0.825390467,0.176291434,0.238046284,0.200000000,0.000000000,0.348582370
100000003671721100,peripheral,0.200000000,8,0.152065041,Гип. peripheral; d=3; контр. в/из=1/0; KZT в/из=5000/0; tx=1/0; роль не определена; баланс неизвестен,3,False,1,5000.000000000,1,0,0.000000000,0,0.000555371,0.000000000,False,False,1,0,1,0,0.000000000,0.000000000,1.000000000,0.552182918,0.176291434,0.150190483,0.200000000,0.000000000,0.253441735
100000003677936100,peripheral,0.200000000,7,0.196541775,Гип. peripheral; d=3; контр. в/из=1/1; KZT в/из=71000/13000; tx=1/2; роль не определена; баланс неизвестен,3,False,1,71000.000000000,1,1,13000.000000000,2,0.000307181,0.183098592,False,False,1,0,1,2,0.000000000,0.000000000,1.000000000,0.724180643,0.176291434,0.300380966,0.200000000,0.000000000,0.327569625
100000003684369100,coordinator,0.600000000,3,0.800000000,Гип. coordinator; d=0; контр. в/из=24/62; KZT в/из=3848436/8588655; tx=58/67; seed-пути=6; seed: вход неполон; баланс неизвестен,0,True,24,3848436.000000000,58,62,8588655.000000000,67,0.002006875,,False,True,6,1,14,14,3458128.000000000,0.898580099,0.705084091,1.000000000,1.000000000,1.000000000,1.000000000,1.000000000,1.000000000
100000003692843100,peripheral,0.150000000,51,0.205026256,Гип. peripheral; d=4; контр. в/из=1/0; KZT в/из=510000/0; tx=2/0; роль не определена; обрыв d=4; дальнейший выход неизвестен,4,False,1,510000.000000000,2,0,0.000000000,0,0.000526321,,True,False,1,0,2,0,0.000000000,0.000000000,1.000000000,0.852007241,0.176291434,0.238046284,0.200000000,0.000000000,0.356567402
100000003696422100,peripheral,0.150000000,31,0.188657214,Гип. peripheral; d=4; контр. в/из=1/0; KZT в/из=118000/0; tx=2/0; роль не определена; обрыв d=4; дальнейший выход неизвестен,4,False,1,118000.000000000,2,0,0.000000000,0,0.000703235,,True,False,1,0,2,0,0.000000000,0.000000000,0.915254237,0.757114246,0.176291434,0.238046284,0.200000000,0.000000000,0.328099503
100000003701161100,peripheral,0.200000000,22,0.328651234,Гип. peripheral; d=1; контр. в/из=4/3; KZT в/из=1527103/349000; tx=13/7; роль не определена; баланс неизвестен,1,False,4,1527103.000000000,13,3,349000.000000000,7,0.001654068,0.228537302,False,False,3,1,10,6,255000.000000000,0.166982843,0.751817657,0.923107363,0.409336034,0.659684276,0.600000000,0.000000000,0.547752057
100000003711830100,peripheral,0.200000000,4,0.178932743,Гип. peripheral; d=3; контр. в/из=1/0; KZT в/из=50000/0; tx=1/0; роль не определена; баланс неизвестен,3,False,1,50000.000000000,1,0,0.000000000,0,0.000294130,0.000000000,False,False,1,0,1,0,0.000000000,0.000000000,0.000000000,0.701447928,0.176291434,0.150190483,0.200000000,0.000000000,0.298221238
100000003713616100,peripheral,0.200000000,5,0.183558420,Гип. peripheral; d=1; контр. в/из=1/0; KZT в/из=15893/0; tx=1/0; роль не определена; баланс неизвестен,1,False,1,15893.000000000,1,0,0.000000000,0,0.000285735,0.000000000,False,False,2,1,1,0,0.000000000,0.000000000,1.000000000,0.627146136,0.176291434,0.150190483,0.400000000,0.000000000,0.305930700
100000003718221100,peripheral,0.200000000,22,0.289122790,Гип. peripheral; d=2; контр. в/из=2/4; KZT в/из=350000/423500; tx=6/8; роль не определена; выход>1.2 входа: пропуски/начальный остаток,2,False,2,350000.000000000,6,4,423500.000000000,8,0.001046302,1.210000000,False,True,2,0,6,7,90000.000000000,0.257142857,0.914285714,0.839958137,0.409336034,0.586777786,0.400000000,0.000000000,0.481871316
100000003718715100,peripheral,0.150000000,13,0.216939331,Гип. peripheral; d=4; контр. в/из=1/0; KZT в/из=915000/0; tx=3/0; роль не определена; обрыв d=4; дальнейший выход неизвестен,4,False,1,915000.000000000,3,0,0.000000000,0,0.000572041,,True,False,1,0,3,0,0.000000000,0.000000000,0.983606557,0.889901207,0.176291434,0.300380966,0.200000000,0.000000000,0.377285794
100000003724440100,peripheral,0.200000000,3,0.253214630,Гип. peripheral; d=2; контр. в/из=2/0; KZT в/из=50000/0; tx=2/0; роль не определена; баланс неизвестен,2,False,2,50000.000000000,2,0,0.000000000,0,0.000306398,0.000000000,False,False,4,0,2,0,0.000000000,0.000000000,1.000000000,0.701447928,0.279415313,0.238046284,0.800000000,0.000000000,0.422024384
100000003736419100,peripheral,0.200000000,1,0.195929627,Гип. peripheral; d=3; контр. в/из=1/1; KZT в/из=23300/10000; tx=1/1; роль не определена; баланс неизвестен,3,False,1,23300.000000000,1,1,10000.000000000,1,0.000290066,0.429184549,False,False,2,0,1,1,0.000000000,0.000000000,0.000000000,0.651947165,0.176291434,0.238046284,0.400000000,0.000000000,0.326549379
100000003739818100,peripheral,0.200000000,3,0.234521566,Гип. peripheral; d=1; контр. в/из=1/0; KZT в/из=57293/0; tx=1/0; роль не определена; баланс неизвестен,1,False,1,57293.000000000,1,0,0.000000000,0,0.000295417,0.000000000,False,False,4,1,1,0,0.000000000,0.000000000,1.000000000,0.710274726,0.176291434,0.150190483,0.800000000,0.000000000,0.390869277
100000003741418100,consolidator,0.732500000,6,0.607463048,Гип. consolidator; d=2; контр. в/из=9/3; KZT в/из=151900/39920; tx=13/3; seed-вход=0; баланс неизвестен,2,False,9,151900.000000000,13,3,39920.000000000,3,0.000628609,0.262804477,False,False,3,0,8,3,0.000000000,0.000000000,1.000000000,0.773486157,0.585627469,0.613898019,0.600000000,0.850000000,0.701256044
100000003747133100,transit,0.622474000,45,0.511739210,Гип. transit; d=2; контр. в/из=5/2; KZT в/из=237068/250000; tx=8/2; out/in=1.055; 1–2д=9%; баланс неизвестен,2,False,5,237068.000000000,8,2,250000.000000000,2,0.000375917,1.054549749,False,False,3,0,7,2,21157.000000000,0.089244436,1.000000000,0.805786811,0.455706747,0.519573706,0.600000000,0.650000000,0.630813449
100000003760160100,peripheral,0.200000000,6,0.223531538,Гип. peripheral; d=3; контр. в/из=1/0; KZT в/из=104470/0; tx=1/0; роль не определена; баланс неизвестен,3,False,1,104470.000000000,1,0,0.000000000,0,0.000287395,0.000000000,False,False,3,0,1,0,0.000000000,0.000000000,1.000000000,0.749219012,0.176291434,0.150190483,0.600000000,0.000000000,0.372552563
100000003770083100,peripheral,0.050000000,73,0.000000000,Гип. peripheral; d=0; контр. в/из=0/0; KZT в/из=0/0; tx=0/0; роль не определена; нет рёбер; роль неизвестна; вход seed неполон,0,True,0,0.000000000,0,0,0.000000000,0,0.000284037,,False,False,0,0,0,0,0.000000000,0.000000000,0.000000000,0.000000000,0.000000000,0.000000000,0.000000000,0.000000000,0.000000000
100000003781406100,peripheral,0.200000000,11,0.203610296,Гип. peripheral; d=3; контр. в/из=1/0; KZT в/из=45000/0; tx=2/0; роль не определена; баланс неизвестен,3,False,1,45000.000000000,2,0,0.000000000,0,0.000718114,0.000000000,False,False,2,0,1,0,0.000000000,0.000000000,1.000000000,0.694617546,0.176291434,0.238046284,0.400000000,0.000000000,0.339350493
100000003782913100,peripheral,0.150000000,15,0.186980225,Гип. peripheral; d=4; контр. в/из=1/0; KZT в/из=200000/0; tx=1/0; роль не определена; обрыв d=4; дальнейший выход неизвестен,4,False,1,200000.000000000,1,0,0.000000000,0,0.000297785,,True,False,1,0,1,0,0.000000000,0.000000000,1.000000000,0.791320471,0.176291434,0.150190483,0.200000000,0.000000000,0.325183001
100000003786516100,peripheral,0.150000000,1,0.180228998,Гип. peripheral; d=4; контр. в/из=1/0; KZT в/из=5000/0; tx=1/0; роль не определена; обрыв d=4; дальнейший выход неизвестен,4,False,1,5000.000000000,1,0,0.000000000,0,0.000291578,,True,False,3,0,1,0,0.000000000,0.000000000,0.000000000,0.552182918,0.176291434,0.150190483,0.600000000,0.000000000,0.313441735
100000003792647100,peripheral,0.150000000,6,0.185484295,Гип. peripheral; d=4; контр. в/из=1/0; KZT в/из=8000/0; tx=1/0; роль не определена; обрыв d=4; дальнейший выход неизвестен,4,False,1,8000.000000000,1,0,0.000000000,0,0.000397835,,True,False,3,0,1,0,0.000000000,0.000000000,0.000000000,0.582648410,0.176291434,0.150190483,0.600000000,0.000000000,0.322581382
100000003795588100,peripheral,0.200000000,1,0.211105410,Гип. peripheral; d=3; контр. в/из=1/0; KZT в/из=400000/0; tx=2/0; роль не определена; баланс неизвестен,3,False,1,400000.000000000,2,0,0.000000000,0,0.000319240,0.000000000,False,False,1,0,1,0,0.000000000,0.000000000,1.000000000,0.836257067,0.176291434,0.238046284,0.200000000,0.000000000,0.351842349
100000003796063100,distributor,0.600000000,6,0.562831570,Гип. distributor; d=3; контр. в/из=1/15; KZT в/из=35000/959150; tx=1/23; дней выхода=11; выход>1.2 входа: пропуски/начальный остаток,3,False,1,35000.000000000,1,15,959150.000000000,23,0.000680853,27.404285714,False,True,1,0,1,11,0.000000000,0.000000000,1.000000000,0.892956216,0.705165738,0.697463005,0.200000000,0.800000000,0.703539463
100000003798151100,terminal,0.480000000,5,0.331960674,Гип. terminal; d=2; контр. в/из=1/0; KZT в/из=350000/0; tx=3/0; out/in=0.000; до24.07=100%; остаток неизвестен; гипотеза в окне,2,False,1,350000.000000000,3,0,0.000000000,0,0.000571900,0.000000000,False,False,1,0,3,0,0.000000000,0.000000000,1.000000000,0.827600244,0.176291434,0.300380966,0.200000000,0.450000000,0.448595505
100000003809101100,peripheral,0.200000000,12,0.304348123,Гип. peripheral; d=1; контр. в/из=2/2; KZT в/из=166050/55200; tx=3/4; роль не определена; баланс неизвестен,1,False,2,166050.000000000,3,2,55200.000000000,4,0.000359922,0.332429991,False,False,5,1,3,3,10000.000000000,0.060222824,1.000000000,0.779260308,0.279415313,0.450571450,1.000000000,0.000000000,0.507246872
100000003814002100,peripheral,0.200000000,6,0.208971866,Гип. peripheral; d=3; контр. в/из=1/0; KZT в/из=30000/0; tx=1/0; роль не определена; баланс неизвестен,3,False,1,30000.000000000,1,0,0.000000000,0,0.000285002,0.000000000,False,False,3,0,1,0,0.000000000,0.000000000,1.000000000,0.668331948,0.176291434,0.150190483,0.600000000,0.000000000,0.348286444
100000003819173100,peripheral,0.150000000,4,0.183289195,Гип. peripheral; d=4; контр. в/из=1/0; KZT в/из=143777/0; tx=1/0; роль не определена; обрыв d=4; дальнейший выход неизвестен,4,False,1,143777.000000000,1,0,0.000000000,0,0.000293613,,True,False,1,0,1,0,0.000000000,0.000000000,1.000000000,0.769923192,0.176291434,0.150190483,0.200000000,0.000000000,0.318763817
100000003823811100,peripheral,0.200000000,20,0.257219110,Гип. peripheral; d=2; контр. в/из=1/3; KZT в/из=30000/66130; tx=1/3; роль не определена; выход>1.2 входа: пропуски/начальный остаток,2,False,1,30000.000000000,1,3,66130.000000000,3,0.000354831,2.204333333,False,True,3,0,1,3,0.000000000,0.000000000,1.000000000,0.719574058,0.352582869,0.348731503,0.600000000,0.000000000,0.428698516
100000003824464100,peripheral,0.200000000,22,0.195109800,Гип. peripheral; d=2; контр. в/из=1/0; KZT в/из=200000/0; tx=1/0; роль не определена; баланс неизвестен,2,False,1,200000.000000000,1,0,0.000000000,0,0.000321461,0.000000000,False,False,1,0,1,0,0.000000000,0.000000000,1.000000000,0.791320471,0.176291434,0.150190483,0.200000000,0.000000000,0.325183001
100000003831201100,peripheral,0.200000000,1,0.207990951,Гип. peripheral; d=2; контр. в/из=1/0; KZT в/из=40500/0; tx=3/0; роль не определена; баланс неизвестен,2,False,1,40500.000000000,3,0,0.000000000,0,0.000531162,0.000000000,False,False,2,0,3,0,0.000000000,0.000000000,1.000000000,0.687787180,0.176291434,0.300380966,0.400000000,0.000000000,0.346651586
100000003831324100,peripheral,0.200000000,7,0.256123206,Гип. peripheral; d=1; контр. в/из=2/0; KZT в/из=300000/0; tx=2/0; роль не определена; баланс неизвестен,1,False,2,300000.000000000,2,0,0.000000000,0,0.000313470,0.000000000,False,False,3,1,2,0,0.000000000,0.000000000,1.000000000,0.817606681,0.279415313,0.238046284,0.600000000,0.000000000,0.426872009
100000003832231100,peripheral,0.200000000,3,0.228770658,Гип. peripheral; d=1; контр. в/из=1/0; KZT в/из=35000/0; tx=1/0; роль не определена; баланс неизвестен,1,False,1,35000.000000000,1,0,0.000000000,0,0.000290989,0.000000000,False,False,4,1,1,0,0.000000000,0.000000000,1.000000000,0.678325234,0.176291434,0.150190483,0.800000000,0.000000000,0.381284429
100000003834495100,consolidator,0.582500000,1,0.492635602,Гип. consolidator; d=3; контр. в/из=3/1; KZT в/из=602441/20000; tx=5/1; seed-вход=0; баланс неизвестен,3,False,3,602441.000000000,5,1,20000.000000000,1,0.000616996,0.033198272,False,False,2,0,4,1,20000.000000000,0.033198272,0.663965434,0.862806545,0.352582869,0.421637992,0.400000000,0.850000000,0.622604236
100000003835149100,peripheral,0.200000000,23,0.283367941,Гип. peripheral; d=1; контр. в/из=1/2; KZT в/из=248500/4600440; tx=1/13; роль не определена; выход>1.2 входа: пропуски/начальный остаток,1,False,1,248500.000000000,1,2,4600440.000000000,13,0.000486043,18.512837022,False,True,1,1,1,11,0.000000000,0.000000000,1.000000000,0.994600569,0.279415313,0.586777786,0.200000000,0.000000000,0.472279901
100000003838587100,peripheral,0.150000000,15,0.147767560,Гип. peripheral; d=4; контр. в/из=1/0; KZT в/из=6000/0; tx=1/0; роль не определена; обрыв d=4; дальнейший выход неизвестен,4,False,1,6000.000000000,1,0,0.000000000,0,0.000551806,,True,False,1,0,1,0,0.000000000,0.000000000,1.000000000,0.564000671,0.176291434,0.150190483,0.200000000,0.000000000,0.256987061
100000003843844100,peripheral,0.200000000,13,0.241046745,Гип. peripheral; d=3; контр. в/из=1/1; KZT в/из=16680/238000; tx=1/1; роль не определена; выход>1.2 входа: пропуски/начальный остаток,3,False,1,16680.000000000,1,1,238000.000000000,1,0.000290166,14.268585132,False,True,3,0,1,1,0.000000000,0.000000000,1.000000000,0.802597819,0.176291434,0.238046284,0.600000000,0.000000000,0.401744575
100000003854444100,peripheral,0.200000000,19,0.329124037,Гип. peripheral; d=2; контр. в/из=1/14; KZT в/из=210000/2322909; tx=4/14; роль не определена; выход>1.2 входа: пропуски/начальный остаток,2,False,1,210000.000000000,4,14,2322909.000000000,14,0.000464039,11.061471429,False,True,1,0,4,7,160000.000000000,0.761904762,0.619047619,0.950300165,0.688751347,0.637998286,0.200000000,0.000000000,0.548540062
100000003865939100,peripheral,0.200000000,68,0.184629079,Гип. peripheral; d=1; контр. в/из=1/0; KZT в/из=81465/0; tx=1/0; роль не определена; баланс неизвестен,1,False,1,81465.000000000,1,0,0.000000000,0,0.000525469,0.000000000,False,False,1,1,1,0,0.000000000,0.000000000,0.000000000,0.733094241,0.176291434,0.150190483,0.200000000,0.000000000,0.307715132
100000003873332100,peripheral,0.200000000,19,0.258634819,Гип. peripheral; d=1; контр. в/из=1/4; KZT в/из=23468/286000; tx=1/8; роль не определена; выход>1.2 входа: пропуски/начальный остаток,1,False,1,23468.000000000,1,4,286000.000000000,8,0.000288407,12.186807568,False,True,1,1,1,8,0.000000000,0.000000000,1.000000000,0.814508421,0.409336034,0.498921986,0.200000000,0.000000000,0.431058031
100000003877908100,peripheral,0.200000000,3,0.230328848,Гип. peripheral; d=1; контр. в/из=1/0; KZT в/из=40000/0; tx=1/0; роль не определена; баланс неизвестен,1,False,1,40000.000000000,1,0,0.000000000,0,0.000291982,0.000000000,False,False,4,1,1,0,0.000000000,0.000000000,0.000000000,0.686981847,0.176291434,0.150190483,0.800000000,0.000000000,0.383881414
100000003880331100,distributor,0.600000000,4,0.594361656,Гип. distributor; d=3; контр. в/из=1/16; KZT в/из=100000/3904908; tx=1/31; дней выхода=8; выход>1.2 входа: пропуски/начальный остаток,3,False,1,100000.000000000,1,16,3904908.000000000,31,0.000305956,39.049080000,False,True,1,0,1,8,100000.000000000,1.000000000,1.000000000,0.983973779,0.720584687,0.757619990,0.200000000,0.800000000,0.742952070
100000003886323100,peripheral,0.200000000,5,0.241556138,Гип. peripheral; d=1; контр. в/из=2/1; KZT в/из=78168/7650; tx=6/1; роль не определена; баланс неизвестен,1,False,2,78168.000000000,6,1,7650.000000000,1,0.001896581,0.097866134,False,False,2,1,5,1,0.000000000,0.000000000,1.000000000,0.730415943,0.279415313,0.450571450,0.400000000,0.000000000,0.402593563
100000003888197100,peripheral,0.200000000,6,0.220870366,Гип. peripheral; d=3; контр. в/из=1/0; KZT в/из=83167/0; tx=1/0; роль не определена; баланс неизвестен,3,False,1,83167.000000000,1,0,0.000000000,0,0.000286710,0.000000000,False,False,3,0,1,0,0.000000000,0.000000000,1.000000000,0.734434725,0.176291434,0.150190483,0.600000000,0.000000000,0.368117277
100000003888271100,peripheral,0.200000000,42,0.204915578,Гип. peripheral; d=1; контр. в/из=1/2; KZT в/из=12177/25590; tx=2/3; роль не определена; выход>1.2 входа: пропуски/начальный остаток,1,False,1,12177.000000000,2,2,25590.000000000,3,0.000289803,2.101502833,False,True,1,1,2,3,6600.000000000,0.542005420,1.000000000,0.658024621,0.279415313,0.388236767,0.200000000,0.000000000,0.341525964
100000003888527100,peripheral,0.200000000,40,0.172971866,Гип. peripheral; d=3; контр. в/из=1/0; KZT в/из=30000/0; tx=1/0; роль не определена; баланс неизвестен,3,False,1,30000.000000000,1,0,0.000000000,0,0.000364548,0.000000000,False,False,1,0,1,0,0.000000000,0.000000000,1.000000000,0.668331948,0.176291434,0.150190483,0.200000000,0.000000000,0.288286444
100000003896956100,peripheral,0.200000000,5,0.203259558,Гип. peripheral; d=3; контр. в/из=1/1; KZT в/из=10000/27000; tx=1/2; роль не определена; выход>1.2 входа: пропуски/начальный остаток,3,False,1,10000.000000000,1,1,27000.000000000,2,0.000287013,2.700000000,False,True,2,0,1,2,10000.000000000,1.000000000,1.000000000,0.661501662,0.176291434,0.300380966,0.400000000,0.000000000,0.338765930
100000003899325100,peripheral,0.200000000,4,0.178960715,Гип. peripheral; d=3; контр. в/из=1/0; KZT в/из=50120/0; tx=1/0; роль не определена; баланс неизвестен,3,False,1,50120.000000000,1,0,0.000000000,0,0.000295023,0.000000000,False,False,1,0,1,0,0.000000000,0.000000000,1.000000000,0.701603331,0.176291434,0.150190483,0.200000000,0.000000000,0.298267859
100000003899899100,terminal,0.497712000,5,0.380602709,Гип. terminal; d=3; контр. в/из=2/1; KZT в/из=218500/10000; tx=5/1; out/in=0.046; до24.07=98%; остаток неизвестен; гипотеза в окне,3,False,2,218500.000000000,5,1,10000.000000000,1,0.000649948,0.045766590,False,False,2,0,4,1,10000.000000000,0.045766590,0.977116705,0.797055869,0.279415313,0.421637992,0.400000000,0.450000000,0.508245522
100000003900547100,peripheral,0.200000000,5,0.188221230,Гип. peripheral; d=1; контр. в/из=1/0; KZT в/из=23700/0; tx=1/0; роль не определена; баланс неизвестен,1,False,1,23700.000000000,1,0,0.000000000,0,0.000286569,0.000000000,False,False,2,1,1,0,0.000000000,0.000000000,1.000000000,0.653050635,0.176291434,0.150190483,0.400000000,0.000000000,0.313702050
100000003904497100,peripheral,0.150000000,9,0.170729470,Гип. peripheral; d=4; контр. в/из=1/0; KZT в/из=10000/0; tx=1/0; роль не определена; обрыв d=4; дальнейший выход неизвестен,4,False,1,10000.000000000,1,0,0.000000000,0,0.000339343,,True,False,2,0,1,0,0.000000000,0.000000000,1.000000000,0.597113194,0.176291434,0.150190483,0.400000000,0.000000000,0.296920818
100000003917461100,peripheral,0.200000000,11,0.245752782,Гип. peripheral; d=3; контр. в/из=1/2; KZT в/из=10000/140000; tx=1/5; роль не определена; выход>1.2 входа: пропуски/начальный остаток,3,False,1,10000.000000000,1,2,140000.000000000,5,0.000396725,14.000000000,False,True,2,0,1,5,0.000000000,0.000000000,0.000000000,0.768197360,0.279415313,0.421637992,0.400000000,0.000000000,0.409587969
100000003920950100,peripheral,0.200000000,7,0.200713805,Гип. peripheral; d=3; контр. в/из=1/0; KZT в/из=323290/0; tx=1/0; роль не определена; баланс неизвестен,3,False,1,323290.000000000,1,0,0.000000000,0,0.000389420,0.000000000,False,False,1,0,1,0,0.000000000,0.000000000,1.000000000,0.822453831,0.176291434,0.150190483,0.200000000,0.000000000,0.334523009
100000003922499100,peripheral,0.200000000,11,0.178932743,Гип. peripheral; d=2; контр. в/из=1/0; KZT в/из=50000/0; tx=1/0; роль не определена; баланс неизвестен,2,False,1,50000.000000000,1,0,0.000000000,0,0.000532070,0.000000000,False,False,1,0,1,0,0.000000000,0.000000000,1.000000000,0.701447928,0.176291434,0.150190483,0.200000000,0.000000000,0.298221238
100000003923946100,peripheral,0.200000000,7,0.282304010,Гип. peripheral; d=1; контр. в/из=1/4; KZT в/из=282000/675000; tx=3/4; роль не определена; выход>1.2 входа: пропуски/начальный остаток,1,False,1,282000.000000000,3,4,675000.000000000,4,0.000387180,2.393617021,False,True,2,1,3,3,120000.000000000,0.425531915,1.000000000,0.870179197,0.409336034,0.450571450,0.400000000,0.000000000,0.470506683
100000003927792100,peripheral,0.200000000,16,0.199273840,Гип. peripheral; d=2; контр. в/из=1/0; KZT в/из=13067/0; tx=1/0; роль не определена; баланс неизвестен,2,False,1,13067.000000000,1,0,0.000000000,0,0.000288162,0.000000000,False,False,3,0,1,0,0.000000000,0.000000000,0.000000000,0.614454023,0.176291434,0.150190483,0.600000000,0.000000000,0.332123066
100000003934614100,peripheral,0.200000000,33,0.196587684,Гип. peripheral; d=3; контр. в/из=2/1; KZT в/из=17000/11500; tx=2/2; роль не определена; баланс неизвестен,3,False,2,17000.000000000,2,1,11500.000000000,2,0.000311711,0.676470588,False,False,1,0,2,2,6000.000000000,0.352941176,1.000000000,0.631511174,0.279415313,0.348731503,0.200000000,0.000000000,0.327646140
100000003942602100,peripheral,0.200000000,2,0.180878888,Гип. peripheral; d=1; контр. в/из=1/1; KZT в/из=30000/30000; tx=1/1; роль не определена; баланс неизвестен,1,False,1,30000.000000000,1,1,30000.000000000,1,0.000290287,1.000000000,False,False,1,1,1,1,0.000000000,0.000000000,1.000000000,0.668331948,0.176291434,0.238046284,0.200000000,0.000000000,0.301464814
100000003943247100,peripheral,0.200000000,1,0.194328848,Гип. peripheral; d=3; контр. в/из=1/0; KZT в/из=40000/0; tx=1/0; роль не определена; баланс неизвестен,3,False,1,40000.000000000,1,0,0.000000000,0,0.000286274,0.000000000,False,False,2,0,1,0,0.000000000,0.000000000,1.000000000,0.686981847,0.176291434,0.150190483,0.400000000,0.000000000,0.323881414
100000003943483100,peripheral,0.200000000,11,0.178152491,Гип. peripheral; d=2; контр. в/из=1/0; KZT в/из=10000/0; tx=1/0; роль не определена; баланс неизвестен,2,False,1,10000.000000000,1,0,0.000000000,0,0.000327145,0.000000000,False,False,2,0,1,0,0.000000000,0.000000000,1.000000000,0.597113194,0.176291434,0.150190483,0.400000000,0.000000000,0.296920818
100000003946524100,transit,0.588360000,3,0.468011006,Гип. transit; d=1; контр. в/из=2/2; KZT в/из=133757/144750; tx=2/2; out/in=1.082; 1–2д=0%; баланс неизвестен,1,False,2,133757.000000000,2,2,144750.000000000,2,0.000324224,1.082186353,False,False,4,1,2,2,0.000000000,0.000000000,0.149524885,0.770360444,0.279415313,0.348731503,0.800000000,0.650000000,0.589300921
100000003950749100,peripheral,0.150000000,5,0.149491189,Гип. peripheral; d=4; контр. в/из=1/0; KZT в/из=7000/0; tx=1/0; роль не определена; обрыв d=4; дальнейший выход неизвестен,4,False,1,7000.000000000,1,0,0.000000000,0,0.000381801,,True,False,1,0,1,0,0.000000000,0.000000000,0.000000000,0.573992722,0.176291434,0.150190483,0.200000000,0.000000000,0.259984676
100000003951827100,peripheral,0.200000000,1,0.210236136,Гип. peripheral; d=3; контр. в/из=1/2; KZT в/из=9000/17000; tx=1/2; роль не определена; выход>1.2 входа: пропуски/начальный остаток,3,False,1,9000.000000000,1,2,17000.000000000,2,0.000284541,1.888888889,False,True,2,0,1,2,0.000000000,0.000000000,1.000000000,0.631511174,0.279415313,0.300380966,0.400000000,0.000000000,0.350393560
100000003962994100,peripheral,0.200000000,37,0.160152491,Гип. peripheral; d=3; контр. в/из=1/0; KZT в/из=10000/0; tx=1/0; роль не определена; баланс неизвестен,3,False,1,10000.000000000,1,0,0.000000000,0,0.000478280,0.000000000,False,False,1,0,1,0,0.000000000,0.000000000,0.000000000,0.597113194,0.176291434,0.150190483,0.200000000,0.000000000,0.266920818
100000003964910100,peripheral,0.200000000,17,0.234172827,Гип. peripheral; d=3; контр. в/из=2/0; KZT в/из=1000000/0; tx=2/0; роль не определена; баланс неизвестен,3,False,2,1000000.000000000,2,0,0.000000000,0,0.000506207,0.000000000,False,False,1,0,1,0,0.000000000,0.000000000,1.000000000,0.895660132,0.279415313,0.238046284,0.200000000,0.000000000,0.390288045
100000003968044100,peripheral,0.200000000,4,0.260840675,Гип. peripheral; d=3; контр. в/из=1/3; KZT в/из=40000/311000; tx=1/4; роль не определена; выход>1.2 входа: пропуски/начальный остаток,3,False,1,40000.000000000,1,3,311000.000000000,4,0.000294387,7.775000000,False,True,2,0,1,4,0.000000000,0.000000000,1.000000000,0.819941231,0.352582869,0.388236767,0.400000000,0.000000000,0.434734458
100000003970394100,peripheral,0.200000000,11,0.185124763,Гип. peripheral; d=1; контр. в/из=1/0; KZT в/из=85000/0; tx=1/0; роль не определена; баланс неизвестен,1,False,1,85000.000000000,1,0,0.000000000,0,0.000298051,0.000000000,False,False,1,1,1,0,0.000000000,0.000000000,1.000000000,0.735848043,0.176291434,0.150190483,0.200000000,0.000000000,0.308541272
100000003971049100,peripheral,0.200000000,1,0.225268627,Гип. peripheral; d=2; контр. в/из=1/0; KZT в/из=55900/0; tx=7/0; роль не определена; баланс неизвестен,2,False,1,55900.000000000,7,0,0.000000000,0,0.000292674,0.000000000,False,False,2,0,7,0,0.000000000,0.000000000,0.536672630,0.708679023,0.176291434,0.450571450,0.400000000,0.000000000,0.375447711
100000003975102100,peripheral,0.200000000,5,0.211487643,Гип. peripheral; d=0; контр. в/из=1/2; KZT в/из=25650/88500; tx=1/2; роль не определена; seed: вход неполон; баланс неизвестен,0,True,1,25650.000000000,1,2,88500.000000000,2,0.000343486,,False,True,1,0,1,2,25650.000000000,1.000000000,1.000000000,0.738463989,0.279415313,0.300380966,0.200000000,0.000000000,0.352479404
100000003977183100,peripheral,0.200000000,7,0.268076732,Гип. peripheral; d=0; контр. в/из=2/4; KZT в/из=123800/766000; tx=2/6; роль не определена; seed: вход неполон; баланс неизвестен,0,True,2,123800.000000000,2,4,766000.000000000,6,0.000329610,,False,True,1,1,2,5,0.000000000,0.000000000,1.000000000,0.878378207,0.409336034,0.476092568,0.200000000,0.000000000,0.446794554
100000003980083100,peripheral,0.200000000,67,0.172971866,Гип. peripheral; d=1; контр. в/из=1/0; KZT в/из=30000/0; tx=1/0; роль не определена; баланс неизвестен,1,False,1,30000.000000000,1,0,0.000000000,0,0.000525469,0.000000000,False,False,1,1,1,0,0.000000000,0.000000000,1.000000000,0.668331948,0.176291434,0.150190483,0.200000000,0.000000000,0.288286444
100000003985389100,peripheral,0.150000000,4,0.269843800,Гип. peripheral; d=4; контр. в/из=1/0; KZT в/из=422698/0; tx=16/0; роль не определена; обрыв d=4; дальнейший выход неизвестен,4,False,1,422698.000000000,16,0,0.000000000,0,0.000487463,,True,False,3,0,15,0,0.000000000,0.000000000,0.858054687,0.839835250,0.176291434,0.613898019,0.600000000,0.000000000,0.469293565
100000003986141100,peripheral,0.200000000,17,0.152714719,Гип. peripheral; d=3; контр. в/из=1/0; KZT в/из=5286.32/0; tx=1/0; роль не определена; баланс неизвестен,3,False,1,5286.320000000,1,0,0.000000000,0,0.000285305,0.000000000,False,False,1,0,1,0,0.000000000,0.000000000,1.000000000,0.555792240,0.176291434,0.150190483,0.200000000,0.000000000,0.254524531
100000003988112100,peripheral,0.200000000,20,0.249082526,Гип. peripheral; d=2; контр. в/из=1/1; KZT в/из=92000/64000; tx=2/5; роль не определена; баланс неизвестен,2,False,1,92000.000000000,2,1,64000.000000000,5,0.000501139,0.695652174,False,False,3,0,1,3,34000.000000000,0.369565217,1.000000000,0.740978461,0.176291434,0.450571450,0.600000000,0.000000000,0.415137543
100000003989033100,peripheral,0.150000000,8,0.230328504,Гип. peripheral; d=4; контр. в/из=1/0; KZT в/из=373400/0; tx=13/0; роль не определена; обрыв d=4; дальнейший выход неизвестен,4,False,1,373400.000000000,13,0,0.000000000,0,0.000595228,,True,False,1,0,12,0,0.000000000,0.000000000,0.895554365,0.831795843,0.176291434,0.571828476,0.200000000,0.000000000,0.400571311
100000003996562100,peripheral,0.200000000,1,0.157102867,Гип. peripheral; d=3; контр. в/из=1/0; KZT в/из=7700/0; tx=1/0; роль не определена; баланс неизвестен,3,False,1,7700.000000000,1,0,0.000000000,0,0.000327980,0.000000000,False,False,1,0,1,0,0.000000000,0.000000000,1.000000000,0.580170843,0.176291434,0.150190483,0.200000000,0.000000000,0.261838112
100000004004621100,peripheral,0.200000000,13,0.290396686,Гип. peripheral; d=1; контр. в/из=3/0; KZT в/из=75389/0; tx=3/0; роль не определена; баланс неизвестен,1,False,3,75389.000000000,3,0,0.000000000,0,0.000299125,0.000000000,False,False,7,1,2,0,0.000000000,0.000000000,1.000000000,0.728069192,0.352582869,0.300380966,1.000000000,0.000000000,0.483994476
100000004005964100,peripheral,0.200000000,24,0.247221407,Гип. peripheral; d=1; контр. в/из=3/3; KZT в/из=97900/72000; tx=9/5; роль не определена; баланс неизвестен,1,False,3,97900.000000000,9,3,72000.000000000,5,0.000402078,0.735444331,False,False,1,1,7,3,10000.000000000,0.102145046,0.898876404,0.745008122,0.352582869,0.586777786,0.200000000,0.000000000,0.412035678
100000004006327100,peripheral,0.150000000,10,0.204468526,Гип. peripheral; d=4; контр. в/из=1/0; KZT в/из=300000/0; tx=3/0; роль не определена; обрыв d=4; дальнейший выход неизвестен,4,False,1,300000.000000000,3,0,0.000000000,0,0.000551933,,True,False,1,0,3,0,0.000000000,0.000000000,1.000000000,0.817606681,0.176291434,0.300380966,0.200000000,0.000000000,0.355597436
100000004007116100,peripheral,0.200000000,24,0.274175224,Гип. peripheral; d=0; контр. в/из=3/4; KZT в/из=764704/148000; tx=24/6; роль не определена; seed: вход неполон; баланс неизвестен,0,True,3,764704.000000000,24,4,148000.000000000,6,0.000623732,,False,False,0,0,13,6,98000.000000000,0.128154162,0.557549065,0.878268428,0.409336034,0.744073138,0.000000000,0.000000000,0.456958706
100000004007197100,peripheral,0.200000000,24,0.160208364,Гип. peripheral; d=3; контр. в/из=1/0; KZT в/из=10048/0; tx=1/0; роль не определена; баланс неизвестен,3,False,1,10048.000000000,1,0,0.000000000,0,0.000286142,0.000000000,False,False,1,0,1,0,0.000000000,0.000000000,0.000000000,0.597423603,0.176291434,0.150190483,0.200000000,0.000000000,0.267013940
100000004013952100,peripheral,0.150000000,1,0.146794665,Гип. peripheral; d=4; контр. в/из=1/0; KZT в/из=5500/0; tx=1/0; роль не определена; обрыв d=4; дальнейший выход неизвестен,4,False,1,5500.000000000,1,0,0.000000000,0,0.000529982,,True,False,1,0,1,0,0.000000000,0.000000000,0.000000000,0.558360702,0.176291434,0.150190483,0.200000000,0.000000000,0.255295070
100000004015047100,consolidator,0.770000000,7,0.716918226,Гип. consolidator; d=1; контр. в/из=9/1; KZT в/из=919104/69195; tx=18/7; seed-вход=3; баланс неизвестен,1,False,9,919104.000000000,18,1,69195.000000000,7,0.002256940,0.075285278,False,False,8,3,11,5,26975.000000000,0.029349236,1.000000000,0.890191335,0.585627469,0.705961313,1.000000000,0.850000000,0.810077091
100000004017410100,peripheral,0.200000000,33,0.293605000,Гип. peripheral; d=3; контр. в/из=2/5; KZT в/из=193650/1330915; tx=6/11; роль не определена; выход>1.2 входа: пропуски/начальный остаток,3,False,2,193650.000000000,6,5,1330915.000000000,11,0.001122907,6.872785954,False,True,1,0,4,6,0.000000000,0.000000000,0.586883553,0.914192863,0.455706747,0.626283051,0.200000000,0.000000000,0.489341666
100000004019056100,peripheral,0.150000000,13,0.188727212,Гип. peripheral; d=4; контр. в/из=1/0; KZT в/из=50000/0; tx=1/0; роль не определена; обрыв d=4; дальнейший выход неизвестен,4,False,1,50000.000000000,1,0,0.000000000,0,0.000537692,,True,False,2,0,1,0,0.000000000,0.000000000,0.000000000,0.701447928,0.176291434,0.150190483,0.400000000,0.000000000,0.328221238
100000004019124100,peripheral,0.200000000,5,0.301366170,Гип. peripheral; d=0; контр. в/из=3/0; KZT в/из=193000/0; tx=3/0; роль не определена; seed: вход неполон; баланс неизвестен,0,True,3,193000.000000000,3,0,0.000000000,0,0.001194752,,False,False,5,2,3,0,0.000000000,0.000000000,1.000000000,0.789010771,0.352582869,0.300380966,1.000000000,0.000000000,0.502276950
100000004021459100,peripheral,0.050000000,74,0.000000000,Гип. peripheral; d=0; контр. в/из=0/0; KZT в/из=0/0; tx=0/0; роль не определена; нет рёбер; роль неизвестна; вход seed неполон,0,True,0,0.000000000,0,0,0.000000000,0,0.000284037,,False,False,0,0,0,0,0.000000000,0.000000000,0.000000000,0.000000000,0.000000000,0.000000000,0.000000000,0.000000000,0.000000000
100000004030553100,peripheral,0.150000000,4,0.175239978,Гип. peripheral; d=4; контр. в/из=1/0; KZT в/из=70000/0; tx=1/0; роль не определена; обрыв d=4; дальнейший выход неизвестен,4,False,1,70000.000000000,1,0,0.000000000,0,0.000527693,,True,False,1,0,1,0,0.000000000,0.000000000,1.000000000,0.723261065,0.176291434,0.150190483,0.200000000,0.000000000,0.304765179
100000004035925100,peripheral,0.150000000,63,0.213739443,Гип. peripheral; d=4; контр. в/из=1/0; KZT в/из=1111588/0; tx=2/0; роль не определена; обрыв d=4; дальнейший выход неизвестен,4,False,1,1111588.000000000,2,0,0.000000000,0,0.000459722,,True,False,1,0,2,0,0.000000000,0.000000000,1.000000000,0.902518470,0.176291434,0.238046284,0.200000000,0.000000000,0.371720771
100000004041163100,peripheral,0.200000000,20,0.323621212,Гип. peripheral; d=0; контр. в/из=1/2; KZT в/из=50000/866000; tx=1/6; роль не определена; seed: вход неполон; баланс неизвестен,0,True,1,50000.000000000,1,2,866000.000000000,6,0.002067134,,False,True,8,1,1,5,0.000000000,0.000000000,1.000000000,0.886333020,0.279415313,0.450571450,1.000000000,0.000000000,0.539368686
100000004041294100,peripheral,0.150000000,25,0.167504915,Гип. peripheral; d=4; контр. в/из=1/0; KZT в/из=17800/0; tx=2/0; роль не определена; обрыв d=4; дальнейший выход неизвестен,4,False,1,17800.000000000,2,0,0.000000000,0,0.000299221,,True,False,1,0,1,0,0.000000000,0.000000000,1.000000000,0.634492219,0.176291434,0.238046284,0.200000000,0.000000000,0.291312895
100000004047887100,peripheral,0.150000000,38,0.200264705,Гип. peripheral; d=4; контр. в/из=1/0; KZT в/из=30000/0; tx=1/0; роль не определена; обрыв d=4; дальнейший выход неизвестен,4,False,1,30000.000000000,1,0,0.000000000,0,0.000286466,,True,False,3,0,1,0,0.000000000,0.000000000,0.000000000,0.668331948,0.176291434,0.150190483,0.600000000,0.000000000,0.348286444
100000004049912100,peripheral,0.150000000,19,0.153479470,Гип. peripheral; d=4; контр. в/из=1/0; KZT в/из=10000/0; tx=1/0; роль не определена; обрыв d=4; дальнейший выход неизвестен,4,False,1,10000.000000000,1,0,0.000000000,0,0.000322766,,True,False,1,0,1,0,0.000000000,0.000000000,1.000000000,0.597113194,0.176291434,0.150190483,0.200000000,0.000000000,0.266920818
100000004058740100,peripheral,0.200000000,2,0.172971866,Гип. peripheral; d=1; контр. в/из=1/0; KZT в/из=30000/0; tx=1/0; роль не определена; баланс неизвестен,1,False,1,30000.000000000,1,0,0.000000000,0,0.000290287,0.000000000,False,False,1,1,1,0,0.000000000,0.000000000,1.000000000,0.668331948,0.176291434,0.150190483,0.200000000,0.000000000,0.288286444
100000004064431100,peripheral,0.200000000,24,0.179209046,Гип. peripheral; d=3; контр. в/из=1/1; KZT в/из=26000/10000; tx=1/1; роль не определена; баланс неизвестен,3,False,1,26000.000000000,1,1,10000.000000000,1,0.000289482,0.384615385,False,False,1,0,1,1,10000.000000000,0.384615385,1.000000000,0.659055047,0.176291434,0.238046284,0.200000000,0.000000000,0.298681744
100000004066370100,peripheral,0.150000000,36,0.181988790,Гип. peripheral; d=4; контр. в/из=1/0; KZT в/из=65000/0; tx=2/0; роль не определена; обрыв d=4; дальнейший выход неизвестен,4,False,1,65000.000000000,2,0,0.000000000,0,0.000585574,,True,False,1,0,2,0,0.000000000,0.000000000,1.000000000,0.718456714,0.176291434,0.238046284,0.200000000,0.000000000,0.316502244
100000004066647100,peripheral,0.200000000,19,0.179163823,Гип. peripheral; d=3; контр. в/из=1/0; KZT в/из=51000/0; tx=1/0; роль не определена; баланс неизвестен,3,False,1,51000.000000000,1,0,0.000000000,0,0.000292697,0.000000000,False,False,1,0,1,0,0.000000000,0.000000000,1.000000000,0.702731708,0.176291434,0.150190483,0.200000000,0.000000000,0.298606372
100000004070318100,distributor,0.600000000,1,0.602010688,Гип. distributor; d=1; контр. в/из=4/19; KZT в/из=207246.55/551860; tx=6/37; дней выхода=17; выход>1.2 входа: пропуски/начальный остаток,1,False,4,207246.550000000,6,19,551860.000000000,37,0.000312376,2.662818754,False,True,2,1,3,17,196310.000000000,0.947229278,1.000000000,0.857121263,0.761918903,0.819954673,0.400000000,0.800000000,0.752513360
100000004070530100,peripheral,0.150000000,38,0.195730502,Гип. peripheral; d=4; контр. в/из=1/0; KZT в/из=20000/0; tx=1/0; роль не определена; обрыв d=4; дальнейший выход неизвестен,4,False,1,20000.000000000,1,0,0.000000000,0,0.000285656,,True,False,3,0,1,0,0.000000000,0.000000000,1.000000000,0.642046710,0.176291434,0.150190483,0.600000000,0.000000000,0.340400872
100000004071070100,peripheral,0.200000000,1,0.231422130,Гип. peripheral; d=2; контр. в/из=2/1; KZT в/из=41000/6000; tx=5/1; роль не определена; баланс неизвестен,2,False,2,41000.000000000,5,1,6000.000000000,1,0.001182410,0.146341463,False,False,2,0,5,1,6000.000000000,0.146341463,1.000000000,0.688582631,0.279415313,0.421637992,0.400000000,0.000000000,0.385703551
100000004071080100,consolidator,0.755000000,1,0.604087178,Гип. consolidator; d=1; контр. в/из=9/2; KZT в/из=238600/46500; tx=16/5; seed-вход=1; баланс неизвестен,1,False,9,238600.000000000,16,2,46500.000000000,5,0.001362087,0.194886840,False,False,2,1,10,5,40500.000000000,0.169740151,1.000000000,0.802761049,0.585627469,0.669764190,0.400000000,0.850000000,0.688418437
100000004071444100,peripheral,0.200000000,1,0.205496408,Гип. peripheral; d=3; контр. в/из=1/1; KZT в/из=247350/100000; tx=1/1; роль не определена; баланс неизвестен,3,False,1,247350.000000000,1,1,100000.000000000,1,0.000305806,0.404285426,False,False,1,0,1,1,0.000000000,0.000000000,0.000000000,0.805095947,0.176291434,0.238046284,0.200000000,0.000000000,0.342494014
100000004076740100,peripheral,0.200000000,33,0.268411145,Гип. peripheral; d=1; контр. в/из=3/6; KZT в/из=93250/125000; tx=5/10; роль не определена; выход>1.2 входа: пропуски/начальный остаток,1,False,3,93250.000000000,5,6,125000.000000000,10,0.000736359,1.340482574,False,True,1,1,4,9,18000.000000000,0.193029491,0.924932976,0.760850313,0.494912626,0.600761933,0.200000000,0.000000000,0.447351909
100000004077081100,peripheral,0.200000000,3,0.299217702,Гип. peripheral; d=3; контр. в/из=1/4; KZT в/из=140000/615000; tx=1/6; роль не определена; выход>1.2 входа: пропуски/начальный остаток,3,False,1,140000.000000000,1,4,615000.000000000,6,0.000288537,4.392857143,False,True,3,0,1,5,100000.000000000,0.714285714,1.000000000,0.864144151,0.409336034,0.450571450,0.600000000,0.000000000,0.498696170
100000004094958100,peripheral,0.200000000,47,0.184235870,Гип. peripheral; d=1; контр. в/из=1/1; KZT в/из=39000/40000; tx=1/1; роль не определена; баланс неизвестен,1,False,1,39000.000000000,1,1,40000.000000000,1,0.000389242,1.025641026,False,False,1,1,1,1,0.000000000,0.000000000,1.000000000,0.686981847,0.176291434,0.238046284,0.200000000,0.000000000,0.307059784
100000004096559100,peripheral,0.200000000,7,0.178010375,Гип. peripheral; d=3; контр. в/из=1/0; KZT в/из=46200/0; tx=1/0; роль не определена; баланс неизвестен,3,False,1,46200.000000000,1,0,0.000000000,0,0.000969418,0.000000000,False,False,1,0,1,0,0.000000000,0.000000000,0.000000000,0.696323661,0.176291434,0.150190483,0.200000000,0.000000000,0.296683958
100000004097972100,peripheral,0.200000000,1,0.232931195,Гип. peripheral; d=3; контр. в/из=1/2; KZT в/из=118878/10000; tx=1/2; роль не определена; баланс неизвестен,3,False,1,118878.000000000,1,2,10000.000000000,2,0.000314795,0.084119854,False,False,2,0,1,2,0.000000000,0.000000000,1.000000000,0.757594835,0.279415313,0.300380966,0.400000000,0.000000000,0.388218658
100000004099450100,peripheral,0.200000000,1,0.173354491,Гип. peripheral; d=3; контр. в/из=1/0; KZT в/из=31000/0; tx=1/0; роль не определена; баланс неизвестен,3,False,1,31000.000000000,1,0,0.000000000,0,0.000294561,0.000000000,False,False,1,0,1,0,0.000000000,0.000000000,0.000000000,0.670457644,0.176291434,0.150190483,0.200000000,0.000000000,0.288924152
100000004105288100,peripheral,0.200000000,3,0.288235623,Гип. peripheral; d=1; контр. в/из=2/0; KZT в/из=215000/0; tx=2/0; роль не определена; баланс неизвестен,1,False,2,215000.000000000,2,0,0.000000000,0,0.000460307,0.000000000,False,False,8,1,2,0,0.000000000,0.000000000,1.000000000,0.796008999,0.279415313,0.238046284,1.000000000,0.000000000,0.480392705
100000004107228100,peripheral,0.150000000,3,0.162978998,Гип. peripheral; d=4; контр. в/из=1/0; KZT в/из=5000/0; tx=1/0; роль не определена; обрыв d=4; дальнейший выход неизвестен,4,False,1,5000.000000000,1,0,0.000000000,0,0.000287155,,True,False,2,0,1,0,0.000000000,0.000000000,1.000000000,0.552182918,0.176291434,0.150190483,0.400000000,0.000000000,0.283441735
100000004114962100,peripheral,0.200000000,6,0.249146834,Гип. peripheral; d=3; контр. в/из=2/0; KZT в/из=165000/0; tx=2/0; роль не определена; баланс неизвестен,3,False,2,165000.000000000,2,0,0.000000000,0,0.000706703,0.000000000,False,False,3,0,2,0,0.000000000,0.000000000,1.000000000,0.778849063,0.279415313,0.238046284,0.600000000,0.000000000,0.415244724
100000004130144100,peripheral,0.200000000,7,0.195109800,Гип. peripheral; d=1; контр. в/из=1/0; KZT в/из=200000/0; tx=1/0; роль не определена; баланс неизвестен,1,False,1,200000.000000000,1,0,0.000000000,0,0.000295431,0.000000000,False,False,1,1,1,0,0.000000000,0.000000000,1.000000000,0.791320471,0.176291434,0.150190483,0.200000000,0.000000000,0.325183001
100000004134060100,peripheral,0.200000000,18,0.239553231,Гип. peripheral; d=2; контр. в/из=1/0; KZT в/из=88179/0; tx=1/0; роль не определена; баланс неизвестен,2,False,1,88179.000000000,1,0,0.000000000,0,0.000326196,0.000000000,False,False,4,0,1,0,0.000000000,0.000000000,1.000000000,0.738228418,0.176291434,0.150190483,0.800000000,0.000000000,0.399255385
100000004135268100,transit,0.550847000,52,0.442742268,Гип. transit; d=1; контр. в/из=2/3; KZT в/из=1239000/1000200; tx=3/4; out/in=0.807; 1–2д=30%; баланс неизвестен,1,False,2,1239000.000000000,3,3,1000200.000000000,4,0.001740899,0.807263923,False,False,1,1,3,4,375000.000000000,0.302663438,1.000000000,0.909553495,0.352582869,0.450571450,0.200000000,0.650000000,0.570968340
100000004140487100,distributor,0.599000000,3,0.522568104,Гип. distributor; d=3; контр. в/из=1/10; KZT в/из=24510/262600; tx=1/19; дней выхода=7; выход>1.2 входа: пропуски/начальный остаток,3,False,1,24510.000000000,1,10,262600.000000000,19,0.000287867,10.713994288,False,True,1,0,1,7,24510.000000000,1.000000000,1.000000000,0.808974559,0.609868162,0.659684276,0.200000000,0.800000000,0.653618642
100000004140994100,peripheral,0.200000000,2,0.167425036,Гип. peripheral; d=3; контр. в/из=1/0; KZT в/из=18650/0; tx=1/0; роль не определена; баланс неизвестен,3,False,1,18650.000000000,1,0,0.000000000,0,0.000286927,0.000000000,False,False,1,0,1,0,0.000000000,0.000000000,1.000000000,0.637516225,0.176291434,0.150190483,0.200000000,0.000000000,0.279041727
100000004144536100,consolidator,0.605000000,24,0.464742247,Гип. consolidator; d=1; контр. в/из=4/0; KZT в/из=168000/0; tx=6/0; seed-вход=1; баланс неизвестен,1,False,4,168000.000000000,6,0,0.000000000,0,0.000962003,0.000000000,False,False,1,1,5,0,0.000000000,0.000000000,0.702380952,0.780017196,0.409336034,0.421637992,0.200000000,0.850000000,0.579118065
100000004150593100,distributor,0.599000000,5,0.590122893,Гип. distributor; d=2; контр. в/из=1/11; KZT в/из=57000/871165; tx=2/16; дней выхода=7; выход>1.2 входа: пропуски/начальный остаток,2,False,1,57000.000000000,2,11,871165.000000000,16,0.000304955,15.283596491,False,True,3,0,1,7,57000.000000000,1.000000000,1.000000000,0.886718531,0.631998181,0.637998286,0.600000000,0.800000000,0.738114938
100000004156082100,distributor,0.600000000,16,0.680058153,Гип. distributor; d=1; контр. в/из=5/26; KZT в/из=377366.11/2319556; tx=7/29; дней выхода=7; выход>1.2 входа: пропуски/начальный остаток,1,False,5,377366.110000000,7,26,2319556.000000000,29,0.000861470,6.146699289,False,True,4,1,5,7,305366.110000000,0.809203852,0.000000000,0.950206519,0.838245938,0.782410318,0.800000000,0.800000000,0.850072691
100000004158362100,peripheral,0.200000000,1,0.180279880,Гип. peripheral; d=2; контр. в/из=1/0; KZT в/из=12000/0; tx=1/0; роль не определена; баланс неизвестен,2,False,1,12000.000000000,1,0,0.000000000,0,0.000289811,0.000000000,False,False,2,0,1,0,0.000000000,0.000000000,1.000000000,0.608932027,0.176291434,0.150190483,0.400000000,0.000000000,0.300466467
100000004159526100,peripheral,0.200000000,15,0.296037363,Гип. peripheral; d=1; контр. в/из=4/4; KZT в/из=275037/68000; tx=4/6; роль не определена; баланс неизвестен,1,False,4,275037.000000000,4,4,68000.000000000,6,0.000846875,0.247239462,False,False,3,1,3,6,20000.000000000,0.072717489,1.000000000,0.811974472,0.409336034,0.519573706,0.600000000,0.000000000,0.493395604
100000004160650100,distributor,0.600000000,24,0.569719055,Гип. distributor; d=2; контр. в/из=2/10; KZT в/из=75100/1489827; tx=4/40; дней выхода=15; выход>1.2 входа: пропуски/начальный остаток,2,False,2,75100.000000000,4,10,1489827.000000000,40,0.000367057,19.837909454,False,True,1,0,4,15,55100.000000000,0.733688415,0.094540613,0.921505254,0.609868162,0.824824070,0.200000000,0.800000000,0.712148819
100000004167082100,peripheral,0.150000000,13,0.173918400,Гип. peripheral; d=4; контр. в/из=1/0; KZT в/из=13300/0; tx=1/0; роль не определена; обрыв d=4; дальнейший выход неизвестен,4,False,1,13300.000000000,1,0,0.000000000,0,0.000382725,,True,False,2,0,1,0,0.000000000,0.000000000,1.000000000,0.615599747,0.176291434,0.150190483,0.400000000,0.000000000,0.302466783
100000004174835100,peripheral,0.050000000,75,0.000000000,Гип. peripheral; d=0; контр. в/из=0/0; KZT в/из=0/0; tx=0/0; роль не определена; нет рёбер; роль неизвестна; вход seed неполон,0,True,0,0.000000000,0,0,0.000000000,0,0.000284037,,False,False,0,0,0,0,0.000000000,0.000000000,0.000000000,0.000000000,0.000000000,0.000000000,0.000000000,0.000000000,0.000000000
100000004177936100,peripheral,0.150000000,4,0.153479470,Гип. peripheral; d=4; контр. в/из=1/0; KZT в/из=10000/0; tx=1/0; роль не определена; обрыв d=4; дальнейший выход неизвестен,4,False,1,10000.000000000,1,0,0.000000000,0,0.000335131,,True,False,1,0,1,0,0.000000000,0.000000000,1.000000000,0.597113194,0.176291434,0.150190483,0.200000000,0.000000000,0.266920818
100000004180097100,peripheral,0.200000000,1,0.245231555,Гип. peripheral; d=1; контр. в/из=3/3; KZT в/из=104854/47800; tx=5/7; роль не определена; баланс неизвестен,1,False,3,104854.000000000,5,3,47800.000000000,7,0.000849807,0.455871974,False,False,1,1,5,5,5000.000000000,0.047685353,0.952314647,0.749456868,0.352582869,0.555770829,0.200000000,0.000000000,0.408719259
100000004183610100,peripheral,0.200000000,13,0.248723025,Гип. peripheral; d=3; контр. в/из=1/1; KZT в/из=22000/915000; tx=1/3; роль не определена; выход>1.2 входа: пропуски/начальный остаток,3,False,1,22000.000000000,1,1,915000.000000000,3,0.000338828,41.590909091,False,True,2,0,1,3,15000.000000000,0.681818182,0.000000000,0.889901207,0.176291434,0.348731503,0.400000000,0.000000000,0.414538374
100000004184158100,peripheral,0.200000000,1,0.195329724,Гип. peripheral; d=3; контр. в/из=1/0; KZT в/из=203805/0; tx=1/0; роль не определена; баланс неизвестен,3,False,1,203805.000000000,1,0,0.000000000,0,0.000301974,0.000000000,False,False,1,0,1,0,0.000000000,0.000000000,1.000000000,0.792542270,0.176291434,0.150190483,0.200000000,0.000000000,0.325549540
100000004185681100,peripheral,0.200000000,3,0.160152491,Гип. peripheral; d=3; контр. в/из=1/0; KZT в/из=10000/0; tx=1/0; роль не определена; баланс неизвестен,3,False,1,10000.000000000,1,0,0.000000000,0,0.000532124,0.000000000,False,False,1,0,1,0,0.000000000,0.000000000,1.000000000,0.597113194,0.176291434,0.150190483,0.200000000,0.000000000,0.266920818
100000004186824100,terminal,0.520000000,5,0.403209003,Гип. terminal; d=1; контр. в/из=2/1; KZT в/из=451700/7000; tx=7/1; out/in=0.015; до24.07=100%; остаток неизвестен; гипотеза в окне,1,False,2,451700.000000000,7,1,7000.000000000,1,0.000379756,0.015497011,False,False,2,1,6,1,0.000000000,0.000000000,1.000000000,0.844137379,0.279415313,0.476092568,0.400000000,0.450000000,0.530538161
100000004188160100,peripheral,0.200000000,5,0.294894221,Гип. peripheral; d=1; контр. в/из=2/5; KZT в/из=87862/133846; tx=5/6; роль не определена; выход>1.2 входа: пропуски/начальный остаток,1,False,2,87862.000000000,5,5,133846.000000000,6,0.000295218,1.523366188,False,True,3,1,5,5,34016.000000000,0.387152580,0.902119232,0.765283106,0.455706747,0.538427250,0.600000000,0.000000000,0.491490369
100000004192107100,peripheral,0.200000000,3,0.188844360,Гип. peripheral; d=2; контр. в/из=1/0; KZT в/из=25000/0; tx=1/0; роль не определена; баланс неизвестен,2,False,1,25000.000000000,1,0,0.000000000,0,0.000297676,0.000000000,False,False,2,0,1,0,0.000000000,0.000000000,0.000000000,0.656512467,0.176291434,0.150190483,0.400000000,0.000000000,0.314740599
100000004192865100,peripheral,0.200000000,29,0.182289647,Гип. peripheral; d=2; контр. в/из=1/0; KZT в/из=66666/0; tx=1/0; роль не определена; баланс неизвестен,2,False,1,66666.000000000,1,0,0.000000000,0,0.000552405,0.000000000,False,False,1,0,1,0,0.000000000,0.000000000,1.000000000,0.720097395,0.176291434,0.150190483,0.200000000,0.000000000,0.303816078
100000004193835100,peripheral,0.200000000,5,0.222117730,Гип. peripheral; d=0; контр. в/из=1/1; KZT в/из=47000/5000; tx=1/1; роль не определена; seed: вход неполон; баланс неизвестен,0,True,1,47000.000000000,1,1,5000.000000000,1,0.000467133,,False,False,3,0,1,1,0.000000000,0.000000000,1.000000000,0.697436626,0.176291434,0.238046284,0.600000000,0.000000000,0.370196217
100000004200745100,peripheral,0.150000000,11,0.216536895,Гип. peripheral; d=4; контр. в/из=1/0; KZT в/из=130000/0; tx=4/0; роль не определена; обрыв d=4; дальнейший выход неизвестен,4,False,1,130000.000000000,4,0,0.000000000,0,0.000597167,,True,False,2,0,4,0,0.000000000,0.000000000,1.000000000,0.763392973,0.176291434,0.348731503,0.400000000,0.000000000,0.376585904
100000004206046100,peripheral,0.200000000,5,0.179343885,Гип. peripheral; d=1; контр. в/из=1/0; KZT в/из=11075/0; tx=1/0; роль не определена; баланс неизвестен,1,False,1,11075.000000000,1,0,0.000000000,0,0.000285220,0.000000000,False,False,2,1,1,0,0.000000000,0.000000000,1.000000000,0.603732050,0.176291434,0.150190483,0.400000000,0.000000000,0.298906474
100000004209339100,peripheral,0.200000000,12,0.306387409,Гип. peripheral; d=2; контр. в/из=1/2; KZT в/из=138500/238500; tx=6/11; роль не определена; выход>1.2 входа: пропуски/начальный остаток,2,False,1,138500.000000000,6,2,238500.000000000,11,0.000812685,1.722021661,False,True,4,0,4,9,22500.000000000,0.162454874,1.000000000,0.802733873,0.279415313,0.626283051,0.800000000,0.000000000,0.510645682
100000004213658100,peripheral,0.200000000,2,0.171005211,Гип. peripheral; d=1; контр. в/из=1/0; KZT в/из=25347/0; tx=1/0; роль не определена; баланс неизвестен,1,False,1,25347.000000000,1,0,0.000000000,0,0.000289317,0.000000000,False,False,1,1,1,0,0.000000000,0.000000000,1.000000000,0.657406085,0.176291434,0.150190483,0.200000000,0.000000000,0.285008685
100000004217419100,terminal,0.480000000,4,0.359166398,Гип. terminal; d=3; контр. в/из=2/1; KZT в/из=118200/7700; tx=3/1; out/in=0.065; до24.07=100%; остаток неизвестен; гипотеза в окне,3,False,2,118200.000000000,3,1,7700.000000000,1,0.000580544,0.065143824,False,False,2,0,3,1,7000.000000000,0.059221658,1.000000000,0.757224033,0.279415313,0.348731503,0.400000000,0.450000000,0.485359998
100000004218576100,peripheral,0.200000000,2,0.171366474,Гип. peripheral; d=1; контр. в/из=1/0; KZT в/из=26144/0; tx=1/0; роль не определена; баланс неизвестен,1,False,1,26144.000000000,1,0,0.000000000,0,0.000289483,0.000000000,False,False,1,1,1,0,0.000000000,0.000000000,1.000000000,0.659413102,0.176291434,0.150190483,0.200000000,0.000000000,0.285610790
100000004221668100,peripheral,0.200000000,27,0.287167631,Гип. peripheral; d=2; контр. в/из=4/3; KZT в/из=1128300/731440; tx=8/10; роль не определена; баланс неизвестен,2,False,4,1128300.000000000,8,3,731440.000000000,10,0.003220896,0.648267305,False,False,1,0,8,7,40000.000000000,0.035451564,0.913498183,0.903485893,0.409336034,0.637998286,0.200000000,0.000000000,0.478612718
100000004222274100,peripheral,0.150000000,1,0.158380158,Гип. peripheral; d=4; контр. в/из=1/0; KZT в/из=15500/0; tx=1/0; роль не определена; обрыв d=4; дальнейший выход неизвестен,4,False,1,15500.000000000,1,0,0.000000000,0,0.000542149,,True,False,1,0,1,0,0.000000000,0.000000000,0.000000000,0.625522977,0.176291434,0.150190483,0.200000000,0.000000000,0.275443753
100000004225615100,peripheral,0.200000000,9,0.193698783,Гип. peripheral; d=2; контр. в/из=1/0; KZT в/из=90000/0; tx=2/0; роль не определена; баланс неизвестен,2,False,1,90000.000000000,2,0,0.000000000,0,0.000292450,0.000000000,False,False,1,0,1,0,0.000000000,0.000000000,1.000000000,0.739553583,0.176291434,0.238046284,0.200000000,0.000000000,0.322831304
100000004226848100,peripheral,0.200000000,3,0.253913677,Гип. peripheral; d=1; контр. в/из=1/0; KZT в/из=301866/0; tx=1/0; роль не определена; баланс неизвестен,1,False,1,301866.000000000,1,0,0.000000000,0,0.000343993,0.000000000,False,False,4,1,1,0,0.000000000,0.000000000,0.000000000,0.818008674,0.176291434,0.150190483,0.800000000,0.000000000,0.423189461
100000004232712100,peripheral,0.150000000,6,0.190474701,Гип. peripheral; d=4; контр. в/из=1/0; KZT в/из=12500/0; tx=1/0; роль не определена; обрыв d=4; дальнейший выход неизвестен,4,False,1,12500.000000000,1,0,0.000000000,0,0.000526152,,True,False,3,0,1,0,0.000000000,0.000000000,1.000000000,0.611578302,0.176291434,0.150190483,0.600000000,0.000000000,0.331260350
100000004235471100,peripheral,0.150000000,6,0.220301966,Гип. peripheral; d=4; контр. в/из=1/0; KZT в/из=180000/0; tx=1/0; роль не определена; обрыв d=4; дальнейший выход неизвестен,4,False,1,180000.000000000,1,0,0.000000000,0,0.000346662,,True,False,3,0,1,0,0.000000000,0.000000000,1.000000000,0.784489981,0.176291434,0.150190483,0.600000000,0.000000000,0.383133854
100000004241142100,peripheral,0.150000000,1,0.181878647,Гип. peripheral; d=4; контр. в/из=1/0; KZT в/из=27102/0; tx=1/0; роль не определена; обрыв d=4; дальнейший выход неизвестен,4,False,1,27102.000000000,1,0,0.000000000,0,0.000527003,,True,False,2,0,1,0,0.000000000,0.000000000,1.000000000,0.661746105,0.176291434,0.150190483,0.400000000,0.000000000,0.316310691
100000004254434100,peripheral,0.200000000,2,0.185465482,Гип. peripheral; d=1; контр. в/из=1/0; KZT в/из=44445/0; tx=2/0; роль не определена; баланс неизвестен,1,False,1,44445.000000000,2,0,0.000000000,0,0.000293296,0.000000000,False,False,1,1,1,0,0.000000000,0.000000000,1.000000000,0.693813022,0.176291434,0.238046284,0.200000000,0.000000000,0.309109136
100000004257714100,peripheral,0.200000000,2,0.179439682,Гип. peripheral; d=3; контр. в/из=1/0; KZT в/из=52220/0; tx=1/0; роль не определена; баланс неизвестен,3,False,1,52220.000000000,1,0,0.000000000,0,0.000292128,0.000000000,False,False,1,0,1,0,0.000000000,0.000000000,1.000000000,0.704264256,0.176291434,0.150190483,0.200000000,0.000000000,0.299066136
100000004260869100,peripheral,0.150000000,5,0.153479470,Гип. peripheral; d=4; контр. в/из=1/0; KZT в/из=10000/0; tx=1/0; роль не определена; обрыв d=4; дальнейший выход неизвестен,4,False,1,10000.000000000,1,0,0.000000000,0,0.000836493,,True,False,1,0,1,0,0.000000000,0.000000000,1.000000000,0.597113194,0.176291434,0.150190483,0.200000000,0.000000000,0.266920818
100000004261340100,peripheral,0.150000000,1,0.205510751,Гип. peripheral; d=4; контр. в/из=1/0; KZT в/из=48500/0; tx=4/0; роль не определена; обрыв d=4; дальнейший выход неизвестен,4,False,1,48500.000000000,4,0,0.000000000,0,0.000345436,,True,False,2,0,4,0,0.000000000,0.000000000,1.000000000,0.699473297,0.176291434,0.348731503,0.400000000,0.000000000,0.357410001
100000004263867100,peripheral,0.150000000,8,0.152301329,Гип. peripheral; d=4; контр. в/из=1/0; KZT в/из=9000/0; tx=1/0; роль не определена; обрыв d=4; дальнейший выход неизвестен,4,False,1,9000.000000000,1,0,0.000000000,0,0.000288822,,True,False,1,0,1,0,0.000000000,0.000000000,0.000000000,0.590283388,0.176291434,0.150190483,0.200000000,0.000000000,0.264871876
100000004265639100,peripheral,0.150000000,4,0.153479470,Гип. peripheral; d=4; контр. в/из=1/0; KZT в/из=10000/0; tx=1/0; роль не определена; обрыв d=4; дальнейший выход неизвестен,4,False,1,10000.000000000,1,0,0.000000000,0,0.000548975,,True,False,1,0,1,0,0.000000000,0.000000000,0.000000000,0.597113194,0.176291434,0.150190483,0.200000000,0.000000000,0.266920818
100000004268036100,peripheral,0.150000000,8,0.146794665,Гип. peripheral; d=4; контр. в/из=1/0; KZT в/из=5500/0; tx=1/0; роль не определена; обрыв d=4; дальнейший выход неизвестен,4,False,1,5500.000000000,1,0,0.000000000,0,0.000286961,,True,False,1,0,1,0,0.000000000,0.000000000,1.000000000,0.558360702,0.176291434,0.150190483,0.200000000,0.000000000,0.255295070
100000004269433100,peripheral,0.200000000,60,0.268349579,Гип. peripheral; d=0; контр. в/из=0/1; KZT в/из=0/1372000; tx=0/67; роль не определена; seed: вход неполон; баланс неизвестен,0,True,0,0.000000000,0,1,1372000.000000000,67,0.000284037,,False,True,0,0,0,16,0.000000000,0.000000000,0.000000000,0.916163880,0.176291434,0.914278986,0.000000000,0.000000000,0.447249299
100000004272302100,peripheral,0.150000000,45,0.153479470,Гип. peripheral; d=4; контр. в/из=1/0; KZT в/из=10000/0; tx=1/0; роль не определена; обрыв d=4; дальнейший выход неизвестен,4,False,1,10000.000000000,1,0,0.000000000,0,0.000286188,,True,False,1,0,1,0,0.000000000,0.000000000,1.000000000,0.597113194,0.176291434,0.150190483,0.200000000,0.000000000,0.266920818
100000004278574100,peripheral,0.200000000,6,0.214751382,Гип. peripheral; d=3; контр. в/из=1/1; KZT в/из=25000/12500; tx=1/1; роль не определена; баланс неизвестен,3,False,1,25000.000000000,1,1,12500.000000000,1,0.000284841,0.500000000,False,False,3,0,1,1,0.000000000,0.000000000,1.000000000,0.656512467,0.176291434,0.238046284,0.600000000,0.000000000,0.357918970
100000004285800100,peripheral,0.200000000,1,0.226790661,Гип. peripheral; d=2; контр. в/из=1/1; KZT в/из=5000/15000; tx=1/1; роль не определена; выход>1.2 входа: пропуски/начальный остаток,2,False,1,5000.000000000,1,1,15000.000000000,1,0.000342293,3.000000000,False,True,4,0,1,1,0.000000000,0.000000000,1.000000000,0.623397351,0.176291434,0.238046284,0.800000000,0.000000000,0.377984435
100000004286573100,peripheral,0.200000000,11,0.166059256,Гип. peripheral; d=1; контр. в/из=1/0; KZT в/из=16590/0; tx=1/0; роль не определена; баланс неизвестен,1,False,1,16590.000000000,1,0,0.000000000,0,0.000286773,0.000000000,False,False,1,1,1,0,0.000000000,0.000000000,1.000000000,0.629928557,0.176291434,0.150190483,0.200000000,0.000000000,0.276765426
100000004291560100,peripheral,0.200000000,1,0.196257786,Гип. peripheral; d=3; контр. в/из=1/0; KZT в/из=47190/0; tx=1/0; роль не определена; баланс неизвестен,3,False,1,47190.000000000,1,0,0.000000000,0,0.000286676,0.000000000,False,False,2,0,1,0,0.000000000,0.000000000,1.000000000,0.697698171,0.176291434,0.150190483,0.400000000,0.000000000,0.327096311
100000004291663100,peripheral,0.150000000,1,0.180975845,Гип. peripheral; d=4; контр. в/из=1/0; KZT в/из=25000/0; tx=1/0; роль не определена; обрыв d=4; дальнейший выход неизвестен,4,False,1,25000.000000000,1,0,0.000000000,0,0.000309471,,True,False,2,0,1,0,0.000000000,0.000000000,0.000000000,0.656512467,0.176291434,0.150190483,0.400000000,0.000000000,0.314740599
100000004292885100,peripheral,0.200000000,2,0.188416415,Гип. peripheral; d=3; контр. в/из=1/0; KZT в/из=112700/0; tx=1/0; роль не определена; баланс неизвестен,3,False,1,112700.000000000,1,0,0.000000000,0,0.000301498,0.000000000,False,False,1,0,1,0,0.000000000,0.000000000,1.000000000,0.754134994,0.176291434,0.150190483,0.200000000,0.000000000,0.314027358
100000004299488100,consolidator,0.740000000,1,0.657646016,Гип. consolidator; d=1; контр. в/из=6/2; KZT в/из=1749000/344999; tx=22/14; seed-вход=1; баланс неизвестен,1,False,6,1749000.000000000,22,2,344999.000000000,14,0.001448064,0.197255003,False,False,3,1,10,8,252000.000000000,0.144082333,1.000000000,0.931902960,0.494912626,0.782410318,0.600000000,0.850000000,0.755914961
100000004315838100,peripheral,0.200000000,3,0.276824752,Гип. peripheral; d=1; контр. в/из=2/1; KZT в/из=50000/18000; tx=2/1; роль не определена; баланс неизвестен,1,False,2,50000.000000000,2,1,18000.000000000,1,0.000289806,0.360000000,False,False,5,1,2,1,0.000000000,0.000000000,1.000000000,0.701447928,0.279415313,0.300380966,1.000000000,0.000000000,0.461374586
100000004318918100,peripheral,0.200000000,12,0.255757185,Гип. peripheral; d=1; контр. в/из=1/0; KZT в/из=75600/0; tx=1/0; роль не определена; баланс неизвестен,1,False,1,75600.000000000,1,0,0.000000000,0,0.000295440,0.000000000,False,False,5,1,1,0,0.000000000,0.000000000,1.000000000,0.728250384,0.176291434,0.150190483,1.000000000,0.000000000,0.426261975
100000004321983100,peripheral,0.200000000,27,0.205407592,Гип. peripheral; d=3; контр. в/из=1/2; KZT в/из=10840/36200; tx=1/3; роль не определена; выход>1.2 входа: пропуски/начальный остаток,3,False,1,10840.000000000,1,2,36200.000000000,3,0.000324611,3.339483395,False,True,1,0,1,2,0.000000000,0.000000000,0.000000000,0.680510661,0.279415313,0.348731503,0.200000000,0.000000000,0.342345986
100000004325327100,peripheral,0.200000000,1,0.231238073,Гип. peripheral; d=1; контр. в/из=2/1; KZT в/из=70817/70000; tx=3/1; роль не определена; баланс неизвестен,1,False,2,70817.000000000,3,1,70000.000000000,1,0.000294182,0.988463222,False,False,2,1,3,1,47472.000000000,0.670347515,0.810045611,0.724013332,0.279415313,0.348731503,0.400000000,0.000000000,0.385396788
100000004326224100,peripheral,0.150000000,6,0.208016109,Гип. peripheral; d=4; контр. в/из=1/0; KZT в/из=60000/0; tx=1/0; роль не определена; обрыв d=4; дальнейший выход неизвестен,4,False,1,60000.000000000,1,0,0.000000000,0,0.000531697,,True,False,3,0,1,0,0.000000000,0.000000000,1.000000000,0.713267625,0.176291434,0.150190483,0.600000000,0.000000000,0.361767147
100000004330371100,peripheral,0.200000000,5,0.272634708,Гип. peripheral; d=1; контр. в/из=2/2; KZT в/из=264171/90681; tx=12/6; роль не определена; баланс неизвестен,1,False,2,264171.000000000,12,2,90681.000000000,6,0.001249722,0.343266293,False,False,2,1,6,4,5000.000000000,0.018927134,0.672560576,0.809361247,0.279415313,0.637998286,0.400000000,0.000000000,0.454391179
100000004331458100,peripheral,0.200000000,47,0.217995629,Гип. peripheral; d=2; контр. в/из=2/0; KZT в/из=250000/0; tx=2/0; роль не определена; баланс неизвестен,2,False,2,250000.000000000,2,0,0.000000000,0,0.001313649,0.000000000,False,False,1,0,2,0,0.000000000,0.000000000,1.000000000,0.805786811,0.279415313,0.238046284,0.200000000,0.000000000,0.363326048
100000004336228100,peripheral,0.200000000,4,0.187163600,Гип. peripheral; d=3; контр. в/из=1/0; KZT в/из=51407/0; tx=2/0; роль не определена; баланс неизвестен,3,False,1,51407.000000000,2,0,0.000000000,0,0.000294414,0.000000000,False,False,1,0,1,0,0.000000000,0.000000000,0.000000000,0.703247013,0.176291434,0.238046284,0.200000000,0.000000000,0.311939333
100000004336312100,peripheral,0.200000000,33,0.240244907,Гип. peripheral; d=2; контр. в/из=3/2; KZT в/из=90415/72650; tx=7/3; роль не определена; баланс неизвестен,2,False,3,90415.000000000,7,2,72650.000000000,3,0.000691388,0.803517116,False,False,1,0,4,3,21000.000000000,0.232262346,1.000000000,0.739851831,0.352582869,0.519573706,0.200000000,0.000000000,0.400408179
100000004340038100,peripheral,0.200000000,13,0.222604016,Гип. peripheral; d=3; контр. в/из=1/1; KZT в/из=9978/49000; tx=1/1; роль не определена; выход>1.2 входа: пропуски/начальный остаток,3,False,1,9978.000000000,1,1,49000.000000000,1,0.000287703,4.910803768,False,True,3,0,1,1,0.000000000,0.000000000,1.000000000,0.700138212,0.176291434,0.238046284,0.600000000,0.000000000,0.371006693
100000004350094100,peripheral,0.150000000,19,0.161230502,Гип. peripheral; d=4; контр. в/из=1/0; KZT в/из=20000/0; tx=1/0; роль не определена; обрыв d=4; дальнейший выход неизвестен,4,False,1,20000.000000000,1,0,0.000000000,0,0.000885857,,True,False,1,0,1,0,0.000000000,0.000000000,1.000000000,0.642046710,0.176291434,0.150190483,0.200000000,0.000000000,0.280400872
100000004351795100,distributor,0.600000000,1,0.630111341,Гип. distributor; d=1; контр. в/из=3/14; KZT в/из=118333/1715161; tx=3/37; дней выхода=18; выход>1.2 входа: пропуски/начальный остаток,1,False,3,118333.000000000,3,14,1715161.000000000,37,0.000311769,14.494359139,False,True,3,1,3,18,118333.000000000,1.000000000,0.810551579,0.930636361,0.688751347,0.804653324,0.600000000,0.800000000,0.787639176
100000004356593100,peripheral,0.200000000,3,0.204839765,Гип. peripheral; d=2; контр. в/из=1/1; KZT в/из=50000/10000; tx=1/1; роль не определена; баланс неизвестен,2,False,1,50000.000000000,1,1,10000.000000000,1,0.000291867,0.200000000,False,False,2,0,1,1,0.000000000,0.000000000,1.000000000,0.701447928,0.176291434,0.238046284,0.400000000,0.000000000,0.341399608
100000004358004100,distributor,0.600000000,3,0.518931258,Гип. distributor; d=0; контр. в/из=0/11; KZT в/из=0/980850; tx=0/17; дней выхода=12; seed: вход неполон; баланс неизвестен,0,True,0,0.000000000,0,11,980850.000000000,17,0.000284037,,False,True,0,0,0,12,0.000000000,0.000000000,0.000000000,0.894406596,0.631998181,0.626283051,0.000000000,0.800000000,0.648664073
100000004360785100,peripheral,0.200000000,5,0.204386394,Гип. peripheral; d=1; контр. в/из=1/0; KZT в/из=94705/0; tx=1/0; роль не определена; баланс неизвестен,1,False,1,94705.000000000,1,0,0.000000000,0,0.000294153,0.000000000,False,False,2,1,1,0,0.000000000,0.000000000,1.000000000,0.742857100,0.176291434,0.150190483,0.400000000,0.000000000,0.340643989
100000004368189100,peripheral,0.200000000,14,0.246632248,Гип. peripheral; d=3; контр. в/из=1/2; KZT в/из=384600/28200; tx=1/2; роль не определена; баланс неизвестен,3,False,1,384600.000000000,1,2,28200.000000000,2,0.000302225,0.073322933,False,False,2,0,1,2,21700.000000000,0.056422257,1.000000000,0.833711799,0.279415313,0.300380966,0.400000000,0.000000000,0.411053747
100000004377043100,peripheral,0.150000000,28,0.147194036,Гип. peripheral; d=4; контр. в/из=1/0; KZT в/из=5700/0; tx=1/0; роль не определена; обрыв d=4; дальнейший выход неизвестен,4,False,1,5700.000000000,1,0,0.000000000,0,0.000361398,,True,False,1,0,1,0,0.000000000,0.000000000,1.000000000,0.560675893,0.176291434,0.150190483,0.200000000,0.000000000,0.255989627
100000004379306100,peripheral,0.150000000,4,0.158013487,Гип. peripheral; d=4; контр. в/из=1/0; KZT в/из=15000/0; tx=1/0; роль не определена; обрыв d=4; дальнейший выход неизвестен,4,False,1,15000.000000000,1,0,0.000000000,0,0.000528901,,True,False,1,0,1,0,0.000000000,0.000000000,1.000000000,0.623397351,0.176291434,0.150190483,0.200000000,0.000000000,0.274806065
100000004386258100,peripheral,0.200000000,11,0.262971567,Гип. peripheral; d=2; контр. в/из=3/3; KZT в/из=61700/40000; tx=3/3; роль не определена; баланс неизвестен,2,False,3,61700.000000000,3,3,40000.000000000,3,0.000530296,0.648298217,False,False,3,0,2,2,0.000000000,0.000000000,0.081037277,0.715078906,0.352582869,0.421637992,0.600000000,0.000000000,0.438285944
100000004386286100,peripheral,0.150000000,11,0.173224701,Гип. peripheral; d=4; контр. в/из=1/0; KZT в/из=12500/0; tx=1/0; роль не определена; обрыв d=4; дальнейший выход неизвестен,4,False,1,12500.000000000,1,0,0.000000000,0,0.000593324,,True,False,2,0,1,0,0.000000000,0.000000000,0.000000000,0.611578302,0.176291434,0.150190483,0.400000000,0.000000000,0.301260350
100000004386331100,peripheral,0.200000000,11,0.212132532,Гип. peripheral; d=3; контр. в/из=1/2; KZT в/из=20000/17500; tx=1/2; роль не определена; баланс неизвестен,3,False,1,20000.000000000,1,2,17500.000000000,2,0.000509413,0.875000000,False,False,2,0,1,2,0.000000000,0.000000000,0.000000000,0.642046710,0.279415313,0.300380966,0.400000000,0.000000000,0.353554221
100000004388209100,peripheral,0.200000000,2,0.162083768,Гип. peripheral; d=1; контр. в/из=1/0; KZT в/из=11800/0; tx=1/0; роль не определена; баланс неизвестен,1,False,1,11800.000000000,1,0,0.000000000,0,0.000286495,0.000000000,False,False,1,1,1,0,0.000000000,0.000000000,0.000000000,0.607842512,0.176291434,0.150190483,0.200000000,0.000000000,0.270139613
100000004388353100,peripheral,0.200000000,12,0.273904107,Гип. peripheral; d=1; контр. в/из=2/0; KZT в/из=62960/0; tx=2/0; роль не определена; баланс неизвестен,1,False,2,62960.000000000,2,0,0.000000000,0,0.000338845,0.000000000,False,False,6,1,2,0,0.000000000,0.000000000,1.000000000,0.716389468,0.279415313,0.238046284,1.000000000,0.000000000,0.456506845
100000004388983100,peripheral,0.200000000,64,0.247427302,Гип. peripheral; d=0; контр. в/из=0/2; KZT в/из=0/450816; tx=0/23; роль не определена; seed: вход неполон; баланс неизвестен,0,True,0,0.000000000,0,2,450816.000000000,23,0.000284037,,False,True,0,0,0,5,0.000000000,0.000000000,0.000000000,0.844010379,0.279415313,0.688617734,0.000000000,0.000000000,0.412378836
100000004390333100,peripheral,0.200000000,1,0.314807061,Гип. peripheral; d=1; контр. в/из=2/9; KZT в/из=64558/506500; tx=2/14; роль не определена; выход>1.2 входа: пропуски/начальный остаток,1,False,2,64558.000000000,2,9,506500.000000000,14,0.000293607,7.845658168,False,True,2,1,2,8,45751.000000000,0.708680566,1.000000000,0.851560797,0.585627469,0.613898019,0.400000000,0.000000000,0.524678436
100000004394765100,peripheral,0.200000000,5,0.301661642,Гип. peripheral; d=1; контр. в/из=3/2; KZT в/из=603844/82500; tx=10/2; роль не определена; баланс неизвестен,1,False,3,603844.000000000,10,2,82500.000000000,2,0.000378107,0.136624691,False,False,3,1,5,2,35500.000000000,0.058790019,0.946211273,0.862957350,0.352582869,0.555770829,0.600000000,0.000000000,0.502769403
100000004398811100,peripheral,0.200000000,3,0.256935297,Гип. peripheral; d=2; контр. в/из=1/3; KZT в/из=426000/1040672; tx=1/4; роль не определена; выход>1.2 входа: пропуски/начальный остаток,2,False,1,426000.000000000,1,3,1040672.000000000,4,0.000347678,2.442892019,False,True,1,0,1,4,0.000000000,0.000000000,0.000000000,0.898244686,0.352582869,0.388236767,0.200000000,0.000000000,0.428225495
100000004399686100,peripheral,0.200000000,23,0.219281205,Гип. peripheral; d=3; контр. в/из=1/0; KZT в/из=806000/0; tx=2/0; роль не определена; баланс неизвестен,3,False,1,806000.000000000,2,0,0.000000000,0,0.000566445,0.000000000,False,False,1,0,1,0,0.000000000,0.000000000,1.000000000,0.881678154,0.176291434,0.238046284,0.200000000,0.000000000,0.365468676
100000004400305100,coordinator,0.600000000,1,0.728000000,Гип. coordinator; d=2; контр. в/из=7/82; KZT в/из=222800/5830181; tx=9/101; seed-пути=2; выход>1.2 входа: пропуски/начальный остаток,2,False,7,222800.000000000,9,82,5830181.000000000,101,0.000383604,26.167778276,False,True,2,0,6,22,222800.000000000,1.000000000,0.959605027,1.000000000,1.000000000,1.000000000,0.400000000,1.000000000,0.910000000
100000004400361100,peripheral,0.200000000,5,0.214152491,Гип. peripheral; d=2; контр. в/из=1/0; KZT в/из=10000/0; tx=1/0; роль не определена; баланс неизвестен,2,False,1,10000.000000000,1,0,0.000000000,0,0.000285682,0.000000000,False,False,4,0,1,0,0.000000000,0.000000000,1.000000000,0.597113194,0.176291434,0.150190483,0.800000000,0.000000000,0.356920818
100000004400480100,peripheral,0.150000000,14,0.162142782,Гип. peripheral; d=4; контр. в/из=1/0; KZT в/из=21700/0; tx=1/0; роль не определена; обрыв d=4; дальнейший выход неизвестен,4,False,1,21700.000000000,1,0,0.000000000,0,0.000481716,,True,False,1,0,1,0,0.000000000,0.000000000,1.000000000,0.647335290,0.176291434,0.150190483,0.200000000,0.000000000,0.281987446
100000004403548100,peripheral,0.150000000,4,0.145728998,Гип. peripheral; d=4; контр. в/из=1/0; KZT в/из=5000/0; tx=1/0; роль не определена; обрыв d=4; дальнейший выход неизвестен,4,False,1,5000.000000000,1,0,0.000000000,0,0.000365793,,True,False,1,0,1,0,0.000000000,0.000000000,1.000000000,0.552182918,0.176291434,0.150190483,0.200000000,0.000000000,0.253441735
100000004403641100,peripheral,0.150000000,14,0.185260998,Гип. peripheral; d=4; контр. в/из=1/0; KZT в/из=171500/0; tx=1/0; роль не определена; обрыв d=4; дальнейший выход неизвестен,4,False,1,171500.000000000,1,0,0.000000000,0,0.000298920,,True,False,1,0,1,0,0.000000000,0.000000000,0.000000000,0.781353937,0.176291434,0.150190483,0.200000000,0.000000000,0.322193041
100000004403675100,peripheral,0.200000000,20,0.307203135,Гип. peripheral; d=1; контр. в/из=4/5; KZT в/из=182980/264699; tx=8/6; роль не определена; выход>1.2 входа: пропуски/начальный остаток,1,False,4,182980.000000000,8,5,264699.000000000,6,0.000734868,1.446600721,False,True,3,2,6,4,53693.000000000,0.293436441,1.000000000,0.809490693,0.455706747,0.586777786,0.600000000,0.000000000,0.512005225
100000004407753100,peripheral,0.200000000,28,0.219137907,Гип. peripheral; d=3; контр. в/из=1/1; KZT в/из=250000/100000; tx=4/1; роль не определена; баланс неизвестен,3,False,1,250000.000000000,4,1,100000.000000000,1,0.000871343,0.400000000,False,False,1,0,3,1,100000.000000000,0.400000000,1.000000000,0.805786811,0.176291434,0.388236767,0.200000000,0.000000000,0.365229845
100000004408683100,terminal,0.480000000,5,0.353141749,Гип. terminal; d=1; контр. в/из=2/0; KZT в/из=112919.68/0; tx=3/0; out/in=0.000; до24.07=100%; остаток неизвестен; гипотеза в окне,1,False,2,112919.680000000,3,0,0.000000000,0,0.000383071,0.000000000,False,False,2,1,3,0,0.000000000,0.000000000,1.000000000,0.754261240,0.279415313,0.300380966,0.400000000,0.450000000,0.477218579
100000004410489100,peripheral,0.200000000,3,0.197830815,Гип. peripheral; d=2; контр. в/из=1/0; KZT в/из=54000/0; tx=1/0; роль не определена; баланс неизвестен,2,False,1,54000.000000000,1,0,0.000000000,0,0.000312496,0.000000000,False,False,2,0,1,0,0.000000000,0.000000000,1.000000000,0.706437219,0.176291434,0.150190483,0.400000000,0.000000000,0.329718025
100000004417753100,peripheral,0.200000000,3,0.232921337,Гип. peripheral; d=3; контр. в/из=2/0; KZT в/из=192099/0; tx=2/0; роль не определена; баланс неизвестен,3,False,2,192099.000000000,2,0,0.000000000,0,0.000390873,0.000000000,False,False,2,0,1,0,0.000000000,0.000000000,0.000000000,0.788707412,0.279415313,0.238046284,0.400000000,0.000000000,0.388202229
100000004418967100,peripheral,0.150000000,10,0.179228691,Гип. peripheral; d=4; контр. в/из=1/0; KZT в/из=100000/0; tx=1/0; роль не определена; обрыв d=4; дальнейший выход неизвестен,4,False,1,100000.000000000,1,0,0.000000000,0,0.000450924,,True,False,1,0,1,0,0.000000000,0.000000000,1.000000000,0.746384037,0.176291434,0.150190483,0.200000000,0.000000000,0.311702071
100000004420041100,peripheral,0.200000000,11,0.287708948,Гип. peripheral; d=3; контр. в/из=1/7; KZT в/из=69638/651830; tx=1/11; роль не определена; выход>1.2 входа: пропуски/начальный остаток,3,False,1,69638.000000000,1,7,651830.000000000,11,0.000298094,9.360263075,False,True,1,0,1,7,0.000000000,0.000000000,0.000000000,0.867914759,0.528874303,0.555770829,0.200000000,0.000000000,0.479514913
100000004424023100,peripheral,0.200000000,7,0.266928264,Гип. peripheral; d=2; контр. в/из=1/1; KZT в/из=50000/100000; tx=1/1; роль не определена; выход>1.2 входа: пропуски/начальный остаток,2,False,1,50000.000000000,1,1,100000.000000000,1,0.000965042,2.000000000,False,True,5,0,1,1,0.000000000,0.000000000,1.000000000,0.746384037,0.176291434,0.238046284,1.000000000,0.000000000,0.444880441
100000004433250100,peripheral,0.150000000,1,0.168234295,Гип. peripheral; d=4; контр. в/из=1/0; KZT в/из=8000/0; tx=1/0; роль не определена; обрыв d=4; дальнейший выход неизвестен,4,False,1,8000.000000000,1,0,0.000000000,0,0.000304901,,True,False,2,0,1,0,0.000000000,0.000000000,0.000000000,0.582648410,0.176291434,0.150190483,0.400000000,0.000000000,0.292581382
100000004435304100,peripheral,0.200000000,2,0.171391442,Гип. peripheral; d=2; контр. в/из=1/0; KZT в/из=26200/0; tx=1/0; роль не определена; баланс неизвестен,2,False,1,26200.000000000,1,0,0.000000000,0,0.000292869,0.000000000,False,False,1,0,1,0,0.000000000,0.000000000,0.000000000,0.659551813,0.176291434,0.150190483,0.200000000,0.000000000,0.285652403
100000004441291100,peripheral,0.200000000,3,0.222240523,Гип. peripheral; d=2; контр. в/из=1/0; KZT в/из=20000/0; tx=1/0; роль не определена; баланс неизвестен,2,False,1,20000.000000000,1,0,0.000000000,0,0.000545534,0.000000000,False,False,4,0,1,0,0.000000000,0.000000000,1.000000000,0.642046710,0.176291434,0.150190483,0.800000000,0.000000000,0.370400872
100000004445291100,peripheral,0.200000000,25,0.175852117,Гип. peripheral; d=3; контр. в/из=1/0; KZT в/из=19500/0; tx=2/0; роль не определена; баланс неизвестен,3,False,1,19500.000000000,2,0,0.000000000,0,0.000317447,0.000000000,False,False,1,0,2,0,0.000000000,0.000000000,1.000000000,0.640405439,0.176291434,0.238046284,0.200000000,0.000000000,0.293086861
100000004449824100,peripheral,0.150000000,8,0.152301329,Гип. peripheral; d=4; контр. в/из=1/0; KZT в/из=9000/0; tx=1/0; роль не определена; обрыв d=4; дальнейший выход неизвестен,4,False,1,9000.000000000,1,0,0.000000000,0,0.000288822,,True,False,1,0,1,0,0.000000000,0.000000000,0.000000000,0.590283388,0.176291434,0.150190483,0.200000000,0.000000000,0.264871876
100000004450649100,peripheral,0.200000000,6,0.260909038,Гип. peripheral; d=3; контр. в/из=2/2; KZT в/из=192528/46527; tx=2/2; роль не определена; баланс неизвестен,3,False,2,192528.000000000,2,2,46527.000000000,2,0.000297323,0.241663550,False,False,3,0,2,2,5227.000000000,0.027149298,0.732205186,0.788852030,0.279415313,0.348731503,0.600000000,0.000000000,0.434848397
100000004451012100,peripheral,0.200000000,19,0.224975743,Гип. peripheral; d=3; контр. в/из=1/3; KZT в/из=91245/65740; tx=1/3; роль не определена; баланс неизвестен,3,False,1,91245.000000000,1,3,65740.000000000,3,0.000299531,0.720477834,False,False,1,0,1,1,0.000000000,0.000000000,0.000000000,0.740444243,0.352582869,0.348731503,0.200000000,0.000000000,0.374959572
100000004456564100,peripheral,0.200000000,15,0.204059513,Гип. peripheral; d=2; контр. в/из=1/0; KZT в/из=10000/0; tx=2/0; роль не определена; баланс неизвестен,2,False,1,10000.000000000,2,0,0.000000000,0,0.000389897,0.000000000,False,False,3,0,2,0,0.000000000,0.000000000,0.500000000,0.597113194,0.176291434,0.238046284,0.600000000,0.000000000,0.340099188
100000004463277100,peripheral,0.200000000,29,0.174770658,Гип. peripheral; d=2; контр. в/из=1/0; KZT в/из=35000/0; tx=1/0; роль не определена; баланс неизвестен,2,False,1,35000.000000000,1,0,0.000000000,0,0.000687087,0.000000000,False,False,1,0,1,0,0.000000000,0.000000000,1.000000000,0.678325234,0.176291434,0.150190483,0.200000000,0.000000000,0.291284429
100000004467157100,peripheral,0.200000000,33,0.186109215,Гип. peripheral; d=2; контр. в/из=1/1; KZT в/из=20000/7000; tx=3/1; роль не определена; баланс неизвестен,2,False,1,20000.000000000,3,1,7000.000000000,1,0.000384182,0.350000000,False,False,1,0,3,1,0.000000000,0.000000000,0.250000000,0.642046710,0.176291434,0.348731503,0.200000000,0.000000000,0.310182025
100000004472936100,peripheral,0.150000000,13,0.162978998,Гип. peripheral; d=4; контр. в/из=1/0; KZT в/из=5000/0; tx=1/0; роль не определена; обрыв d=4; дальнейший выход неизвестен,4,False,1,5000.000000000,1,0,0.000000000,0,0.000528748,,True,False,2,0,1,0,0.000000000,0.000000000,1.000000000,0.552182918,0.176291434,0.150190483,0.400000000,0.000000000,0.283441735
100000004475818100,peripheral,0.200000000,6,0.218852102,Гип. peripheral; d=3; контр. в/из=1/3; KZT в/из=13000/53989; tx=1/3; роль не определена; выход>1.2 входа: пропуски/начальный остаток,3,False,1,13000.000000000,1,3,53989.000000000,3,0.000308107,4.153000000,False,True,1,0,1,2,13000.000000000,1.000000000,0.000000000,0.706424012,0.352582869,0.348731503,0.200000000,0.000000000,0.364753503
100000004479404100,peripheral,0.200000000,43,0.282179425,Гип. peripheral; d=2; контр. в/из=2/1; KZT в/из=1492000/300000; tx=8/2; роль не определена; баланс неизвестен,2,False,2,1492000.000000000,8,1,300000.000000000,2,0.000859738,0.201072386,False,False,2,0,6,2,0.000000000,0.000000000,1.000000000,0.921599743,0.279415313,0.519573706,0.400000000,0.000000000,0.470299041
100000004480280100,peripheral,0.200000000,3,0.295384818,Гип. peripheral; d=1; контр. в/из=1/2; KZT в/из=146694/295850; tx=1/7; роль не определена; выход>1.2 входа: пропуски/начальный остаток,1,False,1,146694.000000000,1,2,295850.000000000,7,0.000313173,2.016783236,False,True,4,1,1,6,71000.000000000,0.484000709,1.000000000,0.816703608,0.279415313,0.476092568,0.800000000,0.000000000,0.492308030
100000004486525100,consolidator,0.770000000,1,0.641858108,Гип. consolidator; d=2; контр. в/из=8/2; KZT в/из=360924/271045; tx=21/3; seed-вход=0; баланс неизвестен,2,False,8,360924.000000000,21,2,271045.000000000,3,0.000800809,0.750975275,False,False,3,0,5,2,87700.000000000,0.242987443,1.000000000,0.829592742,0.558830625,0.697463005,0.600000000,0.850000000,0.725263398
100000004488265100,peripheral,0.200000000,4,0.175955357,Гип. peripheral; d=3; контр. в/из=1/0; KZT в/из=38740/0; tx=1/0; роль не определена; баланс неизвестен,3,False,1,38740.000000000,1,0,0.000000000,0,0.000291857,0.000000000,False,False,1,0,1,0,0.000000000,0.000000000,1.000000000,0.684906898,0.176291434,0.150190483,0.200000000,0.000000000,0.293258929
100000004491749100,peripheral,0.200000000,7,0.178932743,Гип. peripheral; d=3; контр. в/из=1/0; KZT в/из=50000/0; tx=1/0; роль не определена; баланс неизвестен,3,False,1,50000.000000000,1,0,0.000000000,0,0.000348835,0.000000000,False,False,1,0,1,0,0.000000000,0.000000000,0.000000000,0.701447928,0.176291434,0.150190483,0.200000000,0.000000000,0.298221238
100000004491881100,peripheral,0.200000000,2,0.166442552,Гип. peripheral; d=1; контр. в/из=1/0; KZT в/из=17144/0; tx=1/0; роль не определена; баланс неизвестен,1,False,1,17144.000000000,1,0,0.000000000,0,0.000287609,0.000000000,False,False,1,1,1,0,0.000000000,0.000000000,1.000000000,0.632057978,0.176291434,0.150190483,0.200000000,0.000000000,0.277404253
100000004493586100,peripheral,0.200000000,1,0.156795800,Гип. peripheral; d=3; контр. в/из=1/0; KZT в/из=7500/0; tx=1/0; роль не определена; баланс неизвестен,3,False,1,7500.000000000,1,0,0.000000000,0,0.000287085,0.000000000,False,False,1,0,1,0,0.000000000,0.000000000,1.000000000,0.578464915,0.176291434,0.150190483,0.200000000,0.000000000,0.261326334
100000004494983100,peripheral,0.200000000,2,0.174770658,Гип. peripheral; d=1; контр. в/из=1/0; KZT в/из=35000/0; tx=1/0; роль не определена; баланс неизвестен,1,False,1,35000.000000000,1,0,0.000000000,0,0.000291328,0.000000000,False,False,1,1,1,0,0.000000000,0.000000000,1.000000000,0.678325234,0.176291434,0.150190483,0.200000000,0.000000000,0.291284429
100000004497606100,peripheral,0.200000000,2,0.165291819,Гип. peripheral; d=1; контр. в/из=1/0; KZT в/из=15534/0; tx=1/0; роль не определена; баланс неизвестен,1,False,1,15534.000000000,1,0,0.000000000,0,0.000287273,0.000000000,False,False,1,1,1,0,0.000000000,0.000000000,1.000000000,0.625665020,0.176291434,0.150190483,0.200000000,0.000000000,0.275486365
100000004500444100,peripheral,0.200000000,15,0.242757409,Гип. peripheral; d=3; контр. в/из=2/1; KZT в/из=180000/74000; tx=7/5; роль не определена; баланс неизвестен,3,False,2,180000.000000000,7,1,74000.000000000,5,0.000461934,0.411111111,False,False,1,0,6,3,31000.000000000,0.172222222,1.000000000,0.784489981,0.279415313,0.555770829,0.200000000,0.000000000,0.404595681
100000004500781100,peripheral,0.150000000,15,0.196392909,Гип. peripheral; d=4; контр. в/из=1/0; KZT в/из=74000/0; tx=5/0; роль не определена; обрыв d=4; дальнейший выход неизвестен,4,False,1,74000.000000000,5,0,0.000000000,0,0.000676681,,True,False,1,0,3,0,0.000000000,0.000000000,1.000000000,0.726863611,0.176291434,0.388236767,0.200000000,0.000000000,0.341552885
100000004502048100,peripheral,0.150000000,19,0.157152162,Гип. peripheral; d=4; контр. в/из=1/0; KZT в/из=13888/0; tx=1/0; роль не определена; обрыв d=4; дальнейший выход неизвестен,4,False,1,13888.000000000,1,0,0.000000000,0,0.000337823,,True,False,1,0,1,0,0.000000000,0.000000000,1.000000000,0.618404161,0.176291434,0.150190483,0.200000000,0.000000000,0.273308108
100000004508696100,peripheral,0.200000000,37,0.230818188,Гип. peripheral; d=3; контр. в/из=1/3; KZT в/из=7000/111000; tx=1/4; роль не определена; выход>1.2 входа: пропуски/начальный остаток,3,False,1,7000.000000000,1,3,111000.000000000,4,0.000420007,15.857142857,False,True,1,0,1,3,7000.000000000,1.000000000,1.000000000,0.753149637,0.352582869,0.388236767,0.200000000,0.000000000,0.384696980
100000004509286100,peripheral,0.200000000,3,0.230328848,Гип. peripheral; d=1; контр. в/из=1/0; KZT в/из=40000/0; tx=1/0; роль не определена; баланс неизвестен,1,False,1,40000.000000000,1,0,0.000000000,0,0.000291982,0.000000000,False,False,4,1,1,0,0.000000000,0.000000000,1.000000000,0.686981847,0.176291434,0.150190483,0.800000000,0.000000000,0.383881414
100000004526651100,peripheral,0.150000000,9,0.184080542,Гип. peripheral; d=4; контр. в/из=1/0; KZT в/из=33000/0; tx=1/0; роль не определена; обрыв d=4; дальнейший выход неизвестен,4,False,1,33000.000000000,1,0,0.000000000,0,0.000288349,,True,False,2,0,1,0,0.000000000,0.000000000,1.000000000,0.674510714,0.176291434,0.150190483,0.400000000,0.000000000,0.320140074
100000004527381100,peripheral,0.200000000,16,0.206684758,Гип. peripheral; d=2; контр. в/из=1/1; KZT в/из=119333.17/273866.11; tx=1/1; роль не определена; выход>1.2 входа: пропуски/начальный остаток,2,False,1,119333.170000000,1,1,273866.110000000,1,0.000373375,2.294970543,False,True,1,0,1,1,0.000000000,0.000000000,0.000000000,0.811697889,0.176291434,0.238046284,0.200000000,0.000000000,0.344474596
100000004539443100,peripheral,0.200000000,3,0.219722925,Гип. peripheral; d=3; контр. в/из=2/0; KZT в/из=61990/0; tx=2/0; роль не определена; баланс неизвестен,3,False,2,61990.000000000,2,0,0.000000000,0,0.000949823,0.000000000,False,False,2,0,1,0,0.000000000,0.000000000,1.000000000,0.715382899,0.279415313,0.238046284,0.400000000,0.000000000,0.366204875
100000004544958100,peripheral,0.200000000,12,0.280874242,Гип. peripheral; d=2; контр. в/из=1/2; KZT в/из=168000/23200; tx=3/2; роль не определена; баланс неизвестен,2,False,1,168000.000000000,3,2,23200.000000000,2,0.001208899,0.138095238,False,False,4,0,2,2,5200.000000000,0.030952381,1.000000000,0.780017196,0.279415313,0.388236767,0.800000000,0.000000000,0.468123736
100000004549591100,peripheral,0.150000000,37,0.171251286,Гип. peripheral; d=4; контр. в/из=1/0; KZT в/из=49000/0; tx=1/0; роль не определена; обрыв d=4; дальнейший выход неизвестен,4,False,1,49000.000000000,1,0,0.000000000,0,0.000441634,,True,False,1,0,1,0,0.000000000,0.000000000,1.000000000,0.700138212,0.176291434,0.150190483,0.200000000,0.000000000,0.297828323
100000004552204100,peripheral,0.200000000,32,0.199858474,Гип. peripheral; d=3; контр. в/из=1/2; KZT в/из=22500/10000; tx=2/2; роль не определена; баланс неизвестен,3,False,1,22500.000000000,2,2,10000.000000000,2,0.000857638,0.444444444,False,False,1,0,2,2,0.000000000,0.000000000,0.688888889,0.649682229,0.279415313,0.348731503,0.200000000,0.000000000,0.333097457
100000004553349100,peripheral,0.200000000,6,0.157185913,Гип. peripheral; d=3; контр. в/из=1/0; KZT в/из=7755/0; tx=1/0; роль не определена; баланс неизвестен,3,False,1,7755.000000000,1,0,0.000000000,0,0.000298396,0.000000000,False,False,1,0,1,0,0.000000000,0.000000000,1.000000000,0.580632209,0.176291434,0.150190483,0.200000000,0.000000000,0.261976522
100000004559194100,terminal,0.510000000,5,0.371907395,Гип. terminal; d=1; контр. в/из=1/0; KZT в/из=282145/0; tx=6/0; out/in=0.000; до24.07=100%; остаток неизвестен; гипотеза в окне,1,False,1,282145.000000000,6,0,0.000000000,0,0.000314173,0.000000000,False,False,2,1,5,0,0.000000000,0.000000000,1.000000000,0.813628636,0.176291434,0.421637992,0.400000000,0.450000000,0.492592577
100000004564736100,peripheral,0.200000000,22,0.190790661,Гип. peripheral; d=3; контр. в/из=1/0; KZT в/из=15000/0; tx=2/0; роль не определена; баланс неизвестен,3,False,1,15000.000000000,2,0,0.000000000,0,0.000374787,0.000000000,False,False,2,0,2,0,0.000000000,0.000000000,1.000000000,0.623397351,0.176291434,0.238046284,0.400000000,0.000000000,0.317984435
100000004569484100,peripheral,0.200000000,8,0.265210059,Гип. peripheral; d=3; контр. в/из=2/4; KZT в/из=98312/156000; tx=3/4; роль не определена; выход>1.2 входа: пропуски/начальный остаток,3,False,2,98312.000000000,3,4,156000.000000000,4,0.000317631,1.586784930,False,True,2,0,3,3,0.000000000,0.000000000,0.331668565,0.775212803,0.409336034,0.450571450,0.400000000,0.000000000,0.442016765
100000004569637100,peripheral,0.150000000,4,0.146794665,Гип. peripheral; d=4; контр. в/из=1/0; KZT в/из=5500/0; tx=1/0; роль не определена; обрыв d=4; дальнейший выход неизвестен,4,False,1,5500.000000000,1,0,0.000000000,0,0.000549807,,True,False,1,0,1,0,0.000000000,0.000000000,0.000000000,0.558360702,0.176291434,0.150190483,0.200000000,0.000000000,0.255295070
100000004571634100,peripheral,0.150000000,12,0.161230502,Гип. peripheral; d=4; контр. в/из=1/0; KZT в/из=20000/0; tx=1/0; роль не определена; обрыв d=4; дальнейший выход неизвестен,4,False,1,20000.000000000,1,0,0.000000000,0,0.000371999,,True,False,1,0,1,0,0.000000000,0.000000000,1.000000000,0.642046710,0.176291434,0.150190483,0.200000000,0.000000000,0.280400872
100000004573782100,peripheral,0.200000000,7,0.164883639,Гип. peripheral; d=2; контр. в/из=1/0; KZT в/из=15000/0; tx=1/0; роль не определена; баланс неизвестен,2,False,1,15000.000000000,1,0,0.000000000,0,0.000308176,0.000000000,False,False,1,0,1,0,0.000000000,0.000000000,0.000000000,0.623397351,0.176291434,0.150190483,0.200000000,0.000000000,0.274806065
100000004580202100,peripheral,0.200000000,22,0.238282412,Гип. peripheral; d=2; контр. в/из=1/3; KZT в/из=9000/45000; tx=1/4; роль не определена; выход>1.2 входа: пропуски/начальный остаток,2,False,1,9000.000000000,1,3,45000.000000000,4,0.000320294,5.000000000,False,True,2,0,1,3,5000.000000000,0.555555556,1.000000000,0.694617546,0.352582869,0.388236767,0.400000000,0.000000000,0.397137353
100000004580254100,peripheral,0.200000000,17,0.192423644,Гип. peripheral; d=3; контр. в/из=2/0; KZT в/из=27940/0; tx=2/0; роль не определена; баланс неизвестен,3,False,2,27940.000000000,2,0,0.000000000,0,0.000310560,0.000000000,False,False,1,0,2,0,0.000000000,0.000000000,1.000000000,0.663720226,0.279415313,0.238046284,0.200000000,0.000000000,0.320706073
100000004584730100,peripheral,0.150000000,43,0.170785262,Гип. peripheral; d=4; контр. в/из=1/0; KZT в/из=47000/0; tx=1/0; роль не определена; обрыв d=4; дальнейший выход неизвестен,4,False,1,47000.000000000,1,0,0.000000000,0,0.000302136,,True,False,1,0,1,0,0.000000000,0.000000000,0.000000000,0.697436626,0.176291434,0.150190483,0.200000000,0.000000000,0.297017847
100000004586598100,peripheral,0.150000000,66,0.219052358,Гип. peripheral; d=4; контр. в/из=1/0; KZT в/из=761255/0; tx=4/0; роль не определена; обрыв d=4; дальнейший выход неизвестен,4,False,1,761255.000000000,4,0,0.000000000,0,0.000536054,,True,False,1,0,4,0,0.000000000,0.000000000,0.947455189,0.877975368,0.176291434,0.348731503,0.200000000,0.000000000,0.380960623
100000004587414100,peripheral,0.200000000,6,0.262843246,Гип. peripheral; d=3; контр. в/из=2/0; KZT в/из=533603/0; tx=2/0; роль не определена; баланс неизвестен,3,False,2,533603.000000000,2,0,0.000000000,0,0.000313110,0.000000000,False,False,3,0,2,0,0.000000000,0.000000000,1.000000000,0.854940237,0.279415313,0.238046284,0.600000000,0.000000000,0.438072076
100000004588479100,peripheral,0.200000000,5,0.219632864,Гип. peripheral; d=1; контр. в/из=1/0; KZT в/из=177633/0; tx=2/0; роль не определена; баланс неизвестен,1,False,1,177633.000000000,2,0,0.000000000,0,0.000303010,0.000000000,False,False,2,1,2,0,0.000000000,0.000000000,1.000000000,0.783631816,0.176291434,0.238046284,0.400000000,0.000000000,0.366054774
100000004591973100,peripheral,0.200000000,11,0.212928264,Гип. peripheral; d=3; контр. в/из=1/1; KZT в/из=10000/100000; tx=1/1; роль не определена; выход>1.2 входа: пропуски/начальный остаток,3,False,1,10000.000000000,1,1,100000.000000000,1,0.000396725,10.000000000,False,True,2,0,1,1,0.000000000,0.000000000,0.000000000,0.746384037,0.176291434,0.238046284,0.400000000,0.000000000,0.354880441
100000004592467100,peripheral,0.200000000,3,0.155990806,Гип. peripheral; d=2; контр. в/из=1/0; KZT в/из=7000/0; tx=1/0; роль не определена; баланс неизвестен,2,False,1,7000.000000000,1,0,0.000000000,0,0.000285083,0.000000000,False,False,1,0,1,0,0.000000000,0.000000000,0.000000000,0.573992722,0.176291434,0.150190483,0.200000000,0.000000000,0.259984676
100000004596284100,peripheral,0.150000000,5,0.165764705,Гип. peripheral; d=4; контр. в/из=1/0; KZT в/из=30000/0; tx=1/0; роль не определена; обрыв d=4; дальнейший выход неизвестен,4,False,1,30000.000000000,1,0,0.000000000,0,0.000587801,,True,False,1,0,1,0,0.000000000,0.000000000,1.000000000,0.668331948,0.176291434,0.150190483,0.200000000,0.000000000,0.288286444
100000004601193100,peripheral,0.150000000,12,0.190232815,Гип. peripheral; d=4; контр. в/из=1/0; KZT в/из=84000/0; tx=3/0; роль не определена; обрыв d=4; дальнейший выход неизвестен,4,False,1,84000.000000000,3,0,0.000000000,0,0.000599632,,True,False,1,0,3,0,0.000000000,0.000000000,0.130952381,0.735080824,0.176291434,0.300380966,0.200000000,0.000000000,0.330839679
100000004603109100,peripheral,0.200000000,23,0.298009998,Гип. peripheral; d=3; контр. в/из=3/2; KZT в/из=2730000/400000; tx=8/2; роль не определена; баланс неизвестен,3,False,3,2730000.000000000,8,2,400000.000000000,2,0.003368436,0.146520147,False,False,2,0,6,2,100000.000000000,0.036630037,1.000000000,0.960769002,0.352582869,0.519573706,0.400000000,0.000000000,0.496683330
100000004610802100,peripheral,0.150000000,59,0.231139074,Гип. peripheral; d=4; контр. в/из=1/0; KZT в/из=241000/0; tx=18/0; роль не определена; обрыв d=4; дальнейший выход неизвестен,4,False,1,241000.000000000,18,0,0.000000000,0,0.000471160,,True,False,1,0,14,0,0.000000000,0.000000000,0.792531120,0.803409893,0.176291434,0.637998286,0.200000000,0.000000000,0.401980998
100000004611571100,peripheral,0.200000000,1,0.187640819,Гип. peripheral; d=3; контр. в/из=1/0; KZT в/из=22550/0; tx=1/0; роль не определена; баланс неизвестен,3,False,1,22550.000000000,1,0,0.000000000,0,0.000285298,0.000000000,False,False,2,0,1,0,0.000000000,0.000000000,1.000000000,0.649826129,0.176291434,0.150190483,0.400000000,0.000000000,0.312734698
100000004613582100,peripheral,0.200000000,7,0.167461012,Гип. peripheral; d=3; контр. в/из=1/1; KZT в/из=5000/9500; tx=1/1; роль не определена; выход>1.2 входа: пропуски/начальный остаток,3,False,1,5000.000000000,1,1,9500.000000000,1,0.000550091,1.900000000,False,True,1,0,1,1,0.000000000,0.000000000,1.000000000,0.593788189,0.176291434,0.238046284,0.200000000,0.000000000,0.279101686
100000004616845100,peripheral,0.150000000,57,0.168919335,Гип. peripheral; d=4; контр. в/из=1/0; KZT в/из=20200/0; tx=2/0; роль не определена; обрыв d=4; дальнейший выход неизвестен,4,False,1,20200.000000000,2,0,0.000000000,0,0.000287265,,True,False,1,0,2,0,0.000000000,0.000000000,0.000000000,0.642691759,0.176291434,0.238046284,0.200000000,0.000000000,0.293772757
100000004622227100,peripheral,0.200000000,1,0.209835773,Гип. peripheral; d=1; контр. в/из=1/3; KZT в/из=24931/19000; tx=1/3; роль не определена; баланс неизвестен,1,False,1,24931.000000000,1,3,19000.000000000,3,0.000288679,0.762103405,False,False,1,1,1,2,0.000000000,0.000000000,1.000000000,0.656333296,0.352582869,0.348731503,0.200000000,0.000000000,0.349726288
100000004629688100,peripheral,0.200000000,16,0.214400782,Гип. peripheral; d=3; контр. в/из=1/1; KZT в/из=5000/15000; tx=1/2; роль не определена; выход>1.2 входа: пропуски/начальный остаток,3,False,1,5000.000000000,1,1,15000.000000000,2,0.000385424,3.000000000,False,True,3,0,1,2,0.000000000,0.000000000,1.000000000,0.623397351,0.176291434,0.300380966,0.600000000,0.000000000,0.357334637
100000004634420100,peripheral,0.200000000,2,0.171369152,Гип. peripheral; d=3; контр. в/из=1/0; KZT в/из=26150/0; tx=1/0; роль не определена; баланс неизвестен,3,False,1,26150.000000000,1,0,0.000000000,0,0.000288089,0.000000000,False,False,1,0,1,0,0.000000000,0.000000000,1.000000000,0.659427978,0.176291434,0.150190483,0.200000000,0.000000000,0.285615253
100000004635886100,peripheral,0.200000000,5,0.187871386,Гип. peripheral; d=3; контр. в/из=1/0; KZT в/из=23000/0; tx=1/0; роль не определена; баланс неизвестен,3,False,1,23000.000000000,1,0,0.000000000,0,0.000290881,0.000000000,False,False,2,0,1,0,0.000000000,0.000000000,1.000000000,0.651107060,0.176291434,0.150190483,0.400000000,0.000000000,0.313118977
100000004644615100,peripheral,0.200000000,8,0.255515831,Гип. peripheral; d=3; контр. в/из=1/2; KZT в/из=50810/379665; tx=1/14; роль не определена; выход>1.2 входа: пропуски/начальный остаток,3,False,1,50810.000000000,1,2,379665.000000000,14,0.000372249,7.472249557,False,True,1,0,1,12,0.000000000,0.000000000,1.000000000,0.832874551,0.279415313,0.600761933,0.200000000,0.000000000,0.425859718
100000004652395100,peripheral,0.150000000,1,0.254703282,Гип. peripheral; d=4; контр. в/из=3/0; KZT в/из=101528/0; tx=5/0; роль не определена; обрыв d=4; дальнейший выход неизвестен,4,False,3,101528.000000000,5,0,0.000000000,0,0.000333836,,True,False,3,0,1,0,0.000000000,0.000000000,1.000000000,0.747367139,0.352582869,0.388236767,0.600000000,0.000000000,0.442962230
100000004655046100,peripheral,0.150000000,8,0.163269344,Гип. peripheral; d=4; контр. в/из=1/0; KZT в/из=24000/0; tx=1/0; роль не определена; обрыв d=4; дальнейший выход неизвестен,4,False,1,24000.000000000,1,0,0.000000000,0,0.000554151,,True,False,1,0,1,0,0.000000000,0.000000000,0.000000000,0.653866083,0.176291434,0.150190483,0.200000000,0.000000000,0.283946684
100000004657034100,peripheral,0.200000000,6,0.227051368,Гип. peripheral; d=3; контр. в/из=1/0; KZT в/из=141250/0; tx=1/0; роль не определена; баланс неизвестен,3,False,1,141250.000000000,1,0,0.000000000,0,0.000288577,0.000000000,False,False,3,0,1,0,0.000000000,0.000000000,1.000000000,0.768773627,0.176291434,0.150190483,0.600000000,0.000000000,0.378418947
100000004659919100,peripheral,0.200000000,49,0.219650588,Гип. peripheral; d=3; контр. в/из=1/1; KZT в/из=110000/39000; tx=2/1; роль не определена; баланс неизвестен,3,False,1,110000.000000000,2,1,39000.000000000,1,0.000720223,0.354545455,False,False,2,0,2,1,0.000000000,0.000000000,1.000000000,0.752562941,0.176291434,0.300380966,0.400000000,0.000000000,0.366084314
100000004662806100,peripheral,0.200000000,11,0.239564455,Гип. peripheral; d=1; контр. в/из=2/2; KZT в/из=106585/59900; tx=2/3; роль не определена; баланс неизвестен,1,False,2,106585.000000000,2,2,59900.000000000,3,0.000303785,0.561992776,False,False,2,1,2,2,58905.000000000,0.552657503,1.000000000,0.750518378,0.279415313,0.388236767,0.400000000,0.000000000,0.399274091
100000004664515100,peripheral,0.200000000,1,0.175635025,Гип. peripheral; d=1; контр. в/из=1/0; KZT в/из=37691/0; tx=1/0; роль не определена; баланс неизвестен,1,False,1,37691.000000000,1,0,0.000000000,0,0.000291055,0.000000000,False,False,1,1,1,0,0.000000000,0.000000000,1.000000000,0.683127275,0.176291434,0.150190483,0.200000000,0.000000000,0.292725042
100000004664905100,terminal,0.490000000,5,0.376426621,Гип. terminal; d=1; контр. в/из=2/0; KZT в/из=329020/0; tx=4/0; out/in=0.000; до24.07=100%; остаток неизвестен; гипотеза в окне,1,False,2,329020.000000000,4,0,0.000000000,0,0.000409394,0.000000000,False,False,2,1,4,0,0.000000000,0.000000000,1.000000000,0.823592812,0.279415313,0.348731503,0.400000000,0.450000000,0.505270632
100000004666651100,peripheral,0.200000000,65,0.258021953,Гип. peripheral; d=2; контр. в/из=1/0; KZT в/из=429250/0; tx=1/0; роль не определена; баланс неизвестен,2,False,1,429250.000000000,1,0,0.000000000,0,0.000454866,0.000000000,False,False,4,0,1,0,0.000000000,0.000000000,0.000000000,0.840832432,0.176291434,0.150190483,0.800000000,0.000000000,0.430036589
100000004670388100,peripheral,0.200000000,48,0.243856527,Гип. peripheral; d=3; контр. в/из=1/2; KZT в/из=160354/720000; tx=1/4; роль не определена; выход>1.2 входа: пропуски/начальный остаток,3,False,1,160354.000000000,1,2,720000.000000000,4,0.000510666,4.490065730,False,True,1,0,1,3,0.000000000,0.000000000,1.000000000,0.874363226,0.279415313,0.388236767,0.200000000,0.000000000,0.406427545
100000004671609100,peripheral,0.200000000,14,0.187021242,Гип. peripheral; d=3; контр. в/из=1/0; KZT в/из=100000/0; tx=1/0; роль не определена; баланс неизвестен,3,False,1,100000.000000000,1,0,0.000000000,0,0.000298611,0.000000000,False,False,1,0,1,0,0.000000000,0.000000000,0.000000000,0.746384037,0.176291434,0.150190483,0.200000000,0.000000000,0.311702071
100000004673335100,peripheral,0.150000000,30,0.176733264,Гип. peripheral; d=4; контр. в/из=1/0; KZT в/из=80000/0; tx=1/0; роль не определена; обрыв d=4; дальнейший выход неизвестен,4,False,1,80000.000000000,1,0,0.000000000,0,0.000490433,,True,False,1,0,1,0,0.000000000,0.000000000,1.000000000,0.731917795,0.176291434,0.150190483,0.200000000,0.000000000,0.307362198
100000004674178100,peripheral,0.150000000,25,0.161230502,Гип. peripheral; d=4; контр. в/из=1/0; KZT в/из=20000/0; tx=1/0; роль не определена; обрыв d=4; дальнейший выход неизвестен,4,False,1,20000.000000000,1,0,0.000000000,0,0.000301097,,True,False,1,0,1,0,0.000000000,0.000000000,1.000000000,0.642046710,0.176291434,0.150190483,0.200000000,0.000000000,0.280400872
100000004674389100,peripheral,0.150000000,12,0.158013487,Гип. peripheral; d=4; контр. в/из=1/0; KZT в/из=15000/0; tx=1/0; роль не определена; обрыв d=4; дальнейший выход неизвестен,4,False,1,15000.000000000,1,0,0.000000000,0,0.000350009,,True,False,1,0,1,0,0.000000000,0.000000000,1.000000000,0.623397351,0.176291434,0.150190483,0.200000000,0.000000000,0.274806065
100000004674412100,peripheral,0.150000000,12,0.170544759,Гип. peripheral; d=4; контр. в/из=1/0; KZT в/из=46000/0; tx=1/0; роль не определена; обрыв d=4; дальнейший выход неизвестен,4,False,1,46000.000000000,1,0,0.000000000,0,0.000486350,,True,False,1,0,1,0,0.000000000,0.000000000,0.000000000,0.696042408,0.176291434,0.150190483,0.200000000,0.000000000,0.296599582
100000004674799100,terminal,0.500000000,1,0.377964757,Гип. terminal; d=2; контр. в/из=1/0; KZT в/из=140000/0; tx=5/0; out/in=0.000; до24.07=100%; остаток неизвестен; гипотеза в окне,2,False,1,140000.000000000,5,0,0.000000000,0,0.000783516,0.000000000,False,False,3,0,3,0,0.000000000,0.000000000,1.000000000,0.768197360,0.176291434,0.388236767,0.600000000,0.450000000,0.503953010
100000004676985100,peripheral,0.200000000,1,0.199726418,Гип. peripheral; d=3; контр. в/из=1/1; KZT в/из=32260/27102; tx=1/1; роль не определена; баланс неизвестен,3,False,1,32260.000000000,1,1,27102.000000000,1,0.000285841,0.840111593,False,False,2,0,1,1,0.000000000,0.000000000,1.000000000,0.673040447,0.176291434,0.238046284,0.400000000,0.000000000,0.332877364
100000004677680100,peripheral,0.200000000,12,0.298874242,Гип. peripheral; d=1; контр. в/из=2/1; KZT в/из=63000/168000; tx=2/3; роль не определена; выход>1.2 входа: пропуски/начальный остаток,1,False,2,63000.000000000,2,1,168000.000000000,3,0.001088072,2.666666667,False,True,5,1,2,2,18000.000000000,0.285714286,1.000000000,0.780017196,0.279415313,0.388236767,1.000000000,0.000000000,0.498123736
100000004679953100,terminal,0.480000000,4,0.393443131,Гип. terminal; d=1; контр. в/из=3/3; KZT в/из=343538/34100; tx=3/3; out/in=0.099; до24.07=100%; остаток неизвестен; гипотеза в окне,1,False,3,343538.000000000,3,3,34100.000000000,3,0.000332359,0.099261217,False,False,2,1,2,3,21300.000000000,0.062001875,1.000000000,0.826392113,0.352582869,0.421637992,0.400000000,0.450000000,0.531679906
100000004687099100,peripheral,0.200000000,7,0.172971866,Гип. peripheral; d=2; контр. в/из=1/0; KZT в/из=30000/0; tx=1/0; роль не определена; баланс неизвестен,2,False,1,30000.000000000,1,0,0.000000000,0,0.000332316,0.000000000,False,False,1,0,1,0,0.000000000,0.000000000,1.000000000,0.668331948,0.176291434,0.150190483,0.200000000,0.000000000,0.288286444
100000004687282100,peripheral,0.200000000,5,0.168240523,Гип. peripheral; d=2; контр. в/из=1/0; KZT в/из=20000/0; tx=1/0; роль не определена; баланс неизвестен,2,False,1,20000.000000000,1,0,0.000000000,0,0.000330391,0.000000000,False,False,1,0,1,0,0.000000000,0.000000000,1.000000000,0.642046710,0.176291434,0.150190483,0.200000000,0.000000000,0.280400872
100000004689658100,peripheral,0.200000000,4,0.212636987,Гип. peripheral; d=3; контр. в/из=1/1; KZT в/из=456100/7092; tx=1/1; роль не определена; баланс неизвестен,3,False,1,456100.000000000,1,1,7092.000000000,1,0.000384007,0.015549222,False,False,1,0,1,1,0.000000000,0.000000000,1.000000000,0.844765829,0.176291434,0.238046284,0.200000000,0.000000000,0.354394978
100000004691350100,peripheral,0.150000000,48,0.156668400,Гип. peripheral; d=4; контр. в/из=1/0; KZT в/из=13300/0; tx=1/0; роль не определена; обрыв d=4; дальнейший выход неизвестен,4,False,1,13300.000000000,1,0,0.000000000,0,0.000880455,,True,False,1,0,1,0,0.000000000,0.000000000,1.000000000,0.615599747,0.176291434,0.150190483,0.200000000,0.000000000,0.272466783
100000004692798100,terminal,0.490000000,11,0.357671193,Гип. terminal; d=1; контр. в/из=2/1; KZT в/из=240305/15000; tx=4/2; out/in=0.062; до24.07=100%; остаток неизвестен; гипотеза в окне,1,False,2,240305.000000000,4,1,15000.000000000,2,0.002006649,0.062420674,False,False,1,1,4,1,0.000000000,0.000000000,1.000000000,0.803222666,0.279415313,0.421637992,0.200000000,0.450000000,0.480095561
100000004697956100,peripheral,0.200000000,7,0.168059513,Гип. peripheral; d=3; контр. в/из=1/1; KZT в/из=10000/10000; tx=1/1; роль не определена; баланс неизвестен,3,False,1,10000.000000000,1,1,10000.000000000,1,0.000465610,1.000000000,False,False,1,0,1,1,0.000000000,0.000000000,1.000000000,0.597113194,0.176291434,0.238046284,0.200000000,0.000000000,0.280099188
100000004698193100,peripheral,0.200000000,7,0.263373765,Гип. peripheral; d=2; контр. в/из=2/3; KZT в/из=222700/38000; tx=15/5; роль не определена; баланс неизвестен,2,False,2,222700.000000000,15,3,38000.000000000,5,0.000818907,0.170633139,False,False,1,0,12,4,12000.000000000,0.053884149,0.685675797,0.798290199,0.352582869,0.659684276,0.200000000,0.000000000,0.438956275
100000004707703100,transit,0.687453000,5,0.503590765,Гип. transit; d=1; контр. в/из=2/5; KZT в/из=239300/231650; tx=3/6; out/in=0.968; 1–2д=41%; баланс неизвестен,1,False,2,239300.000000000,3,5,231650.000000000,6,0.000631642,0.968031759,False,False,2,1,3,5,98000.000000000,0.409527789,1.000000000,0.802950967,0.455706747,0.498921986,0.400000000,0.650000000,0.596864937
100000004713684100,peripheral,0.200000000,1,0.193575741,Гип. peripheral; d=3; контр. в/из=1/0; KZT в/из=37500/0; tx=1/0; роль не определена; баланс неизвестен,3,False,1,37500.000000000,1,0,0.000000000,0,0.000286135,0.000000000,False,False,2,0,1,0,0.000000000,0.000000000,1.000000000,0.682797921,0.176291434,0.150190483,0.400000000,0.000000000,0.322626236
100000004714705100,peripheral,0.200000000,20,0.157276315,Гип. peripheral; d=0; контр. в/из=0/1; KZT в/из=0/36550; tx=0/1; роль не определена; seed: вход неполон; баланс неизвестен,0,True,0,0.000000000,0,1,36550.000000000,1,0.000284037,,False,True,0,0,0,1,0.000000000,0.000000000,0.000000000,0.681134443,0.176291434,0.150190483,0.000000000,0.000000000,0.262127192
100000004715209100,peripheral,0.200000000,50,0.279087693,Гип. peripheral; d=3; контр. в/из=1/5; KZT в/из=5000/350450; tx=1/17; роль не определена; выход>1.2 входа: пропуски/начальный остаток,3,False,1,5000.000000000,1,5,350450.000000000,17,0.000285999,70.090000000,False,True,1,0,1,13,5000.000000000,1.000000000,1.000000000,0.827683544,0.455706747,0.637998286,0.200000000,0.000000000,0.465146155
100000004717647100,peripheral,0.200000000,43,0.293334096,Гип. peripheral; d=3; контр. в/из=1/5; KZT в/из=300000/2240000; tx=2/10; роль не определена; выход>1.2 входа: пропуски/начальный остаток,3,False,1,300000.000000000,2,5,2240000.000000000,10,0.001014815,7.466666667,False,True,1,0,2,7,47000.000000000,0.156666667,0.000000000,0.947943956,0.455706747,0.555770829,0.200000000,0.000000000,0.488890161
100000004722630100,peripheral,0.150000000,48,0.200491877,Гип. peripheral; d=4; контр. в/из=1/0; KZT в/из=340000/0; tx=2/0; роль не определена; обрыв d=4; дальнейший выход неизвестен,4,False,1,340000.000000000,2,0,0.000000000,0,0.000489013,,True,False,1,0,2,0,0.000000000,0.000000000,1.000000000,0.825720987,0.176291434,0.238046284,0.200000000,0.000000000,0.348681526
100000004722765100,peripheral,0.200000000,45,0.277931042,Гип. peripheral; d=3; контр. в/из=1/3; KZT в/из=230000/2284500; tx=1/9; роль не определена; выход>1.2 входа: пропуски/начальный остаток,3,False,1,230000.000000000,1,3,2284500.000000000,9,0.000578004,9.932608696,False,True,1,0,1,6,10000.000000000,0.043478261,1.000000000,0.949219248,0.352582869,0.519573706,0.200000000,0.000000000,0.463218404
100000004723755100,peripheral,0.200000000,3,0.189846852,Гип. peripheral; d=0; контр. в/из=0/1; KZT в/из=0/95000; tx=0/5; роль не определена; seed: вход неполон; баланс неизвестен,0,True,0,0.000000000,0,1,95000.000000000,5,0.000284037,,False,True,0,0,0,4,0.000000000,0.000000000,0.000000000,0.743058725,0.176291434,0.388236767,0.000000000,0.000000000,0.316411420
100000004726132100,peripheral,0.200000000,1,0.215123914,Гип. peripheral; d=3; контр. в/из=1/1; KZT в/из=349000/24000; tx=1/2; роль не определена; баланс неизвестен,3,False,1,349000.000000000,1,1,24000.000000000,2,0.000314752,0.068767908,False,False,1,0,1,2,0.000000000,0.000000000,1.000000000,0.827414751,0.176291434,0.300380966,0.200000000,0.000000000,0.358539857
100000004732589100,peripheral,0.200000000,8,0.196614222,Гип. peripheral; d=2; контр. в/из=1/0; KZT в/из=227520/0; tx=1/0; роль не определена; баланс неизвестен,2,False,1,227520.000000000,1,0,0.000000000,0,0.000391657,0.000000000,False,False,1,0,1,0,0.000000000,0.000000000,1.000000000,0.799678371,0.176291434,0.150190483,0.200000000,0.000000000,0.327690371
100000004737477100,peripheral,0.200000000,1,0.233643685,Гип. peripheral; d=1; контр. в/из=2/1; KZT в/из=49598/40500; tx=3/3; роль не определена; баланс неизвестен,1,False,2,49598.000000000,3,1,40500.000000000,3,0.000290736,0.816565184,False,False,2,1,2,3,15000.000000000,0.302431550,1.000000000,0.700924598,0.279415313,0.421637992,0.400000000,0.000000000,0.389406141
100000004737764100,peripheral,0.200000000,3,0.207929915,Гип. peripheral; d=3; контр. в/из=1/0; KZT в/из=600000/0; tx=1/0; роль не определена; баланс неизвестен,3,False,1,600000.000000000,1,0,0.000000000,0,0.000672167,0.000000000,False,False,1,0,1,0,0.000000000,0.000000000,0.000000000,0.862543331,0.176291434,0.150190483,0.200000000,0.000000000,0.346549859
100000004739664100,peripheral,0.200000000,2,0.170186903,Гип. peripheral; d=1; контр. в/из=1/1; KZT в/из=12000/10000; tx=1/1; роль не определена; баланс неизвестен,1,False,1,12000.000000000,1,1,10000.000000000,1,0.000286537,0.833333333,False,False,1,1,1,1,0.000000000,0.000000000,1.000000000,0.608932027,0.176291434,0.238046284,0.200000000,0.000000000,0.283644838
100000004741837100,peripheral,0.200000000,5,0.189119283,Гип. peripheral; d=1; контр. в/из=1/0; KZT в/из=25596/0; tx=1/0; роль не определена; баланс неизвестен,1,False,1,25596.000000000,1,0,0.000000000,0,0.000286771,0.000000000,False,False,2,1,1,0,0.000000000,0.000000000,1.000000000,0.658039819,0.176291434,0.150190483,0.400000000,0.000000000,0.315198805
100000004744306100,peripheral,0.200000000,20,0.252291796,Гип. peripheral; d=1; контр. в/из=1/2; KZT в/из=69000/92000; tx=1/3; роль не определена; выход>1.2 входа: пропуски/начальный остаток,1,False,1,69000.000000000,1,2,92000.000000000,3,0.000458012,1.333333333,False,True,3,1,1,3,0.000000000,0.000000000,1.000000000,0.740978461,0.279415313,0.348731503,0.600000000,0.000000000,0.420486326
100000004746397100,peripheral,0.200000000,6,0.240103542,Гип. peripheral; d=3; контр. в/из=1/1; KZT в/из=219520/7500; tx=1/1; роль не определена; баланс неизвестен,3,False,1,219520.000000000,1,1,7500.000000000,1,0.000291093,0.034165452,False,False,3,0,1,1,0.000000000,0.000000000,0.000000000,0.797357803,0.176291434,0.238046284,0.600000000,0.000000000,0.400172570
100000004747154100,peripheral,0.150000000,50,0.174750132,Гип. peripheral; d=4; контр. в/из=1/0; KZT в/из=67000/0; tx=1/0; роль не определена; обрыв d=4; дальнейший выход неизвестен,4,False,1,67000.000000000,1,0,0.000000000,0,0.000330514,,True,False,1,0,1,0,0.000000000,0.000000000,1.000000000,0.720421381,0.176291434,0.150190483,0.200000000,0.000000000,0.303913274
100000004750321100,peripheral,0.200000000,8,0.235257726,Гип. peripheral; d=3; контр. в/из=2/0; KZT в/из=50185/0; tx=2/0; роль не определена; баланс неизвестен,3,False,2,50185.000000000,2,0,0.000000000,0,0.000310806,0.000000000,False,False,3,0,2,0,0.000000000,0.000000000,0.890604762,0.701687352,0.279415313,0.238046284,0.600000000,0.000000000,0.392096211
100000004750897100,peripheral,0.200000000,16,0.196152491,Гип. peripheral; d=3; контр. в/из=1/0; KZT в/из=10000/0; tx=1/0; роль не определена; баланс неизвестен,3,False,1,10000.000000000,1,0,0.000000000,0,0.000486812,0.000000000,False,False,3,0,1,0,0.000000000,0.000000000,1.000000000,0.597113194,0.176291434,0.150190483,0.600000000,0.000000000,0.326920818
100000004756901100,peripheral,0.200000000,5,0.246002724,Гип. peripheral; d=2; контр. в/из=1/0; KZT в/из=153248/0; tx=1/0; роль не определена; баланс неизвестен,2,False,1,153248.000000000,1,0,0.000000000,0,0.000309247,0.000000000,False,False,4,0,1,0,0.000000000,0.000000000,1.000000000,0.774058934,0.176291434,0.150190483,0.800000000,0.000000000,0.410004540
100000004759121100,consolidator,0.665000000,1,0.593659228,Гип. consolidator; d=1; контр. в/из=6/2; KZT в/из=710000/312000; tx=10/6; seed-вход=1; баланс неизвестен,1,False,6,710000.000000000,10,2,312000.000000000,6,0.001417758,0.439436620,False,False,3,1,10,6,105000.000000000,0.147887324,0.964788732,0.873456499,0.494912626,0.613898019,0.600000000,0.850000000,0.713104178
100000004765639100,peripheral,0.200000000,1,0.187156607,Гип. peripheral; d=2; контр. в/из=1/2; KZT в/из=5000/11000; tx=1/2; роль не определена; выход>1.2 входа: пропуски/начальный остаток,2,False,1,5000.000000000,1,2,11000.000000000,2,0.000359595,2.200000000,False,True,1,0,1,2,0.000000000,0.000000000,1.000000000,0.603291567,0.279415313,0.300380966,0.200000000,0.000000000,0.311927678
100000004770073100,peripheral,0.200000000,1,0.161013786,Гип. peripheral; d=3; контр. в/из=1/1; KZT в/из=5462.4/5466.97; tx=1/1; роль не определена; баланс неизвестен,3,False,1,5462.400000000,1,1,5466.970000000,1,0.000286257,1.000836629,False,False,1,0,1,1,0.000000000,0.000000000,1.000000000,0.557970266,0.176291434,0.238046284,0.200000000,0.000000000,0.268356309
100000004777215100,peripheral,0.150000000,21,0.190766109,Гип. peripheral; d=4; контр. в/из=1/0; KZT в/из=60000/0; tx=1/0; роль не определена; обрыв d=4; дальнейший выход неизвестен,4,False,1,60000.000000000,1,0,0.000000000,0,0.000462335,,True,False,2,0,1,0,0.000000000,0.000000000,1.000000000,0.713267625,0.176291434,0.150190483,0.400000000,0.000000000,0.331767147
100000004779204100,peripheral,0.200000000,1,0.204662745,Гип. peripheral; d=3; контр. в/из=1/1; KZT в/из=30450/20000; tx=1/2; роль не определена; баланс неизвестен,3,False,1,30450.000000000,1,1,20000.000000000,2,0.000285740,0.656814450,False,False,2,0,1,2,0.000000000,0.000000000,1.000000000,0.669297145,0.176291434,0.300380966,0.400000000,0.000000000,0.341104575
100000004780083100,peripheral,0.150000000,59,0.153478352,Гип. peripheral; d=4; контр. в/из=1/0; KZT в/из=9999/0; tx=1/0; роль не определена; обрыв d=4; дальнейший выход неизвестен,4,False,1,9999.000000000,1,0,0.000000000,0,0.000291801,,True,False,1,0,1,0,0.000000000,0.000000000,0.000000000,0.597106711,0.176291434,0.150190483,0.200000000,0.000000000,0.266918873
100000004780327100,peripheral,0.150000000,8,0.155518219,Гип. peripheral; d=4; контр. в/из=1/0; KZT в/из=12000/0; tx=1/0; роль не определена; обрыв d=4; дальнейший выход неизвестен,4,False,1,12000.000000000,1,0,0.000000000,0,0.000290417,,True,False,1,0,1,0,0.000000000,0.000000000,1.000000000,0.608932027,0.176291434,0.150190483,0.200000000,0.000000000,0.270466467
100000004783447100,peripheral,0.200000000,2,0.171391442,Гип. peripheral; d=1; контр. в/из=1/0; KZT в/из=26200/0; tx=1/0; роль не определена; баланс неизвестен,1,False,1,26200.000000000,1,0,0.000000000,0,0.000289495,0.000000000,False,False,1,1,1,0,0.000000000,0.000000000,1.000000000,0.659551813,0.176291434,0.150190483,0.200000000,0.000000000,0.285652403
100000004784224100,peripheral,0.200000000,23,0.200538386,Гип. peripheral; d=1; контр. в/из=1/1; KZT в/из=23500/100000; tx=2/1; роль не определена; выход>1.2 входа: пропуски/начальный остаток,1,False,1,23500.000000000,2,1,100000.000000000,1,0.000303140,4.255319149,False,True,1,1,2,1,0.000000000,0.000000000,1.000000000,0.746384037,0.176291434,0.300380966,0.200000000,0.000000000,0.334230643
100000004788983100,peripheral,0.150000000,1,0.181836481,Гип. peripheral; d=4; контр. в/из=1/0; KZT в/из=27000/0; tx=1/0; роль не определена; обрыв d=4; дальнейший выход неизвестен,4,False,1,27000.000000000,1,0,0.000000000,0,0.000367376,,True,False,2,0,1,0,0.000000000,0.000000000,1.000000000,0.661501662,0.176291434,0.150190483,0.400000000,0.000000000,0.316237358
100000004790991100,terminal,0.490000000,5,0.356454551,Гип. terminal; d=1; контр. в/из=1/0; KZT в/из=239413/0; tx=4/0; out/in=0.000; до24.07=100%; остаток неизвестен; гипотеза в окне,1,False,1,239413.000000000,4,0,0.000000000,0,0.000309609,0.000000000,False,False,2,1,4,0,0.000000000,0.000000000,1.000000000,0.802981573,0.176291434,0.348731503,0.400000000,0.450000000,0.478462484
100000004791226100,peripheral,0.150000000,1,0.178480502,Гип. peripheral; d=4; контр. в/из=1/0; KZT в/из=20000/0; tx=1/0; роль не определена; обрыв d=4; дальнейший выход неизвестен,4,False,1,20000.000000000,1,0,0.000000000,0,0.000538257,,True,False,2,0,1,0,0.000000000,0.000000000,1.000000000,0.642046710,0.176291434,0.150190483,0.400000000,0.000000000,0.310400872
100000004792397100,peripheral,0.200000000,2,0.183431627,Гип. peripheral; d=1; контр. в/из=1/0; KZT в/из=73520/0; tx=1/0; роль не определена; баланс неизвестен,1,False,1,73520.000000000,1,0,0.000000000,0,0.000299352,0.000000000,False,False,1,1,1,0,0.000000000,0.000000000,0.000000000,0.726441727,0.176291434,0.150190483,0.200000000,0.000000000,0.305719378
100000004797167100,peripheral,0.150000000,4,0.166131388,Гип. peripheral; d=4; контр. в/из=1/0; KZT в/из=31000/0; tx=1/0; роль не определена; обрыв d=4; дальнейший выход неизвестен,4,False,1,31000.000000000,1,0,0.000000000,0,0.000548311,,True,False,1,0,1,0,0.000000000,0.000000000,1.000000000,0.670457644,0.176291434,0.150190483,0.200000000,0.000000000,0.288924152
100000004798515100,peripheral,0.150000000,11,0.194557788,Гип. peripheral; d=4; контр. в/из=1/0; KZT в/из=200000/0; tx=2/0; роль не определена; обрыв d=4; дальнейший выход неизвестен,4,False,1,200000.000000000,2,0,0.000000000,0,0.000361781,,True,False,1,0,2,0,0.000000000,0.000000000,1.000000000,0.791320471,0.176291434,0.238046284,0.200000000,0.000000000,0.338361371
100000004800452100,peripheral,0.150000000,6,0.183238889,Гип. peripheral; d=4; контр. в/из=1/0; KZT в/из=6544.53/0; tx=1/0; роль не определена; обрыв d=4; дальнейший выход неизвестен,4,False,1,6544.530000000,1,0,0.000000000,0,0.000604106,,True,False,3,0,1,0,0.000000000,0.000000000,1.000000000,0.569631565,0.176291434,0.150190483,0.600000000,0.000000000,0.318676329
100000004800648100,peripheral,0.150000000,11,0.182248427,Гип. peripheral; d=4; контр. в/из=1/0; KZT в/из=131000/0; tx=1/0; роль не определена; обрыв d=4; дальнейший выход неизвестен,4,False,1,131000.000000000,1,0,0.000000000,0,0.000334960,,True,False,1,0,1,0,0.000000000,0.000000000,1.000000000,0.763889753,0.176291434,0.150190483,0.200000000,0.000000000,0.316953785
100000004806903100,peripheral,0.200000000,3,0.239011094,Гип. peripheral; d=2; контр. в/из=1/0; KZT в/из=18000/0; tx=1/0; роль не определена; баланс неизвестен,2,False,1,18000.000000000,1,0,0.000000000,0,0.000530373,0.000000000,False,False,5,0,1,0,0.000000000,0.000000000,1.000000000,0.635216544,0.176291434,0.150190483,1.000000000,0.000000000,0.398351823
100000004813068100,peripheral,0.200000000,23,0.224303175,Гип. peripheral; d=0; контр. в/из=0/3; KZT в/из=0/297000; tx=0/5; роль не определена; seed: вход неполон; баланс неизвестен,0,True,0,0.000000000,0,3,297000.000000000,5,0.000284037,,False,True,0,0,0,5,0.000000000,0.000000000,0.000000000,0.816955120,0.352582869,0.388236767,0.000000000,0.000000000,0.373838625
100000004816564100,peripheral,0.200000000,16,0.243169417,Гип. peripheral; d=2; контр. в/из=1/1; KZT в/из=285480/5000; tx=1/1; роль не определена; баланс неизвестен,2,False,1,285480.000000000,1,1,5000.000000000,1,0.000374159,0.017514362,False,False,3,0,1,1,5000.000000000,0.017514362,0.000000000,0.814390441,0.176291434,0.238046284,0.600000000,0.000000000,0.405282362
100000004820260100,transit,0.649295000,16,0.521913035,Гип. transit; d=2; контр. в/из=1/3; KZT в/из=234200/215350; tx=12/10; out/in=0.920; 1–2д=40%; баланс неизвестен,2,False,1,234200.000000000,12,3,215350.000000000,10,0.001400262,0.919513237,False,False,3,0,9,6,93150.000000000,0.397736977,0.253629377,0.801554369,0.352582869,0.679395956,0.600000000,0.650000000,0.632892278
100000004825069100,peripheral,0.200000000,2,0.190840558,Гип. peripheral; d=2; контр. в/из=1/0; KZT в/из=30000/0; tx=4/0; роль не определена; баланс неизвестен,2,False,1,30000.000000000,4,0,0.000000000,0,0.000294149,0.000000000,False,False,1,0,3,0,0.000000000,0.000000000,0.600000000,0.668331948,0.176291434,0.348731503,0.200000000,0.000000000,0.318067597
100000004840086100,peripheral,0.150000000,1,0.186806253,Гип. peripheral; d=4; контр. в/из=1/0; KZT в/из=100000/0; tx=2/0; роль не определена; обрыв d=4; дальнейший выход неизвестен,4,False,1,100000.000000000,2,0,0.000000000,0,0.000535942,,True,False,1,0,1,0,0.000000000,0.000000000,1.000000000,0.746384037,0.176291434,0.238046284,0.200000000,0.000000000,0.324880441
100000004841728100,peripheral,0.200000000,2,0.179437000,Гип. peripheral; d=1; контр. в/из=1/0; KZT в/из=52208/0; tx=1/0; роль не определена; баланс неизвестен,1,False,1,52208.000000000,1,0,0.000000000,0,0.000294913,0.000000000,False,False,1,1,1,0,0.000000000,0.000000000,1.000000000,0.704249356,0.176291434,0.150190483,0.200000000,0.000000000,0.299061666
100000004847758100,distributor,0.600000000,3,0.579289930,Гип. distributor; d=1; контр. в/из=4/15; KZT в/из=115171/488800; tx=4/23; дней выхода=17; выход>1.2 входа: пропуски/начальный остаток,1,False,4,115171.000000000,4,15,488800.000000000,23,0.000303066,4.244123955,False,True,2,1,4,17,59387.000000000,0.515641958,1.000000000,0.849254737,0.705165738,0.722018959,0.400000000,0.800000000,0.724112413
100000004848236100,peripheral,0.150000000,1,0.167512642,Гип. peripheral; d=4; контр. в/из=1/0; KZT в/из=7500/0; tx=1/0; роль не определена; обрыв d=4; дальнейший выход неизвестен,4,False,1,7500.000000000,1,0,0.000000000,0,0.000307187,,True,False,2,0,1,0,0.000000000,0.000000000,1.000000000,0.578464915,0.176291434,0.150190483,0.400000000,0.000000000,0.291326334
100000004850609100,peripheral,0.150000000,1,0.153479470,Гип. peripheral; d=4; контр. в/из=1/0; KZT в/из=10000/0; tx=1/0; роль не определена; обрыв d=4; дальнейший выход неизвестен,4,False,1,10000.000000000,1,0,0.000000000,0,0.000311317,,True,False,1,0,1,0,0.000000000,0.000000000,0.000000000,0.597113194,0.176291434,0.150190483,0.200000000,0.000000000,0.266920818
100000004856746100,peripheral,0.150000000,33,0.161230502,Гип. peripheral; d=4; контр. в/из=1/0; KZT в/из=20000/0; tx=1/0; роль не определена; обрыв d=4; дальнейший выход неизвестен,4,False,1,20000.000000000,1,0,0.000000000,0,0.000298380,,True,False,1,0,1,0,0.000000000,0.000000000,0.000000000,0.642046710,0.176291434,0.150190483,0.200000000,0.000000000,0.280400872
100000004877085100,peripheral,0.200000000,13,0.276895617,Гип. peripheral; d=3; контр. в/из=1/3; KZT в/из=25000/95600; tx=1/9; роль не определена; выход>1.2 входа: пропуски/начальный остаток,3,False,1,25000.000000000,1,3,95600.000000000,9,0.000293223,3.824000000,False,True,3,0,1,5,0.000000000,0.000000000,1.000000000,0.743466886,0.352582869,0.519573706,0.600000000,0.000000000,0.461492696
100000004889043100,terminal,0.490000000,1,0.396019037,Гип. terminal; d=3; контр. в/из=2/0; KZT в/из=272000/0; tx=4/0; out/in=0.000; до24.07=100%; остаток неизвестен; гипотеза в окне,3,False,2,272000.000000000,4,0,0.000000000,0,0.000296871,0.000000000,False,False,3,0,3,0,0.000000000,0.000000000,1.000000000,0.811254630,0.279415313,0.348731503,0.600000000,0.450000000,0.531569177
100000004890713100,peripheral,0.150000000,8,0.186366590,Гип. peripheral; d=4; контр. в/из=1/0; KZT в/из=40485/0; tx=1/0; роль не определена; обрыв d=4; дальнейший выход неизвестен,4,False,1,40485.000000000,1,0,0.000000000,0,0.000299077,,True,False,2,0,1,0,0.000000000,0.000000000,1.000000000,0.687763165,0.176291434,0.150190483,0.400000000,0.000000000,0.324115809
100000004891562100,peripheral,0.150000000,8,0.179602594,Гип. peripheral; d=4; контр. в/из=1/0; KZT в/из=103400/0; tx=1/0; роль не определена; обрыв d=4; дальнейший выход неизвестен,4,False,1,103400.000000000,1,0,0.000000000,0,0.000339007,,True,False,1,0,1,0,0.000000000,0.000000000,1.000000000,0.748551594,0.176291434,0.150190483,0.200000000,0.000000000,0.312352338
100000004892144100,terminal,0.520000000,23,0.437188321,Гип. terminal; d=3; контр. в/из=2/1; KZT в/из=4500000/180300; tx=7/1; out/in=0.040; до24.07=100%; остаток неизвестен; гипотеза в окне,3,False,2,4500000.000000000,7,1,180300.000000000,1,0.002956560,0.040066667,False,False,2,0,4,1,0.000000000,0.000000000,1.000000000,0.993169475,0.279415313,0.476092568,0.400000000,0.450000000,0.575247790
100000004904960100,peripheral,0.200000000,1,0.248006856,Гип. peripheral; d=2; контр. в/из=2/0; KZT в/из=32000/0; tx=2/0; роль не определена; баланс неизвестен,2,False,2,32000.000000000,2,0,0.000000000,0,0.000773056,0.000000000,False,False,4,0,2,0,0.000000000,0.000000000,1.000000000,0.672515848,0.279415313,0.238046284,0.800000000,0.000000000,0.413344759
100000004905207100,peripheral,0.200000000,15,0.238599827,Гип. peripheral; d=2; контр. в/из=1/0; KZT в/из=380000/0; tx=1/0; роль не определена; баланс неизвестен,2,False,1,380000.000000000,1,0,0.000000000,0,0.000431631,0.000000000,False,False,3,0,1,0,0.000000000,0.000000000,0.000000000,0.832931729,0.176291434,0.150190483,0.600000000,0.000000000,0.397666378
100000004906181100,peripheral,0.200000000,35,0.358584814,Гип. peripheral; d=3; контр. в/из=1/7; KZT в/из=100000/2473417.91; tx=1/33; роль не определена; выход>1.2 входа: пропуски/начальный остаток,3,False,1,100000.000000000,1,7,2473417.910000000,33,0.000287251,24.734179100,False,True,3,0,1,13,100000.000000000,1.000000000,1.000000000,0.954370237,0.528874303,0.770369495,0.600000000,0.000000000,0.597641356
100000004908173100,peripheral,0.150000000,10,0.161776104,Гип. peripheral; d=4; контр. в/из=1/0; KZT в/из=21000/0; tx=1/0; роль не определена; обрыв d=4; дальнейший выход неизвестен,4,False,1,21000.000000000,1,0,0.000000000,0,0.000319084,,True,False,1,0,1,0,0.000000000,0.000000000,1.000000000,0.645209624,0.176291434,0.150190483,0.200000000,0.000000000,0.281349747
100000004911971100,peripheral,0.150000000,35,0.214942476,Гип. peripheral; d=4; контр. в/из=1/0; KZT в/из=35000/0; tx=3/0; роль не определена; обрыв d=4; дальнейший выход неизвестен,4,False,1,35000.000000000,3,0,0.000000000,0,0.000287492,,True,False,3,0,2,0,0.000000000,0.000000000,1.000000000,0.678325234,0.176291434,0.300380966,0.600000000,0.000000000,0.373813002
100000004917367100,peripheral,0.200000000,6,0.245430695,Гип. peripheral; d=3; контр. в/из=2/0; KZT в/из=120000/0; tx=2/0; роль не определена; баланс неизвестен,3,False,2,120000.000000000,2,0,0.000000000,0,0.000292426,0.000000000,False,False,3,0,2,0,0.000000000,0.000000000,1.000000000,0.758203843,0.279415313,0.238046284,0.600000000,0.000000000,0.409051158
100000004921657100,peripheral,0.200000000,3,0.195360050,Гип. peripheral; d=3; контр. в/из=1/1; KZT в/из=8300/22190; tx=1/1; роль не определена; выход>1.2 входа: пропуски/начальный остаток,3,False,1,8300.000000000,1,1,22190.000000000,1,0.000359208,2.673493976,False,True,2,0,1,1,0.000000000,0.000000000,1.000000000,0.648782845,0.176291434,0.238046284,0.400000000,0.000000000,0.325600083
100000004931931100,peripheral,0.200000000,1,0.203610296,Гип. peripheral; d=3; контр. в/из=1/1; KZT в/из=23938/45000; tx=1/1; роль не определена; выход>1.2 входа: пропуски/начальный остаток,3,False,1,23938.000000000,1,1,45000.000000000,1,0.000290231,1.879856295,False,True,2,0,1,1,0.000000000,0.000000000,1.000000000,0.694617546,0.176291434,0.238046284,0.400000000,0.000000000,0.339350493
100000004948177100,consolidator,0.605000000,5,0.501189703,Гип. consolidator; d=1; контр. в/из=3/0; KZT в/из=437163/0; tx=8/0; seed-вход=1; баланс неизвестен,1,False,3,437163.000000000,8,0,0.000000000,0,0.000419651,0.000000000,False,False,2,1,7,0,0.000000000,0.000000000,1.000000000,0.842016655,0.352582869,0.476092568,0.400000000,0.850000000,0.624535456
100000004950490100,peripheral,0.200000000,7,0.160152491,Гип. peripheral; d=2; контр. в/из=1/0; KZT в/из=10000/0; tx=1/0; роль не определена; баланс неизвестен,2,False,1,10000.000000000,1,0,0.000000000,0,0.000328814,0.000000000,False,False,1,0,1,0,0.000000000,0.000000000,0.000000000,0.597113194,0.176291434,0.150190483,0.200000000,0.000000000,0.266920818
100000004959752100,peripheral,0.200000000,4,0.223458285,Гип. peripheral; d=3; контр. в/из=1/0; KZT в/из=22200/0; tx=1/0; роль не определена; баланс неизвестен,3,False,1,22200.000000000,1,0,0.000000000,0,0.000779568,0.000000000,False,False,4,0,1,0,0.000000000,0.000000000,0.000000000,0.648812053,0.176291434,0.150190483,0.800000000,0.000000000,0.372430475
100000004962193100,consolidator,0.702500000,1,0.612209813,Гип. consolidator; d=2; контр. в/из=8/0; KZT в/из=900468/0; tx=11/0; seed-вход=0; баланс неизвестен,2,False,8,900468.000000000,11,0,0.000000000,0,0.000653271,0.000000000,False,False,3,0,5,0,0.000000000,0.000000000,1.000000000,0.888863316,0.558830625,0.538427250,0.600000000,0.850000000,0.719189207
100000004970752100,peripheral,0.200000000,1,0.160152491,Гип. peripheral; d=3; контр. в/из=1/0; KZT в/из=10000/0; tx=1/0; роль не определена; баланс неизвестен,3,False,1,10000.000000000,1,0,0.000000000,0,0.000738015,0.000000000,False,False,1,0,1,0,0.000000000,0.000000000,1.000000000,0.597113194,0.176291434,0.150190483,0.200000000,0.000000000,0.266920818
100000004971871100,peripheral,0.200000000,58,0.170898277,Гип. peripheral; d=0; контр. в/из=1/1; KZT в/из=25400/5650; tx=3/1; роль не определена; seed: вход неполон; баланс неизвестен,0,True,1,25400.000000000,3,1,5650.000000000,1,0.000736954,,False,False,0,0,3,1,5650.000000000,0.222440945,1.000000000,0.657541496,0.176291434,0.348731503,0.000000000,0.000000000,0.284830461
100000004975919100,peripheral,0.200000000,4,0.195429395,Гип. peripheral; d=3; контр. в/из=1/2; KZT в/из=22351/15000; tx=1/2; роль не определена; баланс неизвестен,3,False,1,22351.000000000,1,2,15000.000000000,2,0.000288549,0.671110912,False,False,1,0,1,2,0.000000000,0.000000000,1.000000000,0.649251501,0.279415313,0.300380966,0.200000000,0.000000000,0.325715658
100000004976946100,peripheral,0.150000000,39,0.206545292,Гип. peripheral; d=4; контр. в/из=1/0; KZT в/из=246000/0; tx=1/0; роль не определена; обрыв d=4; дальнейший выход неизвестен,4,False,1,246000.000000000,1,0,0.000000000,0,0.000317739,,True,False,2,0,1,0,0.000000000,0.000000000,1.000000000,0.804741147,0.176291434,0.150190483,0.400000000,0.000000000,0.359209203
100000004979264100,peripheral,0.150000000,10,0.168925758,Гип. peripheral; d=4; контр. в/из=1/0; KZT в/из=39800/0; tx=1/0; роль не определена; обрыв d=4; дальнейший выход неизвестен,4,False,1,39800.000000000,1,0,0.000000000,0,0.000409046,,True,False,1,0,1,0,0.000000000,0.000000000,1.000000000,0.686656892,0.176291434,0.150190483,0.200000000,0.000000000,0.293783927
100000004979283100,peripheral,0.200000000,8,0.176367293,Гип. peripheral; d=3; контр. в/из=1/0; KZT в/из=40132/0; tx=1/0; роль не определена; баланс неизвестен,3,False,1,40132.000000000,1,0,0.000000000,0,0.000298886,0.000000000,False,False,1,0,1,0,0.000000000,0.000000000,1.000000000,0.687195429,0.176291434,0.150190483,0.200000000,0.000000000,0.293945488
100000004979498100,peripheral,0.200000000,52,0.223245903,Гип. peripheral; d=2; контр. в/из=1/1; KZT в/из=700000/200000; tx=2/1; роль не определена; баланс неизвестен,2,False,1,700000.000000000,2,1,200000.000000000,1,0.001319665,0.285714286,False,False,1,0,2,1,0.000000000,0.000000000,1.000000000,0.872536910,0.176291434,0.300380966,0.200000000,0.000000000,0.372076505
100000004981068100,peripheral,0.150000000,4,0.170729470,Гип. peripheral; d=4; контр. в/из=1/0; KZT в/из=10000/0; tx=1/0; роль не определена; обрыв d=4; дальнейший выход неизвестен,4,False,1,10000.000000000,1,0,0.000000000,0,0.000376672,,True,False,2,0,1,0,0.000000000,0.000000000,1.000000000,0.597113194,0.176291434,0.150190483,0.400000000,0.000000000,0.296920818
100000004984689100,peripheral,0.200000000,4,0.179619296,Гип. peripheral; d=3; контр. в/из=1/0; KZT в/из=53030/0; tx=1/0; роль не определена; баланс неизвестен,3,False,1,53030.000000000,1,0,0.000000000,0,0.000294742,0.000000000,False,False,1,0,1,0,0.000000000,0.000000000,1.000000000,0.705262115,0.176291434,0.150190483,0.200000000,0.000000000,0.299365494
100000004988240100,peripheral,0.150000000,1,0.178480502,Гип. peripheral; d=4; контр. в/из=1/0; KZT в/из=20000/0; tx=1/0; роль не определена; обрыв d=4; дальнейший выход неизвестен,4,False,1,20000.000000000,1,0,0.000000000,0,0.000526799,,True,False,2,0,1,0,0.000000000,0.000000000,1.000000000,0.642046710,0.176291434,0.150190483,0.400000000,0.000000000,0.310400872
100000004991593100,peripheral,0.150000000,4,0.212376534,Гип. peripheral; d=4; контр. в/из=1/0; KZT в/из=45000/0; tx=2/0; роль не определена; обрыв d=4; дальнейший выход неизвестен,4,False,1,45000.000000000,2,0,0.000000000,0,0.000352905,,True,False,3,0,2,0,0.000000000,0.000000000,1.000000000,0.694617546,0.176291434,0.238046284,0.600000000,0.000000000,0.369350493
100000004991812100,peripheral,0.200000000,22,0.178152491,Гип. peripheral; d=3; контр. в/из=1/0; KZT в/из=10000/0; tx=1/0; роль не определена; баланс неизвестен,3,False,1,10000.000000000,1,0,0.000000000,0,0.000344537,0.000000000,False,False,2,0,1,0,0.000000000,0.000000000,1.000000000,0.597113194,0.176291434,0.150190483,0.400000000,0.000000000,0.296920818
100000004993576100,peripheral,0.200000000,16,0.229005543,Гип. peripheral; d=2; контр. в/из=1/0; KZT в/из=167000/0; tx=1/0; роль не определена; баланс неизвестен,2,False,1,167000.000000000,1,0,0.000000000,0,0.000336757,0.000000000,False,False,3,0,1,0,0.000000000,0.000000000,0.000000000,0.779630152,0.176291434,0.150190483,0.600000000,0.000000000,0.381675905
100000004997515100,peripheral,0.200000000,9,0.332348141,Гип. peripheral; d=3; контр. в/из=4/4; KZT в/из=395000/54500; tx=4/4; роль не определена; баланс неизвестен,3,False,4,395000.000000000,4,4,54500.000000000,4,0.000354608,0.137974684,False,False,5,0,4,4,0.000000000,0.000000000,0.354430380,0.835441586,0.409336034,0.476092568,1.000000000,0.000000000,0.553913568
100000005008589100,peripheral,0.200000000,1,0.177120186,Гип. peripheral; d=3; контр. в/из=1/0; KZT в/из=42806.68/0; tx=1/0; роль не определена; баланс неизвестен,3,False,1,42806.680000000,1,0,0.000000000,0,0.000301433,0.000000000,False,False,1,0,1,0,0.000000000,0.000000000,1.000000000,0.691378171,0.176291434,0.150190483,0.200000000,0.000000000,0.295200311
100000005010159100,peripheral,0.150000000,4,0.149637189,Гип. peripheral; d=4; контр. в/из=1/0; KZT в/из=7092/0; tx=1/0; роль не определена; обрыв d=4; дальнейший выход неизвестен,4,False,1,7092.000000000,1,0,0.000000000,0,0.000610443,,True,False,1,0,1,0,0.000000000,0.000000000,1.000000000,0.574839103,0.176291434,0.150190483,0.200000000,0.000000000,0.260238590
100000005017150100,peripheral,0.050000000,76,0.000000000,Гип. peripheral; d=0; контр. в/из=0/0; KZT в/из=0/0; tx=0/0; роль не определена; нет рёбер; роль неизвестна; вход seed неполон,0,True,0,0.000000000,0,0,0.000000000,0,0.000284037,,False,False,0,0,0,0,0.000000000,0.000000000,0.000000000,0.000000000,0.000000000,0.000000000,0.000000000,0.000000000,0.000000000
100000005022552100,terminal,0.480000000,5,0.354157325,Гип. terminal; d=3; контр. в/из=1/1; KZT в/из=241000/5000; tx=3/1; out/in=0.021; до24.07=100%; остаток неизвестен; гипотеза в окне,3,False,1,241000.000000000,3,1,5000.000000000,1,0.000355746,0.020746888,False,False,2,0,3,1,0.000000000,0.000000000,1.000000000,0.803409893,0.176291434,0.348731503,0.400000000,0.450000000,0.478590980
100000005022964100,peripheral,0.200000000,3,0.222240523,Гип. peripheral; d=2; контр. в/из=1/0; KZT в/из=20000/0; tx=1/0; роль не определена; баланс неизвестен,2,False,1,20000.000000000,1,0,0.000000000,0,0.000325554,0.000000000,False,False,4,0,1,0,0.000000000,0.000000000,0.000000000,0.642046710,0.176291434,0.150190483,0.800000000,0.000000000,0.370400872
100000005025629100,peripheral,0.150000000,6,0.180725429,Гип. peripheral; d=4; контр. в/из=1/0; KZT в/из=5227/0; tx=1/0; роль не определена; обрыв d=4; дальнейший выход неизвестен,4,False,1,5227.000000000,1,0,0.000000000,0,0.000312429,,True,False,3,0,1,0,0.000000000,0.000000000,0.000000000,0.555060782,0.176291434,0.150190483,0.600000000,0.000000000,0.314305094
100000005030592100,peripheral,0.200000000,16,0.196152491,Гип. peripheral; d=2; контр. в/из=1/0; KZT в/из=10000/0; tx=1/0; роль не определена; баланс неизвестен,2,False,1,10000.000000000,1,0,0.000000000,0,0.000287194,0.000000000,False,False,3,0,1,0,0.000000000,0.000000000,0.000000000,0.597113194,0.176291434,0.150190483,0.600000000,0.000000000,0.326920818
100000005031696100,peripheral,0.200000000,49,0.272895723,Гип. peripheral; d=2; контр. в/из=1/2; KZT в/из=5000/115000; tx=1/3; роль не определена; выход>1.2 входа: пропуски/начальный остаток,2,False,1,5000.000000000,1,2,115000.000000000,3,0.000536485,23.000000000,False,True,4,0,1,3,5000.000000000,1.000000000,1.000000000,0.755444725,0.279415313,0.348731503,0.800000000,0.000000000,0.454826205
100000005032294100,peripheral,0.200000000,15,0.196152491,Гип. peripheral; d=2; контр. в/из=1/0; KZT в/из=10000/0; tx=1/0; роль не определена; баланс неизвестен,2,False,1,10000.000000000,1,0,0.000000000,0,0.000389897,0.000000000,False,False,3,0,1,0,0.000000000,0.000000000,1.000000000,0.597113194,0.176291434,0.150190483,0.600000000,0.000000000,0.326920818
100000005034574100,peripheral,0.200000000,64,0.239851839,Гип. peripheral; d=1; контр. в/из=1/0; KZT в/из=258816/0; tx=16/0; роль не определена; баланс неизвестен,1,False,1,258816.000000000,16,0,0.000000000,0,0.000422645,0.000000000,False,False,1,1,5,0,0.000000000,0.000000000,0.000000000,0.808033582,0.176291434,0.613898019,0.200000000,0.000000000,0.399753064
100000005037490100,peripheral,0.200000000,13,0.221215423,Гип. peripheral; d=3; контр. в/из=1/2; KZT в/из=15000/30000; tx=1/3; роль не определена; выход>1.2 входа: пропуски/начальный остаток,3,False,1,15000.000000000,1,2,30000.000000000,3,0.000321395,2.000000000,False,True,2,0,1,3,0.000000000,0.000000000,1.000000000,0.668331948,0.279415313,0.348731503,0.400000000,0.000000000,0.368692372
100000005041147100,peripheral,0.150000000,1,0.170729470,Гип. peripheral; d=4; контр. в/из=1/0; KZT в/из=10000/0; tx=1/0; роль не определена; обрыв d=4; дальнейший выход неизвестен,4,False,1,10000.000000000,1,0,0.000000000,0,0.000530593,,True,False,2,0,1,0,0.000000000,0.000000000,0.000000000,0.597113194,0.176291434,0.150190483,0.400000000,0.000000000,0.296920818
100000005041905100,peripheral,0.200000000,2,0.239223096,Гип. peripheral; d=3; контр. в/из=1/1; KZT в/из=5000/1080351; tx=1/5; роль не определена; выход>1.2 входа: пропуски/начальный остаток,3,False,1,5000.000000000,1,1,1080351.000000000,5,0.000284812,216.070200000,False,True,1,0,1,4,0.000000000,0.000000000,0.000000000,0.900670580,0.176291434,0.421637992,0.200000000,0.000000000,0.398705160
100000005042822100,peripheral,0.150000000,31,0.204978817,Гип. peripheral; d=4; контр. в/из=1/0; KZT в/из=1000000/0; tx=1/0; роль не определена; обрыв d=4; дальнейший выход неизвестен,4,False,1,1000000.000000000,1,0,0.000000000,0,0.000449860,,True,False,1,0,1,0,0.000000000,0.000000000,1.000000000,0.895660132,0.176291434,0.150190483,0.200000000,0.000000000,0.356484899
100000005048668100,peripheral,0.200000000,4,0.330314142,Гип. peripheral; d=3; контр. в/из=2/8; KZT в/из=16668/159400; tx=2/11; роль не определена; выход>1.2 входа: пропуски/начальный остаток,3,False,2,16668.000000000,2,8,159400.000000000,11,0.000286994,9.563234941,False,True,4,0,2,9,10168.000000000,0.610031198,1.000000000,0.776610579,0.558830625,0.571828476,0.800000000,0.000000000,0.550523570
100000005049404100,peripheral,0.150000000,6,0.221080325,Гип. peripheral; d=4; контр. в/из=1/0; KZT в/из=98000/0; tx=2/0; роль не определена; обрыв d=4; дальнейший выход неизвестен,4,False,1,98000.000000000,2,0,0.000000000,0,0.000310924,,True,False,3,0,2,0,0.000000000,0.000000000,1.000000000,0.745074308,0.176291434,0.238046284,0.600000000,0.000000000,0.384487522
100000005052998100,peripheral,0.200000000,1,0.198239331,Гип. peripheral; d=3; контр. в/из=1/1; KZT в/из=9500/28400; tx=1/1; роль не определена; выход>1.2 входа: пропуски/начальный остаток,3,False,1,9500.000000000,1,1,28400.000000000,1,0.000284569,2.989473684,False,True,2,0,1,1,0.000000000,0.000000000,1.000000000,0.664778850,0.176291434,0.238046284,0.400000000,0.000000000,0.330398884
100000005053653100,peripheral,0.200000000,13,0.261535154,Гип. peripheral; d=2; контр. в/из=2/1; KZT в/из=63073/25000; tx=2/1; роль не определена; баланс неизвестен,2,False,2,63073.000000000,2,1,25000.000000000,1,0.000311872,0.396366115,False,False,4,0,2,1,0.000000000,0.000000000,1.000000000,0.716505718,0.279415313,0.300380966,0.800000000,0.000000000,0.435891923
100000005055454100,peripheral,0.200000000,29,0.155126138,Гип. peripheral; d=3; контр. в/из=1/0; KZT в/из=6500/0; tx=1/0; роль не определена; баланс неизвестен,3,False,1,6500.000000000,1,0,0.000000000,0,0.000502556,0.000000000,False,False,1,0,1,0,0.000000000,0.000000000,1.000000000,0.569189012,0.176291434,0.150190483,0.200000000,0.000000000,0.258543563
100000005056870100,peripheral,0.200000000,44,0.168240523,Гип. peripheral; d=1; контр. в/из=1/0; KZT в/из=20000/0; tx=1/0; роль не определена; баланс неизвестен,1,False,1,20000.000000000,1,0,0.000000000,0,0.000301540,0.000000000,False,False,1,1,1,0,0.000000000,0.000000000,1.000000000,0.642046710,0.176291434,0.150190483,0.200000000,0.000000000,0.280400872
100000005059998100,peripheral,0.200000000,1,0.167011094,Гип. peripheral; d=2; контр. в/из=1/0; KZT в/из=18000/0; tx=1/0; роль не определена; баланс неизвестен,2,False,1,18000.000000000,1,0,0.000000000,0,0.000294318,0.000000000,False,False,1,0,1,0,0.000000000,0.000000000,1.000000000,0.635216544,0.176291434,0.150190483,0.200000000,0.000000000,0.278351823
100000005061890100,peripheral,0.200000000,3,0.185791761,Гип. peripheral; d=3; контр. в/из=1/0; KZT в/из=90000/0; tx=1/0; роль не определена; баланс неизвестен,3,False,1,90000.000000000,1,0,0.000000000,0,0.000531458,0.000000000,False,False,1,0,1,0,0.000000000,0.000000000,0.000000000,0.739553583,0.176291434,0.150190483,0.200000000,0.000000000,0.309652934
100000005074393100,peripheral,0.200000000,13,0.360270471,Гип. peripheral; d=1; контр. в/из=4/6; KZT в/из=563026/685500; tx=5/10; роль не определена; выход>1.2 входа: пропуски/начальный остаток,1,False,4,563026.000000000,5,6,685500.000000000,10,0.001052679,1.217528143,False,True,6,1,5,8,45500.000000000,0.080813319,1.000000000,0.871179900,0.494912626,0.600761933,1.000000000,0.000000000,0.600450785
100000005075949100,peripheral,0.150000000,45,0.239835521,Гип. peripheral; d=4; контр. в/из=1/0; KZT в/из=2226000/0; tx=7/0; роль не определена; обрыв d=4; дальнейший выход неизвестен,4,False,1,2226000.000000000,7,0,0.000000000,0,0.000762760,,True,False,1,0,4,0,0.000000000,0.000000000,1.000000000,0.947537497,0.176291434,0.450571450,0.200000000,0.000000000,0.417105254
100000005077484100,peripheral,0.200000000,29,0.217644750,Гип. peripheral; d=2; контр. в/из=1/2; KZT в/из=150000/13550; tx=1/2; роль не определена; баланс неизвестен,2,False,1,150000.000000000,1,2,13550.000000000,2,0.000535915,0.090333333,False,False,1,0,1,2,0.000000000,0.000000000,1.000000000,0.772670139,0.279415313,0.300380966,0.200000000,0.000000000,0.362741249
100000005079473100,peripheral,0.150000000,4,0.168787794,Гип. peripheral; d=4; контр. в/из=1/0; KZT в/из=39312/0; tx=1/0; роль не определена; обрыв d=4; дальнейший выход неизвестен,4,False,1,39312.000000000,1,0,0.000000000,0,0.000324204,,True,False,1,0,1,0,0.000000000,0.000000000,1.000000000,0.685857098,0.176291434,0.150190483,0.200000000,0.000000000,0.293543989
100000005079754100,peripheral,0.200000000,3,0.269233702,Гип. peripheral; d=1; контр. в/из=1/2; KZT в/из=70000/122000; tx=1/2; роль не определена; выход>1.2 входа: пропуски/начальный остаток,1,False,1,70000.000000000,1,2,122000.000000000,2,0.000297940,1.742857143,False,True,4,1,1,2,20000.000000000,0.285714286,0.000000000,0.759275429,0.279415313,0.300380966,0.800000000,0.000000000,0.448722836
100000005082652100,peripheral,0.200000000,7,0.172971866,Гип. peripheral; d=3; контр. в/из=1/0; KZT в/из=30000/0; tx=1/0; роль не определена; баланс неизвестен,3,False,1,30000.000000000,1,0,0.000000000,0,0.000405551,0.000000000,False,False,1,0,1,0,0.000000000,0.000000000,1.000000000,0.668331948,0.176291434,0.150190483,0.200000000,0.000000000,0.288286444
100000005087431100,peripheral,0.050000000,77,0.000000000,Гип. peripheral; d=0; контр. в/из=0/0; KZT в/из=0/0; tx=0/0; роль не определена; нет рёбер; роль неизвестна; вход seed неполон,0,True,0,0.000000000,0,0,0.000000000,0,0.000284037,,False,False,0,0,0,0,0.000000000,0.000000000,0.000000000,0.000000000,0.000000000,0.000000000,0.000000000,0.000000000,0.000000000
100000005087923100,peripheral,0.150000000,27,0.161230502,Гип. peripheral; d=4; контр. в/из=1/0; KZT в/из=20000/0; tx=1/0; роль не определена; обрыв d=4; дальнейший выход неизвестен,4,False,1,20000.000000000,1,0,0.000000000,0,0.000457725,,True,False,1,0,1,0,0.000000000,0.000000000,1.000000000,0.642046710,0.176291434,0.150190483,0.200000000,0.000000000,0.280400872
100000005089460100,peripheral,0.200000000,2,0.162568005,Гип. peripheral; d=3; контр. в/из=1/0; KZT в/из=12300/0; tx=1/0; роль не определена; баланс неизвестен,3,False,1,12300.000000000,1,0,0.000000000,0,0.000285943,0.000000000,False,False,1,0,1,0,0.000000000,0.000000000,1.000000000,0.610532718,0.176291434,0.150190483,0.200000000,0.000000000,0.270946675
100000005092518100,peripheral,0.200000000,2,0.171366474,Гип. peripheral; d=1; контр. в/из=1/0; KZT в/из=26144/0; tx=1/0; роль не определена; баланс неизвестен,1,False,1,26144.000000000,1,0,0.000000000,0,0.000289483,0.000000000,False,False,1,1,1,0,0.000000000,0.000000000,1.000000000,0.659413102,0.176291434,0.150190483,0.200000000,0.000000000,0.285610790
100000005093521100,peripheral,0.200000000,3,0.219038193,Гип. peripheral; d=1; контр. в/из=1/0; KZT в/из=15200/0; tx=1/0; роль не определена; баланс неизвестен,1,False,1,15200.000000000,1,0,0.000000000,0,0.000287056,0.000000000,False,False,4,1,1,0,0.000000000,0.000000000,1.000000000,0.624255983,0.176291434,0.150190483,0.800000000,0.000000000,0.365063654
100000005100475100,peripheral,0.200000000,7,0.176328848,Гип. peripheral; d=3; контр. в/из=1/0; KZT в/из=40000/0; tx=1/0; роль не определена; баланс неизвестен,3,False,1,40000.000000000,1,0,0.000000000,0,0.000335876,0.000000000,False,False,1,0,1,0,0.000000000,0.000000000,1.000000000,0.686981847,0.176291434,0.150190483,0.200000000,0.000000000,0.293881414
100000005105153100,peripheral,0.200000000,1,0.208971866,Гип. peripheral; d=2; контр. в/из=1/0; KZT в/из=30000/0; tx=1/0; роль не определена; баланс неизвестен,2,False,1,30000.000000000,1,0,0.000000000,0,0.000399912,0.000000000,False,False,3,0,1,0,0.000000000,0.000000000,1.000000000,0.668331948,0.176291434,0.150190483,0.600000000,0.000000000,0.348286444
100000005124479100,peripheral,0.200000000,1,0.275002386,Гип. peripheral; d=1; контр. в/из=2/2; KZT в/из=137753/22000; tx=2/2; роль не определена; баланс неизвестен,1,False,2,137753.000000000,2,2,22000.000000000,2,0.000301559,0.159706141,False,False,4,1,2,2,0.000000000,0.000000000,1.000000000,0.767148405,0.279415313,0.348731503,0.800000000,0.000000000,0.458337309
100000005127767100,peripheral,0.200000000,37,0.155990806,Гип. peripheral; d=3; контр. в/из=1/0; KZT в/из=7000/0; tx=1/0; роль не определена; баланс неизвестен,3,False,1,7000.000000000,1,0,0.000000000,0,0.000420007,0.000000000,False,False,1,0,1,0,0.000000000,0.000000000,1.000000000,0.573992722,0.176291434,0.150190483,0.200000000,0.000000000,0.259984676
100000005133757100,peripheral,0.200000000,4,0.256276212,Гип. peripheral; d=1; контр. в/из=2/0; KZT в/из=65000/0; tx=2/0; роль не определена; баланс неизвестен,1,False,2,65000.000000000,2,0,0.000000000,0,0.000297770,0.000000000,False,False,4,1,2,0,0.000000000,0.000000000,1.000000000,0.718456714,0.279415313,0.238046284,0.800000000,0.000000000,0.427127019
100000005140601100,peripheral,0.200000000,4,0.247373104,Гип. peripheral; d=2; контр. в/из=3/2; KZT в/из=52685/195300; tx=4/5; роль не определена; выход>1.2 входа: пропуски/начальный остаток,2,False,3,52685.000000000,4,2,195300.000000000,5,0.002836930,3.706937458,False,True,1,0,3,4,13685.000000000,0.259751352,0.639366043,0.789778786,0.352582869,0.498921986,0.200000000,0.000000000,0.412288507
100000005142492100,peripheral,0.200000000,7,0.188368758,Гип. peripheral; d=3; контр. в/из=1/1; KZT в/из=10000/57000; tx=1/1; роль не определена; выход>1.2 входа: пропуски/начальный остаток,3,False,1,10000.000000000,1,1,57000.000000000,1,0.002008140,5.700000000,False,True,1,0,1,1,0.000000000,0.000000000,0.000000000,0.709942336,0.176291434,0.238046284,0.200000000,0.000000000,0.313947930
100000005142589100,peripheral,0.200000000,1,0.204839765,Гип. peripheral; d=2; контр. в/из=1/0; KZT в/из=50000/0; tx=2/0; роль не определена; баланс неизвестен,2,False,1,50000.000000000,2,0,0.000000000,0,0.000308674,0.000000000,False,False,2,0,1,0,0.000000000,0.000000000,0.000000000,0.701447928,0.176291434,0.238046284,0.400000000,0.000000000,0.341399608
100000005146665100,peripheral,0.150000000,57,0.146794665,Гип. peripheral; d=4; контр. в/из=1/0; KZT в/из=5500/0; tx=1/0; роль не определена; обрыв d=4; дальнейший выход неизвестен,4,False,1,5500.000000000,1,0,0.000000000,0,0.000284916,,True,False,1,0,1,0,0.000000000,0.000000000,1.000000000,0.558360702,0.176291434,0.150190483,0.200000000,0.000000000,0.255295070
100000005168487100,peripheral,0.200000000,12,0.281975241,Гип. peripheral; d=2; контр. в/из=1/1; KZT в/из=15000/103510; tx=1/14; роль не определена; выход>1.2 входа: пропуски/начальный остаток,2,False,1,15000.000000000,1,1,103510.000000000,14,0.001905131,6.900666667,False,True,4,0,1,11,15000.000000000,1.000000000,1.000000000,0.748620525,0.176291434,0.600761933,0.800000000,0.000000000,0.469958734
100000005171642100,transit,0.635792000,27,0.451800287,Гип. transit; d=3; контр. в/из=2/1; KZT в/из=696800/683600; tx=5/4; out/in=0.981; 1–2д=0%; баланс неизвестен,3,False,2,696800.000000000,5,1,683600.000000000,4,0.002916193,0.981056257,False,False,1,0,5,4,0.000000000,0.000000000,1.000000000,0.872239865,0.279415313,0.498921986,0.200000000,0.650000000,0.552393320
100000005172860100,peripheral,0.200000000,1,0.165045253,Гип. peripheral; d=3; контр. в/из=1/0; KZT в/из=15209.2/0; tx=1/0; роль не определена; баланс неизвестен,3,False,1,15209.200000000,1,0,0.000000000,0,0.000290218,0.000000000,False,False,1,0,1,0,0.000000000,0.000000000,1.000000000,0.624295208,0.176291434,0.150190483,0.200000000,0.000000000,0.275075422
100000005175148100,peripheral,0.200000000,16,0.254069565,Гип. peripheral; d=2; контр. в/из=2/1; KZT в/из=79000/15000; tx=4/1; роль не определена; баланс неизвестен,2,False,2,79000.000000000,4,1,15000.000000000,1,0.000716860,0.189873418,False,False,3,0,3,1,15000.000000000,0.189873418,1.000000000,0.731102322,0.279415313,0.388236767,0.600000000,0.000000000,0.423449274
100000005182219100,peripheral,0.200000000,6,0.236326822,Гип. peripheral; d=3; контр. в/из=2/0; KZT в/из=55000/0; tx=2/0; роль не определена; баланс неизвестен,3,False,2,55000.000000000,2,0,0.000000000,0,0.000352094,0.000000000,False,False,3,0,2,0,0.000000000,0.000000000,1.000000000,0.707626773,0.279415313,0.238046284,0.600000000,0.000000000,0.393878037
100000005183943100,terminal,0.535594000,42,0.377233718,Гип. terminal; d=1; контр. в/из=1/0; KZT в/из=680900/0; tx=9/0; out/in=0.000; до24.07=96%; остаток неизвестен; гипотеза в окне,1,False,1,680900.000000000,9,0,0.000000000,0,0.000606450,0.000000000,False,False,1,1,9,0,0.000000000,0.000000000,0.955940667,0.870743397,0.176291434,0.498921986,0.200000000,0.450000000,0.491319604
100000005186109100,peripheral,0.200000000,16,0.188065041,Гип. peripheral; d=3; контр. в/из=1/0; KZT в/из=5000/0; tx=1/0; роль не определена; баланс неизвестен,3,False,1,5000.000000000,1,0,0.000000000,0,0.000602073,0.000000000,False,False,3,0,1,0,0.000000000,0.000000000,0.000000000,0.552182918,0.176291434,0.150190483,0.600000000,0.000000000,0.313441735
100000005186131100,peripheral,0.200000000,1,0.186059513,Гип. peripheral; d=3; контр. в/из=1/1; KZT в/из=10000/10000; tx=1/1; роль не определена; баланс неизвестен,3,False,1,10000.000000000,1,1,10000.000000000,1,0.000284597,1.000000000,False,False,2,0,1,1,0.000000000,0.000000000,1.000000000,0.597113194,0.176291434,0.238046284,0.400000000,0.000000000,0.310099188
100000005187208100,peripheral,0.200000000,6,0.164211187,Гип. peripheral; d=3; контр. в/из=1/0; KZT в/из=14160/0; tx=1/0; роль не определена; баланс неизвестен,3,False,1,14160.000000000,1,0,0.000000000,0,0.000310255,0.000000000,False,False,1,0,1,0,0.000000000,0.000000000,1.000000000,0.619661510,0.176291434,0.150190483,0.200000000,0.000000000,0.273685312
100000005189258100,peripheral,0.150000000,6,0.171477212,Гип. peripheral; d=4; контр. в/из=1/0; KZT в/из=50000/0; tx=1/0; роль не определена; обрыв d=4; дальнейший выход неизвестен,4,False,1,50000.000000000,1,0,0.000000000,0,0.000314206,,True,False,1,0,1,0,0.000000000,0.000000000,1.000000000,0.701447928,0.176291434,0.150190483,0.200000000,0.000000000,0.298221238
100000005198498100,peripheral,0.200000000,2,0.172495514,Гип. peripheral; d=3; контр. в/из=1/0; KZT в/из=28800/0; tx=1/0; роль не определена; баланс неизвестен,3,False,1,28800.000000000,1,0,0.000000000,0,0.000288499,0.000000000,False,False,1,0,1,0,0.000000000,0.000000000,1.000000000,0.665685547,0.176291434,0.150190483,0.200000000,0.000000000,0.287492523
100000005198906100,peripheral,0.200000000,6,0.240544302,Гип. peripheral; d=3; контр. в/из=1/1; KZT в/из=227970/60000; tx=1/1; роль не определена; баланс неизвестен,3,False,1,227970.000000000,1,1,60000.000000000,1,0.000291364,0.263192525,False,False,3,0,1,1,0.000000000,0.000000000,1.000000000,0.799806467,0.176291434,0.238046284,0.600000000,0.000000000,0.400907170
100000005203590100,peripheral,0.200000000,7,0.185791761,Гип. peripheral; d=2; контр. в/из=1/0; KZT в/из=90000/0; tx=1/0; роль не определена; баланс неизвестен,2,False,1,90000.000000000,1,0,0.000000000,0,0.000300980,0.000000000,False,False,1,0,1,0,0.000000000,0.000000000,0.000000000,0.739553583,0.176291434,0.150190483,0.200000000,0.000000000,0.309652934
100000005205745100,peripheral,0.200000000,7,0.190192236,Гип. peripheral; d=2; контр. в/из=1/0; KZT в/из=6000/0; tx=1/0; роль не определена; баланс неизвестен,2,False,1,6000.000000000,1,0,0.000000000,0,0.000310547,0.000000000,False,False,3,0,1,0,0.000000000,0.000000000,1.000000000,0.564000671,0.176291434,0.150190483,0.600000000,0.000000000,0.316987061
100000005209352100,peripheral,0.150000000,1,0.162978998,Гип. peripheral; d=4; контр. в/из=1/0; KZT в/из=5000/0; tx=1/0; роль не определена; обрыв d=4; дальнейший выход неизвестен,4,False,1,5000.000000000,1,0,0.000000000,0,0.000417825,,True,False,2,0,1,0,0.000000000,0.000000000,1.000000000,0.552182918,0.176291434,0.150190483,0.400000000,0.000000000,0.283441735
100000005222360100,peripheral,0.200000000,15,0.179649437,Гип. peripheral; d=3; контр. в/из=1/1; KZT в/из=5000/27000; tx=1/1; роль не определена; выход>1.2 входа: пропуски/начальный остаток,3,False,1,5000.000000000,1,1,27000.000000000,1,0.000600669,5.400000000,False,True,1,0,1,1,0.000000000,0.000000000,1.000000000,0.661501662,0.176291434,0.238046284,0.200000000,0.000000000,0.299415728
100000005226217100,peripheral,0.150000000,9,0.176987276,Гип. peripheral; d=4; контр. в/из=1/0; KZT в/из=17500/0; tx=1/0; роль не определена; обрыв d=4; дальнейший выход неизвестен,4,False,1,17500.000000000,1,0,0.000000000,0,0.000380822,,True,False,2,0,1,0,0.000000000,0.000000000,1.000000000,0.633390328,0.176291434,0.150190483,0.400000000,0.000000000,0.307803958
100000005228059100,peripheral,0.200000000,2,0.171302024,Гип. peripheral; d=1; контр. в/из=1/0; KZT в/из=26000/0; tx=1/0; роль не определена; баланс неизвестен,1,False,1,26000.000000000,1,0,0.000000000,0,0.000289453,0.000000000,False,False,1,1,1,0,0.000000000,0.000000000,1.000000000,0.659055047,0.176291434,0.150190483,0.200000000,0.000000000,0.285503374
100000005233755100,peripheral,0.200000000,17,0.178751382,Гип. peripheral; d=3; контр. в/из=1/1; KZT в/из=25000/5000; tx=1/1; роль не определена; баланс неизвестен,3,False,1,25000.000000000,1,1,5000.000000000,1,0.000290034,0.200000000,False,False,1,0,1,1,0.000000000,0.000000000,1.000000000,0.656512467,0.176291434,0.238046284,0.200000000,0.000000000,0.297918970
100000005235389100,peripheral,0.050000000,78,0.000000000,Гип. peripheral; d=0; контр. в/из=0/0; KZT в/из=0/0; tx=0/0; роль не определена; нет рёбер; роль неизвестна; вход seed неполон,0,True,0,0.000000000,0,0,0.000000000,0,0.000284037,,False,False,0,0,0,0,0.000000000,0.000000000,0.000000000,0.000000000,0.000000000,0.000000000,0.000000000,0.000000000,0.000000000
100000005237935150,peripheral,0.200000000,14,0.174605460,Гип. peripheral; d=2; контр. в/из=1/0; KZT в/из=34508/0; tx=1/0; роль не определена; баланс неизвестен,2,False,1,34508.000000000,1,0,0.000000000,0,0.000296364,0.000000000,False,False,1,0,1,0,0.000000000,0.000000000,1.000000000,0.677407469,0.176291434,0.150190483,0.200000000,0.000000000,0.291009100
100000005241556100,peripheral,0.200000000,18,0.187021242,Гип. peripheral; d=3; контр. в/из=1/0; KZT в/из=100000/0; tx=1/0; роль не определена; баланс неизвестен,3,False,1,100000.000000000,1,0,0.000000000,0,0.000545788,0.000000000,False,False,1,0,1,0,0.000000000,0.000000000,1.000000000,0.746384037,0.176291434,0.150190483,0.200000000,0.000000000,0.311702071
100000005242320100,distributor,0.600000000,14,0.631899825,Гип. distributor; d=2; контр. в/из=2/21; KZT в/из=365700/8936295; tx=2/29; дней выхода=15; выход>1.2 входа: пропуски/начальный остаток,2,False,2,365700.000000000,2,21,8936295.000000000,29,0.000497182,24.436136177,False,True,2,0,2,15,365700.000000000,1.000000000,1.000000000,1.000000000,0.786159597,0.750952416,0.400000000,0.800000000,0.789874782
100000005264874100,peripheral,0.200000000,36,0.214365436,Гип. peripheral; d=3; контр. в/из=1/2; KZT в/из=30000/78000; tx=1/3; роль не определена; выход>1.2 входа: пропуски/начальный остаток,3,False,1,30000.000000000,1,2,78000.000000000,3,0.000425698,2.600000000,False,True,1,0,1,3,0.000000000,0.000000000,1.000000000,0.730276461,0.279415313,0.348731503,0.200000000,0.000000000,0.357275726
100000005264990100,peripheral,0.200000000,20,0.233233702,Гип. peripheral; d=0; контр. в/из=1/2; KZT в/из=17070/122000; tx=1/2; роль не определена; seed: вход неполон; баланс неизвестен,0,True,1,17070.000000000,1,2,122000.000000000,2,0.000361890,,False,True,2,0,1,2,0.000000000,0.000000000,1.000000000,0.759275429,0.279415313,0.300380966,0.400000000,0.000000000,0.388722836
100000005265073100,peripheral,0.200000000,20,0.184830148,Гип. peripheral; d=3; контр. в/из=1/1; KZT в/из=5000/9000; tx=1/1; роль не определена; выход>1.2 входа: пропуски/начальный остаток,3,False,1,5000.000000000,1,1,9000.000000000,1,0.000297502,1.800000000,False,True,2,0,1,1,0.000000000,0.000000000,1.000000000,0.590283388,0.176291434,0.238046284,0.400000000,0.000000000,0.308050246
100000005268319100,peripheral,0.200000000,1,0.255952773,Гип. peripheral; d=3; контр. в/из=1/5; KZT в/из=19712.8/91000; tx=2/10; роль не определена; выход>1.2 входа: пропуски/начальный остаток,3,False,1,19712.800000000,2,5,91000.000000000,10,0.000292048,4.616289923,False,True,1,0,2,8,9000.000000000,0.456556146,1.000000000,0.740269937,0.455706747,0.555770829,0.200000000,0.000000000,0.426587955
100000005272139100,peripheral,0.150000000,5,0.184828907,Гип. peripheral; d=4; контр. в/из=1/0; KZT в/из=165000/0; tx=1/0; роль не определена; обрыв d=4; дальнейший выход неизвестен,4,False,1,165000.000000000,1,0,0.000000000,0,0.000750572,,True,False,1,0,1,0,0.000000000,0.000000000,1.000000000,0.778849063,0.176291434,0.150190483,0.200000000,0.000000000,0.321441578
100000005287097100,peripheral,0.200000000,5,0.356779582,Гип. peripheral; d=1; контр. в/из=2/9; KZT в/из=127173/697300; tx=5/42; роль не определена; выход>1.2 входа: пропуски/начальный остаток,1,False,2,127173.000000000,5,9,697300.000000000,42,0.000301057,5.483082101,False,True,3,1,4,17,15500.000000000,0.121881217,0.870648644,0.872286368,0.585627469,0.838808217,0.600000000,0.000000000,0.594632637
100000005293969100,peripheral,0.150000000,1,0.146727315,Гип. peripheral; d=4; контр. в/из=1/0; KZT в/из=5466.97/0; tx=1/0; роль не определена; обрыв d=4; дальнейший выход неизвестен,4,False,1,5466.970000000,1,0,0.000000000,0,0.000527356,,True,False,1,0,1,0,0.000000000,0.000000000,1.000000000,0.557970266,0.176291434,0.150190483,0.200000000,0.000000000,0.255177939
100000005308954100,peripheral,0.200000000,5,0.190601606,Гип. peripheral; d=3; контр. в/из=1/1; KZT в/из=69020/30000; tx=1/1; роль не определена; баланс неизвестен,3,False,1,69020.000000000,1,1,30000.000000000,1,0.000357369,0.434656621,False,False,1,0,1,1,0.000000000,0.000000000,1.000000000,0.722347045,0.176291434,0.238046284,0.200000000,0.000000000,0.317669343
100000005314565100,terminal,0.480000000,1,0.325179823,Гип. terminal; d=3; контр. в/из=1/0; KZT в/из=218500/0; tx=3/0; out/in=0.000; до24.07=100%; остаток неизвестен; гипотеза в окне,3,False,1,218500.000000000,3,0,0.000000000,0,0.000372832,0.000000000,False,False,1,0,1,0,0.000000000,0.000000000,1.000000000,0.797055869,0.176291434,0.300380966,0.200000000,0.450000000,0.439432193
100000005316708100,peripheral,0.200000000,7,0.231857705,Гип. peripheral; d=1; контр. в/из=1/2; KZT в/из=90000/257500; tx=1/4; роль не определена; выход>1.2 входа: пропуски/начальный остаток,1,False,1,90000.000000000,1,2,257500.000000000,4,0.000296080,2.861111111,False,True,1,1,1,3,0.000000000,0.000000000,0.000000000,0.807703102,0.279415313,0.388236767,0.200000000,0.000000000,0.386429508
100000005317181100,peripheral,0.200000000,1,0.216958390,Гип. peripheral; d=3; контр. в/из=1/1; KZT в/из=141250/14500; tx=1/1; роль не определена; баланс неизвестен,3,False,1,141250.000000000,1,1,14500.000000000,1,0.000320583,0.102654867,False,False,2,0,1,1,0.000000000,0.000000000,1.000000000,0.768773627,0.176291434,0.238046284,0.400000000,0.000000000,0.361597317
100000005326681100,peripheral,0.200000000,16,0.209440001,Гип. peripheral; d=2; контр. в/из=1/0; KZT в/из=31228/0; tx=1/0; роль не определена; баланс неизвестен,2,False,1,31228.000000000,1,0,0.000000000,0,0.000293896,0.000000000,False,False,3,0,1,0,0.000000000,0.000000000,0.000000000,0.670932698,0.176291434,0.150190483,0.600000000,0.000000000,0.349066669
100000005328215100,peripheral,0.200000000,8,0.171742415,Гип. peripheral; d=2; контр. в/из=1/0; KZT в/из=27000/0; tx=1/0; роль не определена; баланс неизвестен,2,False,1,27000.000000000,1,0,0.000000000,0,0.000296809,0.000000000,False,False,1,0,1,0,0.000000000,0.000000000,1.000000000,0.661501662,0.176291434,0.150190483,0.200000000,0.000000000,0.286237358
100000005339662100,peripheral,0.200000000,16,0.312871396,Гип. peripheral; d=1; контр. в/из=4/4; KZT в/из=202939/295160; tx=9/15; роль не определена; выход>1.2 входа: пропуски/начальный остаток,1,False,4,202939.000000000,9,4,295160.000000000,15,0.001655021,1.454427192,False,True,3,1,6,11,78850.000000000,0.388540399,0.294053878,0.816552231,0.409336034,0.697463005,0.600000000,0.000000000,0.521452327
100000005342513100,peripheral,0.200000000,2,0.210508839,Гип. peripheral; d=3; контр. в/из=1/1; KZT в/из=235000/30000; tx=2/1; роль не определена; баланс неизвестен,3,False,1,235000.000000000,2,1,30000.000000000,1,0.001136700,0.127659574,False,False,1,0,2,1,0.000000000,0.000000000,1.000000000,0.801775443,0.176291434,0.300380966,0.200000000,0.000000000,0.350848065
100000005357034100,peripheral,0.200000000,1,0.177861863,Гип. peripheral; d=3; контр. в/из=1/0; KZT в/из=9754/0; tx=1/0; роль не определена; баланс неизвестен,3,False,1,9754.000000000,1,0,0.000000000,0,0.000284583,0.000000000,False,False,2,0,1,0,0.000000000,0.000000000,1.000000000,0.595498594,0.176291434,0.150190483,0.400000000,0.000000000,0.296436438
100000005357705100,peripheral,0.200000000,4,0.255210873,Гип. peripheral; d=3; контр. в/из=1/4; KZT в/из=52595/387080; tx=1/5; роль не определена; выход>1.2 входа: пропуски/начальный остаток,3,False,1,52595.000000000,1,4,387080.000000000,5,0.000294654,7.359634946,False,True,1,0,1,4,0.000000000,0.000000000,0.000000000,0.834128497,0.409336034,0.421637992,0.200000000,0.000000000,0.425351455
100000005360814100,peripheral,0.150000000,4,0.196260456,Гип. peripheral; d=4; контр. в/из=1/0; KZT в/из=144000/0; tx=3/0; роль не определена; обрыв d=4; дальнейший выход неизвестен,4,False,1,144000.000000000,3,0,0.000000000,0,0.000431169,,True,False,1,0,3,0,0.000000000,0.000000000,1.000000000,0.770023666,0.176291434,0.300380966,0.200000000,0.000000000,0.341322532
100000005362848100,peripheral,0.200000000,8,0.172576269,Гип. peripheral; d=3; контр. в/из=1/0; KZT в/из=29000/0; tx=1/0; роль не определена; баланс неизвестен,3,False,1,29000.000000000,1,0,0.000000000,0,0.000294767,0.000000000,False,False,1,0,1,0,0.000000000,0.000000000,1.000000000,0.666134184,0.176291434,0.150190483,0.200000000,0.000000000,0.287627114
100000005363908100,peripheral,0.200000000,47,0.175852117,Гип. peripheral; d=1; контр. в/из=1/1; KZT в/из=19500/19500; tx=1/1; роль не определена; баланс неизвестен,1,False,1,19500.000000000,1,1,19500.000000000,1,0.000336640,1.000000000,False,False,1,1,1,1,0.000000000,0.000000000,1.000000000,0.640405439,0.176291434,0.238046284,0.200000000,0.000000000,0.293086861
100000005367180100,peripheral,0.150000000,4,0.150556915,Гип. peripheral; d=4; контр. в/из=1/0; KZT в/из=7700/0; tx=1/0; роль не определена; обрыв d=4; дальнейший выход неизвестен,4,False,1,7700.000000000,1,0,0.000000000,0,0.000777500,,True,False,1,0,1,0,0.000000000,0.000000000,1.000000000,0.580170843,0.176291434,0.150190483,0.200000000,0.000000000,0.261838112
100000005367284100,peripheral,0.200000000,1,0.233334230,Гип. peripheral; d=3; контр. в/из=1/2; KZT в/из=13700/48300; tx=1/5; роль не определена; выход>1.2 входа: пропуски/начальный остаток,3,False,1,13700.000000000,1,2,48300.000000000,5,0.000287582,3.525547445,False,True,2,0,1,5,0.000000000,0.000000000,1.000000000,0.699205409,0.279415313,0.421637992,0.400000000,0.000000000,0.388890384
100000005367445100,peripheral,0.200000000,10,0.159972063,Гип. peripheral; d=3; контр. в/из=1/1; KZT в/из=5000/5000; tx=1/1; роль не определена; баланс неизвестен,3,False,1,5000.000000000,1,1,5000.000000000,1,0.001937927,1.000000000,False,False,1,0,1,1,5000.000000000,1.000000000,1.000000000,0.552182918,0.176291434,0.238046284,0.200000000,0.000000000,0.266620105
100000005370558100,peripheral,0.150000000,1,0.145728998,Гип. peripheral; d=4; контр. в/из=1/0; KZT в/из=5000/0; tx=1/0; роль не определена; обрыв d=4; дальнейший выход неизвестен,4,False,1,5000.000000000,1,0,0.000000000,0,0.000297677,,True,False,1,0,1,0,0.000000000,0.000000000,1.000000000,0.552182918,0.176291434,0.150190483,0.200000000,0.000000000,0.253441735
100000005370580100,peripheral,0.200000000,13,0.188404419,Гип. peripheral; d=0; контр. в/из=1/0; KZT в/из=24075/0; tx=1/0; роль не определена; seed: вход неполон; баланс неизвестен,0,True,1,24075.000000000,1,0,0.000000000,0,0.000343996,,False,False,2,0,1,0,0.000000000,0.000000000,0.000000000,0.654068353,0.176291434,0.150190483,0.400000000,0.000000000,0.314007365
100000005375968100,peripheral,0.200000000,1,0.245017970,Гип. peripheral; d=3; контр. в/из=1/2; KZT в/из=170082/86000; tx=1/4; роль не определена; баланс неизвестен,3,False,1,170082.000000000,1,2,86000.000000000,4,0.000293549,0.505638457,False,False,2,0,1,4,10000.000000000,0.058795169,0.000000000,0.780815683,0.279415313,0.388236767,0.400000000,0.000000000,0.408363283
100000005382566100,consolidator,0.600000000,20,0.607742001,Гип. consolidator; d=0; контр. в/из=7/1; KZT в/из=393066/50000; tx=11/1; seed-вход=6; seed: вход неполон; баланс неизвестен,0,True,7,393066.000000000,11,1,50000.000000000,1,0.002097761,,False,False,11,6,7,1,29000.000000000,0.073778958,1.000000000,0.835123386,0.528874303,0.555770829,1.000000000,0.850000000,0.759677501
100000005386383100,peripheral,0.200000000,20,0.255467750,Гип. peripheral; d=0; контр. в/из=2/1; KZT в/из=37500/29000; tx=2/1; роль не определена; seed: вход неполон; баланс неизвестен,0,True,2,37500.000000000,2,1,29000.000000000,1,0.000521220,,False,False,4,0,1,1,0.000000000,0.000000000,1.000000000,0.682797921,0.279415313,0.300380966,0.800000000,0.000000000,0.425779584
100000005392290100,peripheral,0.200000000,68,0.166629079,Гип. peripheral; d=0; контр. в/из=0/1; KZT в/из=0/81465; tx=0/1; роль не определена; seed: вход неполон; баланс неизвестен,0,True,0,0.000000000,0,1,81465.000000000,1,0.000284037,,False,True,0,0,0,1,0.000000000,0.000000000,0.000000000,0.733094241,0.176291434,0.150190483,0.000000000,0.000000000,0.277715132
100000005394708100,peripheral,0.200000000,20,0.189901346,Гип. peripheral; d=1; контр. в/из=1/1; KZT в/из=26000/65000; tx=1/1; роль не определена; выход>1.2 входа: пропуски/начальный остаток,1,False,1,26000.000000000,1,1,65000.000000000,1,0.000343256,2.500000000,False,True,1,1,1,1,26000.000000000,1.000000000,1.000000000,0.718456714,0.176291434,0.238046284,0.200000000,0.000000000,0.316502244
100000005395727100,peripheral,0.200000000,16,0.202344127,Гип. peripheral; d=0; контр. в/из=1/0; KZT в/из=17000/0; tx=1/0; роль не определена; seed: вход неполон; баланс неизвестен,0,True,1,17000.000000000,1,0,0.000000000,0,0.000369107,,False,False,3,0,1,0,0.000000000,0.000000000,0.000000000,0.631511174,0.176291434,0.150190483,0.600000000,0.000000000,0.337240212
100000005402643100,peripheral,0.200000000,9,0.197790702,Гип. peripheral; d=2; контр. в/из=1/1; KZT в/из=127800/90000; tx=1/1; роль не определена; баланс неизвестен,2,False,1,127800.000000000,1,1,90000.000000000,1,0.000295983,0.704225352,False,False,1,0,1,1,0.000000000,0.000000000,0.000000000,0.762286468,0.176291434,0.238046284,0.200000000,0.000000000,0.329651170
100000005409156100,peripheral,0.200000000,6,0.254456900,Гип. peripheral; d=3; контр. в/из=2/0; KZT в/из=260080/0; tx=2/0; роль не определена; баланс неизвестен,3,False,2,260080.000000000,2,0,0.000000000,0,0.000421426,0.000000000,False,False,3,0,2,0,0.000000000,0.000000000,1.000000000,0.808349426,0.279415313,0.238046284,0.600000000,0.000000000,0.424094833
100000005409680100,peripheral,0.200000000,19,0.254339545,Гип. peripheral; d=0; контр. в/из=2/0; KZT в/из=55060/0; tx=2/0; роль не определена; seed: вход неполон; баланс неизвестен,0,True,2,55060.000000000,2,0,0.000000000,0,0.000629323,,False,False,4,0,2,0,0.000000000,0.000000000,1.000000000,0.707697456,0.279415313,0.238046284,0.800000000,0.000000000,0.423899242
100000005413948100,peripheral,0.200000000,10,0.198148056,Гип. peripheral; d=2; контр. в/из=2/1; KZT в/из=28215/5000; tx=2/1; роль не определена; баланс неизвестен,2,False,2,28215.000000000,2,1,5000.000000000,1,0.001945753,0.177210704,False,False,1,0,2,1,0.000000000,0.000000000,1.000000000,0.664355175,0.279415313,0.300380966,0.200000000,0.000000000,0.330246760
100000005417257100,peripheral,0.200000000,20,0.189983087,Гип. peripheral; d=0; контр. в/из=0/2; KZT в/из=0/106000; tx=0/2; роль не определена; seed: вход неполон; баланс неизвестен,0,True,0,0.000000000,0,2,106000.000000000,2,0.000284037,,False,True,0,0,0,2,0.000000000,0.000000000,0.000000000,0.750161576,0.279415313,0.238046284,0.000000000,0.000000000,0.316638478
100000005432267100,peripheral,0.200000000,3,0.275922080,Гип. peripheral; d=1; контр. в/из=2/0; KZT в/из=350001/0; tx=2/0; роль не определена; баланс неизвестен,1,False,2,350001.000000000,2,0,0.000000000,0,0.000340351,0.000000000,False,False,4,1,1,0,0.000000000,0.000000000,1.000000000,0.827600430,0.279415313,0.238046284,0.800000000,0.000000000,0.459870134
100000005454368100,peripheral,0.200000000,13,0.216883232,Гип. peripheral; d=0; контр. в/из=2/0; KZT в/из=48600/0; tx=2/0; роль не определена; seed: вход неполон; баланс неизвестен,0,True,2,48600.000000000,2,0,0.000000000,0,0.000391886,,False,False,2,0,2,0,0.000000000,0.000000000,1.000000000,0.699606826,0.279415313,0.238046284,0.400000000,0.000000000,0.361472053
100000005456919100,terminal,0.550000000,41,0.396077863,Гип. terminal; d=1; контр. в/из=2/1; KZT в/из=479950/5000; tx=10/1; out/in=0.010; до24.07=100%; остаток неизвестен; гипотеза в окне,1,False,2,479950.000000000,10,1,5000.000000000,1,0.001432681,0.010417752,False,False,1,1,6,1,5000.000000000,0.010417752,1.000000000,0.848070199,0.279415313,0.538427250,0.200000000,0.450000000,0.511068210
100000005473151100,peripheral,0.200000000,8,0.295421251,Гип. peripheral; d=1; контр. в/из=3/4; KZT в/из=1220000/225000; tx=4/6; роль не определена; баланс неизвестен,1,False,3,1220000.000000000,4,4,225000.000000000,6,0.000465606,0.184426230,False,False,2,1,2,3,25000.000000000,0.020491803,1.000000000,0.908551629,0.409336034,0.519573706,0.400000000,0.000000000,0.492368751
100000005474472100,peripheral,0.200000000,23,0.187021242,Гип. peripheral; d=2; контр. в/из=1/0; KZT в/из=100000/0; tx=1/0; роль не определена; баланс неизвестен,2,False,1,100000.000000000,1,0,0.000000000,0,0.000541707,0.000000000,False,False,1,0,1,0,0.000000000,0.000000000,1.000000000,0.746384037,0.176291434,0.150190483,0.200000000,0.000000000,0.311702071
100000005475379100,peripheral,0.200000000,12,0.226982897,Гип. peripheral; d=3; контр. в/из=1/3; KZT в/из=108370/81000; tx=1/3; роль не определена; баланс неизвестен,3,False,1,108370.000000000,1,3,81000.000000000,3,0.000419114,0.747439328,False,False,1,0,1,3,0.000000000,0.000000000,1.000000000,0.751595098,0.352582869,0.348731503,0.200000000,0.000000000,0.378304828
100000005480435100,peripheral,0.050000000,79,0.000000000,Гип. peripheral; d=0; контр. в/из=0/0; KZT в/из=0/0; tx=0/0; роль не определена; нет рёбер; роль неизвестна; вход seed неполон,0,True,0,0.000000000,0,0,0.000000000,0,0.000284037,,False,False,0,0,0,0,0.000000000,0.000000000,0.000000000,0.000000000,0.000000000,0.000000000,0.000000000,0.000000000,0.000000000
100000005481280100,peripheral,0.200000000,16,0.253956407,Гип. peripheral; d=2; контр. в/из=1/3; KZT в/из=32700/50000; tx=1/3; роль не определена; выход>1.2 входа: пропуски/начальный остаток,2,False,1,32700.000000000,1,3,50000.000000000,3,0.000294360,1.529051988,False,True,3,0,1,3,17000.000000000,0.519877676,0.000000000,0.701447928,0.352582869,0.348731503,0.600000000,0.000000000,0.423260678
100000005485830100,peripheral,0.200000000,44,0.245779117,Гип. peripheral; d=0; контр. в/из=0/5; KZT в/из=0/275885; tx=0/9; роль не определена; seed: вход неполон; баланс неизвестен,0,True,0,0.000000000,0,5,275885.000000000,9,0.000284037,,False,True,0,0,0,7,0.000000000,0.000000000,0.000000000,0.812174049,0.455706747,0.498921986,0.000000000,0.000000000,0.409631862
100000005493505100,peripheral,0.200000000,13,0.288118799,Гип. peripheral; d=0; контр. в/из=3/0; KZT в/из=62020/0; tx=3/0; роль не определена; seed: вход неполон; баланс неизвестен,0,True,3,62020.000000000,3,0,0.000000000,0,0.000613666,,False,False,6,1,3,0,0.000000000,0.000000000,1.000000000,0.715414265,0.352582869,0.300380966,1.000000000,0.000000000,0.480197998
100000005495211100,peripheral,0.150000000,1,0.174884386,Гип. peripheral; d=4; контр. в/из=1/0; KZT в/из=14500/0; tx=1/0; роль не определена; обрыв d=4; дальнейший выход неизвестен,4,False,1,14500.000000000,1,0,0.000000000,0,0.000556533,,True,False,2,0,1,0,0.000000000,0.000000000,1.000000000,0.621199661,0.176291434,0.150190483,0.400000000,0.000000000,0.304146758
100000005495722100,peripheral,0.050000000,80,0.000000000,Гип. peripheral; d=0; контр. в/из=0/0; KZT в/из=0/0; tx=0/0; роль не определена; нет рёбер; роль неизвестна; вход seed неполон,0,True,0,0.000000000,0,0,0.000000000,0,0.000284037,,False,False,0,0,0,0,0.000000000,0.000000000,0.000000000,0.000000000,0.000000000,0.000000000,0.000000000,0.000000000,0.000000000
100000005496254100,peripheral,0.200000000,1,0.162941428,Гип. peripheral; d=1; контр. в/из=1/0; KZT в/из=12700/0; tx=1/0; роль не определена; баланс неизвестен,1,False,1,12700.000000000,1,0,0.000000000,0,0.000286402,0.000000000,False,False,1,1,1,0,0.000000000,0.000000000,1.000000000,0.612607290,0.176291434,0.150190483,0.200000000,0.000000000,0.271569046
100000005497148100,peripheral,0.150000000,6,0.205346906,Гип. peripheral; d=4; контр. в/из=1/0; KZT в/из=24000/0; tx=2/0; роль не определена; обрыв d=4; дальнейший выход неизвестен,4,False,1,24000.000000000,2,0,0.000000000,0,0.000487124,,True,False,3,0,2,0,0.000000000,0.000000000,1.000000000,0.653866083,0.176291434,0.238046284,0.600000000,0.000000000,0.357125055
100000005498992100,distributor,0.600000000,9,0.548851633,Гип. distributor; d=0; контр. в/из=0/16; KZT в/из=0/2262868; tx=0/19; дней выхода=10; seed: вход неполон; баланс неизвестен,0,True,0,0.000000000,0,16,2262868.000000000,19,0.000284037,,False,True,0,0,0,10,0.000000000,0.000000000,0.000000000,0.948602446,0.720584687,0.649112469,0.000000000,0.800000000,0.686064542
100000005505655100,peripheral,0.200000000,25,0.218000779,Гип. peripheral; d=1; контр. в/из=2/1; KZT в/из=33070/20000; tx=2/1; роль не определена; баланс неизвестен,1,False,2,33070.000000000,2,1,20000.000000000,1,0.000319700,0.604777744,False,False,2,1,2,1,0.000000000,0.000000000,1.000000000,0.674648083,0.279415313,0.300380966,0.400000000,0.000000000,0.363334632
100000005507142100,peripheral,0.200000000,36,0.235210501,Гип. peripheral; d=2; контр. в/из=3/3; KZT в/из=51000/100000; tx=3/4; роль не определена; выход>1.2 входа: пропуски/начальный остаток,2,False,3,51000.000000000,3,3,100000.000000000,4,0.000555533,1.960784314,False,True,1,0,3,4,0.000000000,0.000000000,0.705882353,0.746384037,0.352582869,0.450571450,0.200000000,0.000000000,0.392017502
100000005514161100,consolidator,0.612500000,7,0.583911251,Гип. consolidator; d=1; контр. в/из=4/1; KZT в/из=401500/50000; tx=7/1; seed-вход=1; баланс неизвестен,1,False,4,401500.000000000,7,1,50000.000000000,1,0.000801182,0.124533001,False,False,6,1,4,1,0.000000000,0.000000000,0.273972603,0.836499724,0.409336034,0.476092568,1.000000000,0.850000000,0.724231009
100000005519347100,peripheral,0.200000000,5,0.266795971,Гип. peripheral; d=0; контр. в/из=2/1; KZT в/из=73100/99000; tx=2/1; роль не определена; seed: вход неполон; баланс неизвестен,0,True,2,73100.000000000,2,1,99000.000000000,1,0.000553151,,False,True,4,1,2,1,0.000000000,0.000000000,1.000000000,0.745732480,0.279415313,0.300380966,0.800000000,0.000000000,0.444659952
100000005519998100,transit,0.676374000,33,0.463084552,Гип. transit; d=2; контр. в/из=3/3; KZT в/из=182000/188000; tx=5/8; out/in=1.033; 1–2д=34%; баланс неизвестен,2,False,3,182000.000000000,5,3,188000.000000000,8,0.000647802,1.032967033,False,False,1,0,5,7,62000.000000000,0.340659341,0.890109890,0.787309107,0.352582869,0.571828476,0.200000000,0.650000000,0.552483577
100000005523088100,peripheral,0.200000000,20,0.289635781,Гип. peripheral; d=0; контр. в/из=1/0; KZT в/из=700000/0; tx=2/0; роль не определена; seed: вход неполон; баланс неизвестен,0,True,1,700000.000000000,2,0,0.000000000,0,0.001704297,,False,False,7,1,1,0,0.000000000,0.000000000,1.000000000,0.872536910,0.176291434,0.238046284,1.000000000,0.000000000,0.482726302
100000005527892100,peripheral,0.200000000,18,0.341811769,Гип. peripheral; d=1; контр. в/из=3/8; KZT в/из=220001/552419; tx=3/8; роль не определена; выход>1.2 входа: пропуски/начальный остаток,1,False,3,220001.000000000,3,8,552419.000000000,8,0.000310719,2.510984041,False,True,4,1,3,6,100000.000000000,0.454543388,0.681819628,0.857186898,0.558830625,0.538427250,0.800000000,0.000000000,0.569686282
100000005530114100,peripheral,0.200000000,17,0.216584319,Гип. peripheral; d=3; контр. в/из=2/1; KZT в/из=136970/25000; tx=2/1; роль не определена; баланс неизвестен,3,False,2,136970.000000000,2,1,25000.000000000,1,0.000491960,0.182521720,False,False,1,0,2,1,25000.000000000,0.182521720,1.000000000,0.766778857,0.279415313,0.300380966,0.200000000,0.000000000,0.360973864
100000005532138100,peripheral,0.200000000,7,0.170865811,Гип. peripheral; d=3; контр. в/из=1/0; KZT в/из=25046/0; tx=1/0; роль не определена; баланс неизвестен,3,False,1,25046.000000000,1,0,0.000000000,0,0.000292202,0.000000000,False,False,1,0,1,0,0.000000000,0.000000000,1.000000000,0.656631640,0.176291434,0.150190483,0.200000000,0.000000000,0.284776351
100000005539201100,peripheral,0.200000000,5,0.203740264,Гип. peripheral; d=1; контр. в/из=1/1; KZT в/из=45504/25000; tx=1/1; роль не определена; баланс неизвестен,1,False,1,45504.000000000,1,1,25000.000000000,1,0.000288898,0.549402250,False,False,2,1,1,1,0.000000000,0.000000000,1.000000000,0.695339590,0.176291434,0.238046284,0.400000000,0.000000000,0.339567107
100000005539910100,peripheral,0.200000000,3,0.267144334,Гип. peripheral; d=2; контр. в/из=1/2; KZT в/из=102000/22000; tx=1/2; роль не определена; баланс неизвестен,2,False,1,102000.000000000,1,2,22000.000000000,2,0.000495770,0.215686275,False,False,4,0,1,1,0.000000000,0.000000000,1.000000000,0.747667830,0.279415313,0.300380966,0.800000000,0.000000000,0.445240556
100000005543136100,peripheral,0.200000000,13,0.142152491,Гип. peripheral; d=0; контр. в/из=0/1; KZT в/из=0/10000; tx=0/1; роль не определена; seed: вход неполон; баланс неизвестен,0,True,0,0.000000000,0,1,10000.000000000,1,0.000284037,,False,True,0,0,0,1,0.000000000,0.000000000,0.000000000,0.597113194,0.176291434,0.150190483,0.000000000,0.000000000,0.236920818
100000005546031100,peripheral,0.200000000,47,0.230502338,Гип. peripheral; d=1; контр. в/из=3/1; KZT в/из=66800/8000; tx=6/1; роль не определена; баланс неизвестен,1,False,3,66800.000000000,6,1,8000.000000000,1,0.000708042,0.119760479,False,False,1,1,3,1,8000.000000000,0.119760479,1.000000000,0.720227572,0.352582869,0.450571450,0.200000000,0.000000000,0.384170563
100000005547096100,peripheral,0.200000000,47,0.226795038,Гип. peripheral; d=2; контр. в/из=1/2; KZT в/из=8000/226300; tx=1/3; роль не определена; выход>1.2 входа: пропуски/начальный остаток,2,False,1,8000.000000000,1,2,226300.000000000,3,0.000885873,28.287500000,False,True,1,0,1,2,0.000000000,0.000000000,1.000000000,0.799329807,0.279415313,0.348731503,0.200000000,0.000000000,0.377991730
100000005550592100,peripheral,0.050000000,81,0.000000000,Гип. peripheral; d=0; контр. в/из=0/0; KZT в/из=0/0; tx=0/0; роль не определена; нет рёбер; роль неизвестна; вход seed неполон,0,True,0,0.000000000,0,0,0.000000000,0,0.000284037,,False,False,0,0,0,0,0.000000000,0.000000000,0.000000000,0.000000000,0.000000000,0.000000000,0.000000000,0.000000000,0.000000000
100000005553088100,peripheral,0.150000000,4,0.159737276,Гип. peripheral; d=4; контр. в/из=1/0; KZT в/из=17500/0; tx=1/0; роль не определена; обрыв d=4; дальнейший выход неизвестен,4,False,1,17500.000000000,1,0,0.000000000,0,0.000292695,,True,False,1,0,1,0,0.000000000,0.000000000,1.000000000,0.633390328,0.176291434,0.150190483,0.200000000,0.000000000,0.277803958
100000005560900100,peripheral,0.050000000,82,0.000000000,Гип. peripheral; d=0; контр. в/из=0/0; KZT в/из=0/0; tx=0/0; роль не определена; нет рёбер; роль неизвестна; вход seed неполон,0,True,0,0.000000000,0,0,0.000000000,0,0.000284037,,False,False,0,0,0,0,0.000000000,0.000000000,0.000000000,0.000000000,0.000000000,0.000000000,0.000000000,0.000000000,0.000000000
100000005561741100,peripheral,0.200000000,8,0.188844360,Гип. peripheral; d=2; контр. в/из=1/0; KZT в/из=25000/0; tx=1/0; роль не определена; баланс неизвестен,2,False,1,25000.000000000,1,0,0.000000000,0,0.000328011,0.000000000,False,False,2,0,1,0,0.000000000,0.000000000,1.000000000,0.656512467,0.176291434,0.150190483,0.400000000,0.000000000,0.314740599
100000005567828100,peripheral,0.150000000,8,0.195786734,Гип. peripheral; d=4; контр. в/из=1/0; KZT в/из=94000/0; tx=1/0; роль не определена; обрыв d=4; дальнейший выход неизвестен,4,False,1,94000.000000000,1,0,0.000000000,0,0.000318957,,True,False,2,0,1,0,0.000000000,0.000000000,0.000000000,0.742372694,0.176291434,0.150190483,0.400000000,0.000000000,0.340498668
100000005568407100,peripheral,0.050000000,83,0.000000000,Гип. peripheral; d=0; контр. в/из=0/0; KZT в/из=0/0; tx=0/0; роль не определена; нет рёбер; роль неизвестна; вход seed неполон,0,True,0,0.000000000,0,0,0.000000000,0,0.000284037,,False,False,0,0,0,0,0.000000000,0.000000000,0.000000000,0.000000000,0.000000000,0.000000000,0.000000000,0.000000000,0.000000000
100000005572303100,peripheral,0.200000000,5,0.227571224,Гип. peripheral; d=2; контр. в/из=1/1; KZT в/из=75000/20000; tx=1/1; роль не определена; баланс неизвестен,2,False,1,75000.000000000,1,1,20000.000000000,1,0.000311561,0.266666667,False,False,3,0,1,1,0.000000000,0.000000000,1.000000000,0.727733814,0.176291434,0.238046284,0.600000000,0.000000000,0.379285374
100000005578559100,distributor,0.600000000,8,0.599701362,Гип. distributor; d=2; контр. в/из=2/21; KZT в/из=131000/893163.67; tx=2/23; дней выхода=12; выход>1.2 входа: пропуски/начальный остаток,2,False,2,131000.000000000,2,21,893163.670000000,23,0.000388782,6.818043282,False,True,2,0,2,12,131000.000000000,1.000000000,1.000000000,0.888335290,0.786159597,0.705961313,0.400000000,0.800000000,0.749626703
100000005584222100,peripheral,0.200000000,1,0.238437632,Гип. peripheral; d=1; контр. в/из=2/2; KZT в/из=192717/108587; tx=6/3; роль не определена; баланс неизвестен,1,False,2,192717.000000000,6,2,108587.000000000,3,0.000868751,0.563453146,False,False,1,1,4,3,40000.000000000,0.207558233,1.000000000,0.788915640,0.279415313,0.498921986,0.200000000,0.000000000,0.397396053
100000005588444100,peripheral,0.200000000,7,0.162568005,Гип. peripheral; d=1; контр. в/из=1/0; KZT в/из=12300/0; tx=1/0; роль не определена; баланс неизвестен,1,False,1,12300.000000000,1,0,0.000000000,0,0.000284738,0.000000000,False,False,1,1,1,0,0.000000000,0.000000000,1.000000000,0.610532718,0.176291434,0.150190483,0.200000000,0.000000000,0.270946675
100000005589319100,peripheral,0.150000000,3,0.164164440,Гип. peripheral; d=4; контр. в/из=1/0; KZT в/из=26000/0; tx=1/0; роль не определена; обрыв d=4; дальнейший выход неизвестен,4,False,1,26000.000000000,1,0,0.000000000,0,0.000308264,,True,False,1,0,1,0,0.000000000,0.000000000,1.000000000,0.659055047,0.176291434,0.150190483,0.200000000,0.000000000,0.285503374
100000005602999100,peripheral,0.200000000,12,0.249880274,Гип. peripheral; d=2; контр. в/из=1/2; KZT в/из=5000/16000; tx=1/3; роль не определена; выход>1.2 входа: пропуски/начальный остаток,2,False,1,5000.000000000,1,2,16000.000000000,3,0.000303122,3.200000000,False,True,4,0,1,2,5000.000000000,1.000000000,0.000000000,0.627581116,0.279415313,0.348731503,0.800000000,0.000000000,0.416467123
100000005608515100,peripheral,0.200000000,7,0.199682094,Гип. peripheral; d=2; контр. в/из=1/0; KZT в/из=64000/0; tx=4/0; роль не определена; баланс неизвестен,2,False,1,64000.000000000,4,0,0.000000000,0,0.000291571,0.000000000,False,False,1,0,3,0,0.000000000,0.000000000,1.000000000,0.717451592,0.176291434,0.348731503,0.200000000,0.000000000,0.332803490
100000005610717100,consolidator,0.605000000,1,0.547502454,Гип. consolidator; d=3; контр. в/из=4/1; KZT в/из=484500/265200; tx=6/7; seed-вход=0; баланс неизвестен,3,False,4,484500.000000000,6,1,265200.000000000,7,0.000342537,0.547368421,False,False,3,0,6,6,104900.000000000,0.216511868,0.971723426,0.848681902,0.409336034,0.571828476,0.600000000,0.850000000,0.682246049
100000005612411100,peripheral,0.200000000,3,0.324371438,Гип. peripheral; d=1; контр. в/из=3/8; KZT в/из=115500/506997; tx=4/8; роль не определена; выход>1.2 входа: пропуски/начальный остаток,1,False,3,115500.000000000,4,8,506997.000000000,8,0.000325400,4.389584416,False,True,3,1,3,7,115500.000000000,1.000000000,0.216450216,0.851624379,0.558830625,0.555770829,0.600000000,0.000000000,0.540619063
100000005614315100,peripheral,0.200000000,5,0.204701787,Гип. peripheral; d=2; контр. в/из=1/0; KZT в/из=455000/0; tx=1/0; роль не определена; баланс неизвестен,2,False,1,455000.000000000,1,0,0.000000000,0,0.000571622,0.000000000,False,False,1,0,1,0,0.000000000,0.000000000,1.000000000,0.844609287,0.176291434,0.150190483,0.200000000,0.000000000,0.341169645
100000005616568100,peripheral,0.150000000,6,0.232378868,Гип. peripheral; d=4; контр. в/из=1/0; KZT в/из=530000/0; tx=1/0; роль не определена; обрыв d=4; дальнейший выход неизвестен,4,False,1,530000.000000000,1,0,0.000000000,0,0.000429444,,True,False,3,0,1,0,0.000000000,0.000000000,1.000000000,0.854501007,0.176291434,0.150190483,0.600000000,0.000000000,0.404137161
100000005619339100,peripheral,0.200000000,5,0.178961660,Гип. peripheral; d=2; контр. в/из=1/1; KZT в/из=5000/5442.6; tx=1/1; роль не определена; баланс неизвестен,2,False,1,5000.000000000,1,1,5442.600000000,1,0.000319061,1.088520000,False,False,2,0,1,1,0.000000000,0.000000000,0.000000000,0.557680681,0.176291434,0.238046284,0.400000000,0.000000000,0.298269434
100000005620225100,peripheral,0.200000000,1,0.199178554,Гип. peripheral; d=1; контр. в/из=2/0; KZT в/из=49845.66/0; tx=2/0; роль не определена; баланс неизвестен,1,False,2,49845.660000000,2,0,0.000000000,0,0.000294622,0.000000000,False,False,1,1,2,0,0.000000000,0.000000000,1.000000000,0.701247505,0.279415313,0.238046284,0.200000000,0.000000000,0.331964257
100000005621418100,peripheral,0.150000000,26,0.165764705,Гип. peripheral; d=4; контр. в/из=1/0; KZT в/из=30000/0; tx=1/0; роль не определена; обрыв d=4; дальнейший выход неизвестен,4,False,1,30000.000000000,1,0,0.000000000,0,0.000306101,,True,False,1,0,1,0,0.000000000,0.000000000,1.000000000,0.668331948,0.176291434,0.150190483,0.200000000,0.000000000,0.288286444
100000005628518100,peripheral,0.200000000,19,0.197488449,Гип. peripheral; d=3; контр. в/из=1/0; KZT в/из=77000/0; tx=3/0; роль не определена; баланс неизвестен,3,False,1,77000.000000000,3,0,0.000000000,0,0.000529840,0.000000000,False,False,1,0,3,0,0.000000000,0.000000000,0.740259740,0.729439944,0.176291434,0.300380966,0.200000000,0.000000000,0.329147415
100000005634552100,peripheral,0.200000000,1,0.276558696,Гип. peripheral; d=1; контр. в/из=1/3; KZT в/из=25850/1196000; tx=1/4; роль не определена; выход>1.2 входа: пропуски/начальный остаток,1,False,1,25850.000000000,1,3,1196000.000000000,4,0.000286798,46.266924565,False,True,2,1,1,3,0.000000000,0.000000000,1.000000000,0.907263573,0.352582869,0.388236767,0.400000000,0.000000000,0.460931161
100000005636951100,peripheral,0.150000000,27,0.168981813,Гип. peripheral; d=4; контр. в/из=1/0; KZT в/из=40000/0; tx=1/0; роль не определена; обрыв d=4; дальнейший выход неизвестен,4,False,1,40000.000000000,1,0,0.000000000,0,0.000631413,,True,False,1,0,1,0,0.000000000,0.000000000,1.000000000,0.686981847,0.176291434,0.150190483,0.200000000,0.000000000,0.293881414
100000005660203100,peripheral,0.200000000,5,0.298613750,Гип. peripheral; d=2; контр. в/из=1/2; KZT в/из=572899/41000; tx=12/5; роль не определена; баланс неизвестен,2,False,1,572899.000000000,12,2,41000.000000000,5,0.000941350,0.071565843,False,False,3,0,11,4,36000.000000000,0.062838301,0.668353410,0.859546877,0.279415313,0.626283051,0.600000000,0.000000000,0.497689583
100000005661528100,peripheral,0.200000000,4,0.170844360,Гип. peripheral; d=3; контр. в/из=1/0; KZT в/из=25000/0; tx=1/0; роль не определена; баланс неизвестен,3,False,1,25000.000000000,1,0,0.000000000,0,0.000289517,0.000000000,False,False,1,0,1,0,0.000000000,0.000000000,1.000000000,0.656512467,0.176291434,0.150190483,0.200000000,0.000000000,0.284740599
100000005661829100,peripheral,0.200000000,19,0.210233010,Гип. peripheral; d=3; контр. в/из=1/2; KZT в/из=37790/40362; tx=1/4; роль не определена; баланс неизвестен,3,False,1,37790.000000000,1,2,40362.000000000,4,0.000290454,1.068060333,False,False,1,0,1,3,17290.000000000,0.457528447,0.000000000,0.687565906,0.279415313,0.388236767,0.200000000,0.000000000,0.350388349
100000005664632100,peripheral,0.200000000,65,0.292931705,Гип. peripheral; d=2; контр. в/из=1/0; KZT в/из=198620/0; tx=18/0; роль не определена; баланс неизвестен,2,False,1,198620.000000000,18,0,0.000000000,0,0.000363082,0.000000000,False,False,4,0,5,0,0.000000000,0.000000000,0.110764273,0.790871595,0.176291434,0.637998286,0.800000000,0.000000000,0.488219508
100000005664922100,peripheral,0.200000000,23,0.252220660,Гип. peripheral; d=2; контр. в/из=2/3; KZT в/из=22000/537000; tx=2/4; роль не определена; выход>1.2 входа: пропуски/начальный остаток,2,False,2,22000.000000000,2,3,537000.000000000,4,0.000800960,24.409090909,False,True,1,0,2,3,0.000000000,0.000000000,0.772727273,0.855351646,0.352582869,0.421637992,0.200000000,0.000000000,0.420367766
100000005665181100,peripheral,0.200000000,6,0.326422293,Гип. peripheral; d=2; контр. в/из=4/11; KZT в/из=45498/181915; tx=5/11; роль не определена; выход>1.2 входа: пропуски/начальный остаток,2,False,4,45498.000000000,5,11,181915.000000000,11,0.000396255,3.998307618,False,True,3,0,4,4,0.000000000,0.000000000,0.219789881,0.785176053,0.631998181,0.613898019,0.600000000,0.000000000,0.544037155
100000005667841100,peripheral,0.200000000,10,0.232544835,Гип. peripheral; d=3; контр. в/из=2/0; KZT в/из=186000/0; tx=2/0; роль не определена; баланс неизвестен,3,False,2,186000.000000000,2,0,0.000000000,0,0.000310615,0.000000000,False,False,2,0,1,0,0.000000000,0.000000000,1.000000000,0.786615735,0.279415313,0.238046284,0.400000000,0.000000000,0.387574725
100000005668605100,peripheral,0.200000000,20,0.293033222,Гип. peripheral; d=0; контр. в/из=3/0; KZT в/из=94500/0; tx=3/0; роль не определена; seed: вход неполон; баланс неизвестен,0,True,3,94500.000000000,3,0,0.000000000,0,0.000832753,,False,False,7,1,3,0,0.000000000,0.000000000,1.000000000,0.742716617,0.352582869,0.300380966,1.000000000,0.000000000,0.488388704
100000005669845100,peripheral,0.200000000,29,0.168240523,Гип. peripheral; d=1; контр. в/из=1/0; KZT в/из=20000/0; tx=1/0; роль не определена; баланс неизвестен,1,False,1,20000.000000000,1,0,0.000000000,0,0.000315727,0.000000000,False,False,1,1,1,0,0.000000000,0.000000000,1.000000000,0.642046710,0.176291434,0.150190483,0.200000000,0.000000000,0.280400872
100000005674387100,peripheral,0.200000000,2,0.171391442,Гип. peripheral; d=3; контр. в/из=1/0; KZT в/из=26200/0; tx=1/0; роль не определена; баланс неизвестен,3,False,1,26200.000000000,1,0,0.000000000,0,0.000288097,0.000000000,False,False,1,0,1,0,0.000000000,0.000000000,1.000000000,0.659551813,0.176291434,0.150190483,0.200000000,0.000000000,0.285652403
100000005685783100,peripheral,0.150000000,2,0.164228770,Гип. peripheral; d=4; контр. в/из=1/0; KZT в/из=26150/0; tx=1/0; роль не определена; обрыв d=4; дальнейший выход неизвестен,4,False,1,26150.000000000,1,0,0.000000000,0,0.000528913,,True,False,1,0,1,0,0.000000000,0.000000000,0.000000000,0.659427978,0.176291434,0.150190483,0.200000000,0.000000000,0.285615253
100000005704413100,distributor,0.600000000,8,0.633985408,Гип. distributor; d=3; контр. в/из=3/32; KZT в/из=97834.67/1363593; tx=4/35; дней выхода=12; выход>1.2 входа: пропуски/начальный остаток,3,False,3,97834.670000000,4,32,1363593.000000000,35,0.000595948,13.937727801,False,True,2,0,3,12,97834.670000000,1.000000000,1.000000000,0.915765408,0.889283475,0.799302952,0.400000000,0.800000000,0.792481760
100000005709551100,peripheral,0.200000000,13,0.206637158,Гип. peripheral; d=3; контр. в/из=1/0; KZT в/из=24560/0; tx=1/0; роль не определена; баланс неизвестен,3,False,1,24560.000000000,1,0,0.000000000,0,0.000293061,0.000000000,False,False,3,0,1,0,0.000000000,0.000000000,1.000000000,0.655361344,0.176291434,0.150190483,0.600000000,0.000000000,0.344395263
100000005711521100,peripheral,0.150000000,13,0.206175568,Гип. peripheral; d=4; контр. в/из=1/0; KZT в/из=238000/0; tx=1/0; роль не определена; обрыв d=4; дальнейший выход неизвестен,4,False,1,238000.000000000,1,0,0.000000000,0,0.000530678,,True,False,2,0,1,0,0.000000000,0.000000000,1.000000000,0.802597819,0.176291434,0.150190483,0.400000000,0.000000000,0.358566205
100000005723580100,peripheral,0.150000000,10,0.167488547,Гип. peripheral; d=4; контр. в/из=1/0; KZT в/из=35000/0; tx=1/0; роль не определена; обрыв d=4; дальнейший выход неизвестен,4,False,1,35000.000000000,1,0,0.000000000,0,0.000342448,,True,False,1,0,1,0,0.000000000,0.000000000,1.000000000,0.678325234,0.176291434,0.150190483,0.200000000,0.000000000,0.291284429
100000005730108100,peripheral,0.200000000,1,0.175548829,Гип. peripheral; d=2; контр. в/из=1/0; KZT в/из=8000/0; tx=1/0; роль не определена; баланс неизвестен,2,False,1,8000.000000000,1,0,0.000000000,0,0.000356640,0.000000000,False,False,2,0,1,0,0.000000000,0.000000000,1.000000000,0.582648410,0.176291434,0.150190483,0.400000000,0.000000000,0.292581382
100000005744674100,peripheral,0.200000000,20,0.168855158,Гип. peripheral; d=0; контр. в/из=0/1; KZT в/из=0/50066; tx=0/2; роль не определена; seed: вход неполон; баланс неизвестен,0,True,0,0.000000000,0,1,50066.000000000,2,0.000284037,,False,True,0,0,0,2,0.000000000,0.000000000,0.000000000,0.701533446,0.176291434,0.238046284,0.000000000,0.000000000,0.281425263
100000005745873100,peripheral,0.150000000,39,0.205447558,Гип. peripheral; d=4; контр. в/из=1/0; KZT в/из=223000/0; tx=1/0; роль не определена; обрыв d=4; дальнейший выход неизвестен,4,False,1,223000.000000000,1,0,0.000000000,0,0.000314588,,True,False,2,0,1,0,0.000000000,0.000000000,1.000000000,0.798377473,0.176291434,0.150190483,0.400000000,0.000000000,0.357300101
100000005754335100,peripheral,0.200000000,40,0.177450843,Гип. peripheral; d=3; контр. в/из=1/0; KZT в/из=44037/0; tx=1/0; роль не определена; баланс неизвестен,3,False,1,44037.000000000,1,0,0.000000000,0,0.000402219,0.000000000,False,False,1,0,1,0,0.000000000,0.000000000,1.000000000,0.693215155,0.176291434,0.150190483,0.200000000,0.000000000,0.295751406
100000005756189100,peripheral,0.200000000,6,0.225901346,Гип. peripheral; d=3; контр. в/из=1/1; KZT в/из=65000/49050; tx=1/1; роль не определена; баланс неизвестен,3,False,1,65000.000000000,1,1,49050.000000000,1,0.000286126,0.754615385,False,False,3,0,1,1,0.000000000,0.000000000,1.000000000,0.718456714,0.176291434,0.238046284,0.600000000,0.000000000,0.376502244
100000005756535100,peripheral,0.200000000,2,0.168240523,Гип. peripheral; d=3; контр. в/из=1/0; KZT в/из=20000/0; tx=1/0; роль не определена; баланс неизвестен,3,False,1,20000.000000000,1,0,0.000000000,0,0.000538362,0.000000000,False,False,1,0,1,0,0.000000000,0.000000000,1.000000000,0.642046710,0.176291434,0.150190483,0.200000000,0.000000000,0.280400872
100000005767403100,peripheral,0.150000000,33,0.213622250,Гип. peripheral; d=4; контр. в/из=1/0; KZT в/из=1100000/0; tx=2/0; роль не определена; обрыв d=4; дальнейший выход неизвестен,4,False,1,1100000.000000000,2,0,0.000000000,0,0.001072906,,True,False,1,0,2,0,0.000000000,0.000000000,0.727272727,0.901839088,0.176291434,0.238046284,0.200000000,0.000000000,0.371516956
100000005778283100,terminal,0.480000000,7,0.432782328,Гип. terminal; d=1; контр. в/из=3/0; KZT в/из=615760/0; tx=3/0; out/in=0.000; до24.07=100%; остаток неизвестен; гипотеза в окне,1,False,3,615760.000000000,3,0,0.000000000,0,0.000434977,0.000000000,False,False,4,2,3,0,0.000000000,0.000000000,1.000000000,0.864224217,0.352582869,0.300380966,0.800000000,0.450000000,0.584840984
100000005782781100,coordinator,0.570000000,7,0.615577098,Гип. coordinator; d=2; контр. в/из=6/10; KZT в/из=171888/1263597; tx=10/10; seed-пути=3; выход>1.2 входа: пропуски/начальный остаток,2,False,6,171888.000000000,10,10,1263597.000000000,10,0.000484581,7.351281067,False,True,3,0,7,5,67968.000000000,0.395420274,1.000000000,0.910827910,0.609868162,0.659684276,0.600000000,1.000000000,0.784174647
100000005782886100,peripheral,0.150000000,9,0.174491981,Гип. peripheral; d=4; контр. в/из=1/0; KZT в/из=14000/0; tx=1/0; роль не определена; обрыв d=4; дальнейший выход неизвестен,4,False,1,14000.000000000,1,0,0.000000000,0,0.000361465,,True,False,2,0,1,0,0.000000000,0.000000000,1.000000000,0.618924850,0.176291434,0.150190483,0.400000000,0.000000000,0.303464314
100000005783452100,peripheral,0.150000000,14,0.227686489,Гип. peripheral; d=4; контр. в/из=2/0; KZT в/из=286500/0; tx=2/0; роль не определена; обрыв d=4; дальнейший выход неизвестен,4,False,2,286500.000000000,2,0,0.000000000,0,0.000312694,,True,False,2,0,1,0,0.000000000,0.000000000,0.000000000,0.814621661,0.279415313,0.238046284,0.400000000,0.000000000,0.395976503
100000005799271100,peripheral,0.200000000,12,0.239610296,Гип. peripheral; d=2; контр. в/из=1/0; KZT в/из=45000/0; tx=2/0; роль не определена; баланс неизвестен,2,False,1,45000.000000000,2,0,0.000000000,0,0.000533440,0.000000000,False,False,4,0,2,0,0.000000000,0.000000000,0.777777778,0.694617546,0.176291434,0.238046284,0.800000000,0.000000000,0.399350493
100000005807278100,peripheral,0.200000000,44,0.158097258,Гип. peripheral; d=1; контр. в/из=1/0; KZT в/из=8385/0; tx=1/0; роль не определена; баланс неизвестен,1,False,1,8385.000000000,1,0,0.000000000,0,0.000291375,0.000000000,False,False,1,1,1,0,0.000000000,0.000000000,1.000000000,0.585695234,0.176291434,0.150190483,0.200000000,0.000000000,0.263495430
100000005809252100,peripheral,0.200000000,6,0.206844360,Гип. peripheral; d=2; контр. в/из=1/0; KZT в/из=25000/0; tx=1/0; роль не определена; баланс неизвестен,2,False,1,25000.000000000,1,0,0.000000000,0,0.000563642,0.000000000,False,False,3,0,1,0,0.000000000,0.000000000,0.000000000,0.656512467,0.176291434,0.150190483,0.600000000,0.000000000,0.344740599
100000005815602100,peripheral,0.200000000,5,0.218771969,Гип. peripheral; d=3; контр. в/из=1/1; KZT в/из=20000/165000; tx=1/1; роль не определена; выход>1.2 входа: пропуски/начальный остаток,3,False,1,20000.000000000,1,1,165000.000000000,1,0.000548864,8.250000000,False,True,2,0,1,1,0.000000000,0.000000000,1.000000000,0.778849063,0.176291434,0.238046284,0.400000000,0.000000000,0.364619948
100000005820746100,peripheral,0.200000000,23,0.235432335,Гип. peripheral; d=3; контр. в/из=1/1; KZT в/из=1989000/60000; tx=2/1; роль не определена; баланс неизвестен,3,False,1,1989000.000000000,2,1,60000.000000000,1,0.000980945,0.030165913,False,False,1,0,1,1,0.000000000,0.000000000,1.000000000,0.940239308,0.176291434,0.300380966,0.200000000,0.000000000,0.392387224
100000005830339100,consolidator,0.665000000,3,0.550440576,Гип. consolidator; d=3; контр. в/из=5/1; KZT в/из=476341/339251; tx=12/1; seed-вход=0; баланс неизвестен,3,False,5,476341.000000000,12,1,339251.000000000,1,0.000361478,0.712201973,False,False,2,0,11,1,0.000000000,0.000000000,0.852483830,0.847580867,0.455706747,0.571828476,0.400000000,0.850000000,0.661189881
100000005834479100,peripheral,0.200000000,4,0.208355897,Гип. peripheral; d=2; контр. в/из=1/2; KZT в/из=7500/14470; tx=1/2; роль не определена; выход>1.2 входа: пропуски/начальный остаток,2,False,1,7500.000000000,1,2,14470.000000000,2,0.000285212,1.929333333,False,True,2,0,1,2,0.000000000,0.000000000,1.000000000,0.621065401,0.279415313,0.300380966,0.400000000,0.000000000,0.347259828
100000005844459100,peripheral,0.200000000,1,0.235683418,Гип. peripheral; d=1; контр. в/из=2/0; KZT в/из=243400/0; tx=2/0; роль не определена; баланс неизвестен,1,False,2,243400.000000000,2,0,0.000000000,0,0.000336131,0.000000000,False,False,2,1,2,0,0.000000000,0.000000000,0.616269515,0.804052307,0.279415313,0.238046284,0.400000000,0.000000000,0.392805697
100000005847078100,peripheral,0.200000000,2,0.165853478,Гип. peripheral; d=3; контр. в/из=1/0; KZT в/из=16300/0; tx=1/0; роль не определена; баланс неизвестен,3,False,1,16300.000000000,1,0,0.000000000,0,0.000286563,0.000000000,False,False,1,0,1,0,0.000000000,0.000000000,1.000000000,0.628785349,0.176291434,0.150190483,0.200000000,0.000000000,0.276422464
100000005849100100,peripheral,0.200000000,3,0.228189647,Гип. peripheral; d=2; контр. в/из=1/0; KZT в/из=33300/0; tx=1/0; роль не определена; баланс неизвестен,2,False,1,33300.000000000,1,0,0.000000000,0,0.000487785,0.000000000,False,False,4,0,1,0,0.000000000,0.000000000,1.000000000,0.675097398,0.176291434,0.150190483,0.800000000,0.000000000,0.380316079
100000005849862100,peripheral,0.150000000,7,0.163990842,Гип. peripheral; d=4; контр. в/из=1/0; KZT в/из=13000/0; tx=2/0; роль не определена; обрыв d=4; дальнейший выход неизвестен,4,False,1,13000.000000000,2,0,0.000000000,0,0.000545141,,True,False,1,0,2,0,0.000000000,0.000000000,1.000000000,0.614120783,0.176291434,0.238046284,0.200000000,0.000000000,0.285201464
100000005852946100,peripheral,0.200000000,3,0.224243856,Гип. peripheral; d=1; контр. в/из=1/0; KZT в/из=23746/0; tx=1/0; роль не определена; баланс неизвестен,1,False,1,23746.000000000,1,0,0.000000000,0,0.000288754,0.000000000,False,False,4,1,1,0,0.000000000,0.000000000,1.000000000,0.653176338,0.176291434,0.150190483,0.800000000,0.000000000,0.373739761
100000005857058100,peripheral,0.200000000,1,0.255121772,Гип. peripheral; d=3; контр. в/из=3/0; KZT в/из=80222/0; tx=3/0; роль не определена; баланс неизвестен,3,False,3,80222.000000000,3,0,0.000000000,0,0.000387641,0.000000000,False,False,3,0,3,0,0.000000000,0.000000000,1.000000000,0.732097447,0.352582869,0.300380966,0.600000000,0.000000000,0.425202953
100000005873152100,peripheral,0.200000000,12,0.222059513,Гип. peripheral; d=3; контр. в/из=1/1; KZT в/из=10000/10000; tx=1/1; роль не определена; баланс неизвестен,3,False,1,10000.000000000,1,1,10000.000000000,1,0.000463875,1.000000000,False,False,4,0,1,1,0.000000000,0.000000000,1.000000000,0.597113194,0.176291434,0.238046284,0.800000000,0.000000000,0.370099188
100000005877725100,peripheral,0.200000000,2,0.182859107,Гип. peripheral; d=1; контр. в/из=1/0; KZT в/из=70000/0; tx=1/0; роль не определена; баланс неизвестен,1,False,1,70000.000000000,1,0,0.000000000,0,0.000298619,0.000000000,False,False,1,1,1,0,0.000000000,0.000000000,1.000000000,0.723261065,0.176291434,0.150190483,0.200000000,0.000000000,0.304765179
100000005878334100,peripheral,0.150000000,4,0.201045915,Гип. peripheral; d=4; контр. в/из=1/0; KZT в/из=76400/0; tx=2/0; роль не определена; обрыв d=4; дальнейший выход неизвестен,4,False,1,76400.000000000,2,0,0.000000000,0,0.000396674,,True,False,2,0,2,0,0.000000000,0.000000000,0.568062827,0.728932803,0.176291434,0.238046284,0.400000000,0.000000000,0.349645070
100000005882013100,peripheral,0.200000000,13,0.292766812,Гип. peripheral; d=2; контр. в/из=2/1; KZT в/из=135000/10000; tx=3/1; роль не определена; баланс неизвестен,2,False,2,135000.000000000,3,1,10000.000000000,1,0.000522999,0.074074074,False,False,5,0,3,1,10000.000000000,0.074074074,0.185185185,0.765839661,0.279415313,0.348731503,1.000000000,0.000000000,0.487944686
100000005888829100,peripheral,0.150000000,9,0.204061208,Гип. peripheral; d=4; контр. в/из=1/0; KZT в/из=197000/0; tx=1/0; роль не определена; обрыв d=4; дальнейший выход неизвестен,4,False,1,197000.000000000,1,0,0.000000000,0,0.000309775,,True,False,2,0,1,0,0.000000000,0.000000000,1.000000000,0.790340658,0.176291434,0.150190483,0.400000000,0.000000000,0.354889057
100000005893892100,peripheral,0.200000000,6,0.223341221,Гип. peripheral; d=3; контр. в/из=1/0; KZT в/из=102780/0; tx=1/0; роль не определена; баланс неизвестен,3,False,1,102780.000000000,1,0,0.000000000,0,0.000287341,0.000000000,False,False,3,0,1,0,0.000000000,0.000000000,1.000000000,0.748161698,0.176291434,0.150190483,0.600000000,0.000000000,0.372235369
100000005895525100,terminal,0.480000000,44,0.316554673,Гип. terminal; d=1; контр. в/из=1/0; KZT в/из=120000/0; tx=3/0; out/in=0.000; до24.07=100%; остаток неизвестен; гипотеза в окне,1,False,1,120000.000000000,3,0,0.000000000,0,0.000389051,0.000000000,False,False,1,1,3,0,0.000000000,0.000000000,1.000000000,0.758203843,0.176291434,0.300380966,0.200000000,0.450000000,0.427776585
100000005897462100,peripheral,0.200000000,12,0.258833024,Гип. peripheral; d=1; контр. в/из=1/0; KZT в/из=98400/0; tx=1/0; роль не определена; баланс неизвестен,1,False,1,98400.000000000,1,0,0.000000000,0,0.000298878,0.000000000,False,False,5,1,1,0,0.000000000,0.000000000,1.000000000,0.745338379,0.176291434,0.150190483,1.000000000,0.000000000,0.431388373
100000005901606100,peripheral,0.200000000,2,0.174988654,Гип. peripheral; d=1; контр. в/из=1/0; KZT в/из=35660/0; tx=1/0; роль не определена; баланс неизвестен,1,False,1,35660.000000000,1,0,0.000000000,0,0.000291466,0.000000000,False,False,1,1,1,0,0.000000000,0.000000000,1.000000000,0.679536325,0.176291434,0.150190483,0.200000000,0.000000000,0.291647757
100000005904580100,peripheral,0.200000000,11,0.203469728,Гип. peripheral; d=2; контр. в/из=2/0; KZT в/из=72000/0; tx=2/0; роль не определена; баланс неизвестен,2,False,2,72000.000000000,2,0,0.000000000,0,0.000519256,0.000000000,False,False,1,0,1,0,0.000000000,0.000000000,1.000000000,0.725087359,0.279415313,0.238046284,0.200000000,0.000000000,0.339116213
100000005910114100,distributor,0.600000000,1,0.673318806,Гип. distributor; d=3; контр. в/из=3/19; KZT в/из=326144/1469993; tx=3/56; дней выхода=19; выход>1.2 входа: пропуски/начальный остаток,3,False,3,326144.000000000,3,19,1469993.000000000,56,0.000359527,4.507190076,False,True,4,0,3,19,266160.000000000,0.816081240,1.000000000,0.920636378,0.761918903,0.887158753,0.800000000,0.800000000,0.841648507
100000005910895100,peripheral,0.150000000,12,0.145950410,Гип. peripheral; d=4; контр. в/из=1/0; KZT в/из=5100/0; tx=1/0; роль не определена; обрыв d=4; дальнейший выход неизвестен,4,False,1,5100.000000000,1,0,0.000000000,0,0.000593908,,True,False,1,0,1,0,0.000000000,0.000000000,0.000000000,0.553466469,0.176291434,0.150190483,0.200000000,0.000000000,0.253826800
100000005911352100,peripheral,0.200000000,37,0.212947148,Гип. peripheral; d=2; контр. в/из=2/3; KZT в/из=15000/24000; tx=2/3; роль не определена; выход>1.2 входа: пропуски/начальный остаток,2,False,2,15000.000000000,2,3,24000.000000000,3,0.000548449,1.600000000,False,True,1,0,2,3,0.000000000,0.000000000,0.466666667,0.653866083,0.352582869,0.388236767,0.200000000,0.000000000,0.354911914
100000005931985100,peripheral,0.200000000,14,0.183818764,Гип. peripheral; d=2; контр. в/из=1/0; KZT в/из=76000/0; tx=1/0; роль не определена; баланс неизвестен,2,False,1,76000.000000000,1,0,0.000000000,0,0.000311186,0.000000000,False,False,1,0,1,0,0.000000000,0.000000000,0.000000000,0.728592491,0.176291434,0.150190483,0.200000000,0.000000000,0.306364607
100000005932987100,peripheral,0.200000000,33,0.184361503,Гип. peripheral; d=2; контр. в/из=1/0; KZT в/из=25000/0; tx=3/0; роль не определена; баланс неизвестен,2,False,1,25000.000000000,3,0,0.000000000,0,0.000409218,0.000000000,False,False,1,0,3,0,0.000000000,0.000000000,0.600000000,0.656512467,0.176291434,0.300380966,0.200000000,0.000000000,0.307269172
100000005933757100,distributor,0.600000000,15,0.655978866,Гип. distributor; d=2; контр. в/из=4/34; KZT в/из=1246000/3002628; tx=6/46; дней выхода=14; выход>1.2 входа: пропуски/начальный остаток,2,False,4,1246000.000000000,6,34,3002628.000000000,46,0.000995051,2.409813804,False,True,2,0,4,14,1034262.000000000,0.830065811,1.000000000,0.966939931,0.904248660,0.860279141,0.400000000,0.800000000,0.819973582
100000005939154100,peripheral,0.200000000,5,0.213259706,Гип. peripheral; d=2; контр. в/из=1/0; KZT в/из=22000/0; tx=2/0; роль не определена; баланс неизвестен,2,False,1,22000.000000000,2,0,0.000000000,0,0.000292111,0.000000000,False,False,3,0,2,0,0.000000000,0.000000000,1.000000000,0.648225378,0.176291434,0.238046284,0.600000000,0.000000000,0.355432843
100000005940652100,peripheral,0.200000000,10,0.212111165,Гип. peripheral; d=1; контр. в/из=1/0; KZT в/из=8395/0; tx=1/0; роль не определена; баланс неизвестен,1,False,1,8395.000000000,1,0,0.000000000,0,0.000286532,0.000000000,False,False,4,1,1,0,0.000000000,0.000000000,1.000000000,0.585772496,0.176291434,0.150190483,0.800000000,0.000000000,0.353518608
100000005941908100,peripheral,0.200000000,15,0.178152491,Гип. peripheral; d=3; контр. в/из=1/0; KZT в/из=10000/0; tx=1/0; роль не определена; баланс неизвестен,3,False,1,10000.000000000,1,0,0.000000000,0,0.000687434,0.000000000,False,False,2,0,1,0,0.000000000,0.000000000,0.000000000,0.597113194,0.176291434,0.150190483,0.400000000,0.000000000,0.296920818
100000005942793100,peripheral,0.200000000,1,0.261878978,Гип. peripheral; d=2; контр. в/из=4/0; KZT в/из=55000/0; tx=4/0; роль не определена; баланс неизвестен,2,False,4,55000.000000000,4,0,0.000000000,0,0.000330387,0.000000000,False,False,3,0,2,0,0.000000000,0.000000000,1.000000000,0.707626773,0.409336034,0.348731503,0.600000000,0.000000000,0.436464964
100000005958064100,peripheral,0.200000000,15,0.241036629,Гип. peripheral; d=1; контр. в/из=1/2; KZT в/из=5746/163986.84; tx=1/3; роль не определена; выход>1.2 входа: пропуски/начальный остаток,1,False,1,5746.000000000,1,2,163986.840000000,3,0.000284651,28.539303864,False,True,2,1,1,1,0.000000000,0.000000000,1.000000000,0.778449758,0.279415313,0.348731503,0.400000000,0.000000000,0.401727715
100000005961971100,peripheral,0.200000000,2,0.178298024,Гип. peripheral; d=1; контр. в/из=1/0; KZT в/из=47353/0; tx=1/0; роль не определена; баланс неизвестен,1,False,1,47353.000000000,1,0,0.000000000,0,0.000293901,0.000000000,False,False,1,1,1,0,0.000000000,0.000000000,1.000000000,0.697921711,0.176291434,0.150190483,0.200000000,0.000000000,0.297163373
100000005974542100,peripheral,0.200000000,22,0.217878250,Гип. peripheral; d=3; контр. в/из=1/0; KZT в/из=94500/0; tx=3/0; роль не определена; баланс неизвестен,3,False,1,94500.000000000,3,0,0.000000000,0,0.000482489,0.000000000,False,False,2,0,3,0,0.000000000,0.000000000,1.000000000,0.742716617,0.176291434,0.300380966,0.400000000,0.000000000,0.363130417
100000005979037100,peripheral,0.150000000,4,0.173571885,Гип. peripheral; d=4; контр. в/из=1/0; KZT в/из=60300/0; tx=1/0; роль не определена; обрыв d=4; дальнейший выход неизвестен,4,False,1,60300.000000000,1,0,0.000000000,0,0.000323054,,True,False,1,0,1,0,0.000000000,0.000000000,0.000000000,0.713590962,0.176291434,0.150190483,0.200000000,0.000000000,0.301864148
100000005995391100,peripheral,0.200000000,2,0.166480605,Гип. peripheral; d=3; контр. в/из=1/0; KZT в/из=17200/0; tx=1/0; роль не определена; баланс неизвестен,3,False,1,17200.000000000,1,0,0.000000000,0,0.000286702,0.000000000,False,False,1,0,1,0,0.000000000,0.000000000,1.000000000,0.632269384,0.176291434,0.150190483,0.200000000,0.000000000,0.277467675
100000005996909100,peripheral,0.200000000,16,0.171177042,Гип. peripheral; d=3; контр. в/из=1/0; KZT в/из=5500/0; tx=1/0; роль не определена; баланс неизвестен,3,False,1,5500.000000000,1,0,0.000000000,0,0.000314435,0.000000000,False,False,2,0,1,0,0.000000000,0.000000000,0.000000000,0.558360702,0.176291434,0.150190483,0.400000000,0.000000000,0.285295070
100000006008169100,peripheral,0.200000000,11,0.182859107,Гип. peripheral; d=1; контр. в/из=1/0; KZT в/из=70000/0; tx=1/0; роль не определена; баланс неизвестен,1,False,1,70000.000000000,1,0,0.000000000,0,0.000295578,0.000000000,False,False,1,1,1,0,0.000000000,0.000000000,1.000000000,0.723261065,0.176291434,0.150190483,0.200000000,0.000000000,0.304765179
100000006020215100,peripheral,0.200000000,13,0.236255565,Гип. peripheral; d=3; контр. в/из=1/2; KZT в/из=30000/33800; tx=1/2; роль не определена; баланс неизвестен,3,False,1,30000.000000000,1,2,33800.000000000,2,0.000295060,1.126666667,False,False,3,0,1,2,0.000000000,0.000000000,1.000000000,0.676063557,0.279415313,0.300380966,0.600000000,0.000000000,0.393759275
100000006030946100,peripheral,0.200000000,2,0.183394904,Гип. peripheral; d=1; контр. в/из=1/0; KZT в/из=73289/0; tx=1/0; роль не определена; баланс неизвестен,1,False,1,73289.000000000,1,0,0.000000000,0,0.000299304,0.000000000,False,False,1,1,1,0,0.000000000,0.000000000,1.000000000,0.726237713,0.176291434,0.150190483,0.200000000,0.000000000,0.305658173
100000006048193100,peripheral,0.200000000,1,0.194775013,Гип. peripheral; d=3; контр. в/из=1/0; KZT в/из=41559/0; tx=1/0; роль не определена; баланс неизвестен,3,False,1,41559.000000000,1,0,0.000000000,0,0.000294790,0.000000000,False,False,2,0,1,0,0.000000000,0.000000000,0.000000000,0.689460540,0.176291434,0.150190483,0.400000000,0.000000000,0.324625021
100000006069103100,transit,0.531406000,54,0.437473034,Гип. transit; d=1; контр. в/из=3/3; KZT в/из=228818/270000; tx=3/4; out/in=1.180; 1–2д=11%; баланс неизвестен,1,False,3,228818.000000000,3,3,270000.000000000,4,0.001142665,1.179977100,False,False,2,1,3,3,25000.000000000,0.109257139,1.000000000,0.810776179,0.352582869,0.450571450,0.400000000,0.650000000,0.571335145
100000006100920100,peripheral,0.200000000,1,0.187021242,Гип. peripheral; d=3; контр. в/из=1/0; KZT в/из=100000/0; tx=1/0; роль не определена; баланс неизвестен,3,False,1,100000.000000000,1,0,0.000000000,0,0.000324676,0.000000000,False,False,1,0,1,0,0.000000000,0.000000000,1.000000000,0.746384037,0.176291434,0.150190483,0.200000000,0.000000000,0.311702071
100000006111439100,peripheral,0.200000000,6,0.243367650,Гип. peripheral; d=3; контр. в/из=3/4; KZT в/из=20570/24000; tx=3/4; роль не определена; баланс неизвестен,3,False,3,20570.000000000,3,4,24000.000000000,4,0.000363371,1.166747691,False,False,2,0,3,4,0.000000000,0.000000000,0.547593583,0.653866083,0.409336034,0.450571450,0.400000000,0.000000000,0.405612749
100000006111442100,peripheral,0.200000000,10,0.181813402,Гип. peripheral; d=3; контр. в/из=1/0; KZT в/из=64000/0; tx=1/0; роль не определена; баланс неизвестен,3,False,1,64000.000000000,1,0,0.000000000,0,0.000294000,0.000000000,False,False,1,0,1,0,0.000000000,0.000000000,1.000000000,0.717451592,0.176291434,0.150190483,0.200000000,0.000000000,0.303022337
100000006122699100,peripheral,0.200000000,5,0.216207340,Гип. peripheral; d=2; контр. в/из=2/0; KZT в/из=45865/0; tx=2/0; роль не определена; баланс неизвестен,2,False,2,45865.000000000,2,0,0.000000000,0,0.000402355,0.000000000,False,False,2,0,1,0,0.000000000,0.000000000,1.000000000,0.695851870,0.279415313,0.238046284,0.400000000,0.000000000,0.360345566
100000006126743100,peripheral,0.200000000,6,0.216044935,Гип. peripheral; d=3; контр. в/из=1/0; KZT в/из=55000/0; tx=1/0; роль не определена; баланс неизвестен,3,False,1,55000.000000000,1,0,0.000000000,0,0.000285805,0.000000000,False,False,3,0,1,0,0.000000000,0.000000000,1.000000000,0.707626773,0.176291434,0.150190483,0.600000000,0.000000000,0.360074891
100000006161893100,peripheral,0.200000000,5,0.164078589,Гип. peripheral; d=2; контр. в/из=1/0; KZT в/из=14000/0; tx=1/0; роль не определена; баланс неизвестен,2,False,1,14000.000000000,1,0,0.000000000,0,0.000528712,0.000000000,False,False,1,0,1,0,0.000000000,0.000000000,1.000000000,0.618924850,0.176291434,0.150190483,0.200000000,0.000000000,0.273464314
100000006165886100,peripheral,0.200000000,1,0.238059266,Гип. peripheral; d=3; контр. в/из=2/1; KZT в/из=184481/75000; tx=2/1; роль не определена; баланс неизвестен,3,False,2,184481.000000000,2,1,75000.000000000,1,0.000296934,0.406545932,False,False,2,0,2,1,0.000000000,0.000000000,0.564106873,0.786084118,0.279415313,0.300380966,0.400000000,0.000000000,0.396765443
100000006169033100,peripheral,0.200000000,40,0.271519015,Гип. peripheral; d=3; контр. в/из=1/3; KZT в/из=49000/1140271; tx=1/10; роль не определена; выход>1.2 входа: пропуски/начальный остаток,3,False,1,49000.000000000,1,3,1140271.000000000,10,0.000415538,23.270836735,False,True,1,0,1,9,0.000000000,0.000000000,1.000000000,0.904170100,0.352582869,0.538427250,0.200000000,0.000000000,0.452531691
100000006171671100,peripheral,0.150000000,1,0.170729470,Гип. peripheral; d=4; контр. в/из=1/0; KZT в/из=10000/0; tx=1/0; роль не определена; обрыв d=4; дальнейший выход неизвестен,4,False,1,10000.000000000,1,0,0.000000000,0,0.000525944,,True,False,2,0,1,0,0.000000000,0.000000000,1.000000000,0.597113194,0.176291434,0.150190483,0.400000000,0.000000000,0.296920818
100000006177176100,peripheral,0.200000000,5,0.176807167,Гип. peripheral; d=1; контр. в/из=1/0; KZT в/из=8911/0; tx=1/0; роль не определена; баланс неизвестен,1,False,1,8911.000000000,1,0,0.000000000,0,0.000284989,0.000000000,False,False,2,1,1,0,0.000000000,0.000000000,1.000000000,0.589639172,0.176291434,0.150190483,0.400000000,0.000000000,0.294678611
100000006209210100,peripheral,0.200000000,7,0.196695540,Гип. peripheral; d=3; контр. в/из=1/0; KZT в/из=229111/0; tx=1/0; роль не определена; баланс неизвестен,3,False,1,229111.000000000,1,0,0.000000000,0,0.000358720,0.000000000,False,False,1,0,1,0,0.000000000,0.000000000,1.000000000,0.800130134,0.176291434,0.150190483,0.200000000,0.000000000,0.327825900
100000006225798100,terminal,0.490000000,17,0.429213267,Гип. terminal; d=3; контр. в/из=3/2; KZT в/из=722000/26300; tx=4/2; out/in=0.036; до24.07=100%; остаток неизвестен; гипотеза в окне,3,False,3,722000.000000000,4,2,26300.000000000,2,0.000357886,0.036426593,False,False,3,0,4,1,0.000000000,0.000000000,1.000000000,0.874543060,0.352582869,0.421637992,0.600000000,0.450000000,0.576125190
100000006232642100,peripheral,0.150000000,40,0.213321260,Гип. peripheral; d=4; контр. в/из=1/0; KZT в/из=456000/0; tx=4/0; роль не определена; обрыв d=4; дальнейший выход неизвестен,4,False,1,456000.000000000,4,0,0.000000000,0,0.000425287,,True,False,1,0,4,0,0.000000000,0.000000000,1.000000000,0.844751614,0.176291434,0.348731503,0.200000000,0.000000000,0.370993496
100000006232815100,peripheral,0.200000000,29,0.242268500,Гип. peripheral; d=0; контр. в/из=1/5; KZT в/из=160000/296500; tx=2/5; роль не определена; seed: вход неполон; баланс неизвестен,0,True,1,160000.000000000,2,5,296500.000000000,5,0.000552707,,False,True,0,0,2,4,0.000000000,0.000000000,1.000000000,0.816845886,0.455706747,0.450571450,0.000000000,0.000000000,0.403780833
100000006240939100,peripheral,0.200000000,27,0.268921924,Гип. peripheral; d=2; контр. в/из=1/5; KZT в/из=160000/778015; tx=1/5; роль не определена; выход>1.2 входа: пропуски/начальный остаток,2,False,1,160000.000000000,1,5,778015.000000000,5,0.000316996,4.862593750,False,True,1,0,1,4,0.000000000,0.000000000,1.000000000,0.879387197,0.455706747,0.421637992,0.200000000,0.000000000,0.448203207
100000006248077100,peripheral,0.200000000,5,0.232932743,Гип. peripheral; d=2; контр. в/из=1/0; KZT в/из=50000/0; tx=1/0; роль не определена; баланс неизвестен,2,False,1,50000.000000000,1,0,0.000000000,0,0.000292262,0.000000000,False,False,4,0,1,0,0.000000000,0.000000000,1.000000000,0.701447928,0.176291434,0.150190483,0.800000000,0.000000000,0.388221238
100000006249740100,peripheral,0.200000000,53,0.210754410,Гип. peripheral; d=0; контр. в/из=0/3; KZT в/из=0/93007; tx=0/5; роль не определена; seed: вход неполон; баланс неизвестен,0,True,0,0.000000000,0,3,93007.000000000,5,0.000284037,,False,True,0,0,0,5,0.000000000,0.000000000,0.000000000,0.741684205,0.352582869,0.388236767,0.000000000,0.000000000,0.351257350
100000006257675100,peripheral,0.150000000,21,0.182817541,Гип. peripheral; d=4; контр. в/из=1/0; KZT в/из=70000/0; tx=2/0; роль не определена; обрыв d=4; дальнейший выход неизвестен,4,False,1,70000.000000000,2,0,0.000000000,0,0.000380339,,True,False,1,0,1,0,0.000000000,0.000000000,1.000000000,0.723261065,0.176291434,0.238046284,0.200000000,0.000000000,0.317943549
100000006274203100,peripheral,0.200000000,19,0.364103609,Гип. peripheral; d=3; контр. в/из=2/3; KZT в/из=3417512/72000; tx=41/3; роль не определена; баланс неизвестен,3,False,2,3417512.000000000,41,3,72000.000000000,3,0.000628041,0.021067958,False,False,4,0,20,2,0.000000000,0.000000000,0.539021370,0.975330549,0.352582869,0.824824070,0.800000000,0.000000000,0.606839349
100000006288612100,peripheral,0.150000000,11,0.179014751,Гип. peripheral; d=4; контр. в/из=1/0; KZT в/из=30805/0; tx=3/0; роль не определена; обрыв d=4; дальнейший выход неизвестен,4,False,1,30805.000000000,3,0,0.000000000,0,0.000296012,,True,False,1,0,3,0,0.000000000,0.000000000,1.000000000,0.670048567,0.176291434,0.300380966,0.200000000,0.000000000,0.311330002
100000006308406100,peripheral,0.150000000,21,0.193564378,Гип. peripheral; d=4; контр. в/из=1/0; KZT в/из=183000/0; tx=2/0; роль не определена; обрыв d=4; дальнейший выход неизвестен,4,False,1,183000.000000000,2,0,0.000000000,0,0.000535798,,True,False,1,0,2,0,0.000000000,0.000000000,1.000000000,0.785561570,0.176291434,0.238046284,0.200000000,0.000000000,0.336633700
100000006326645100,peripheral,0.200000000,2,0.170966938,Гип. peripheral; d=1; контр. в/из=1/0; KZT в/из=25264/0; tx=1/0; роль не определена; баланс неизвестен,1,False,1,25264.000000000,1,0,0.000000000,0,0.000289300,0.000000000,False,False,1,1,1,0,0.000000000,0.000000000,1.000000000,0.657193456,0.176291434,0.150190483,0.200000000,0.000000000,0.284944896
100000006351075100,peripheral,0.150000000,39,0.193809376,Гип. peripheral; d=4; контр. в/из=1/0; KZT в/из=40000/0; tx=2/0; роль не определена; обрыв d=4; дальнейший выход неизвестен,4,False,1,40000.000000000,2,0,0.000000000,0,0.000289517,,True,False,2,0,1,0,0.000000000,0.000000000,0.000000000,0.686981847,0.176291434,0.238046284,0.400000000,0.000000000,0.337059784
100000006369769100,peripheral,0.200000000,2,0.176328848,Гип. peripheral; d=1; контр. в/из=1/0; KZT в/из=40000/0; tx=1/0; роль не определена; баланс неизвестен,1,False,1,40000.000000000,1,0,0.000000000,0,0.000292370,0.000000000,False,False,1,1,1,0,0.000000000,0.000000000,1.000000000,0.686981847,0.176291434,0.150190483,0.200000000,0.000000000,0.293881414
100000006381453100,peripheral,0.150000000,9,0.170298971,Гип. peripheral; d=4; контр. в/из=1/0; KZT в/из=45000/0; tx=1/0; роль не определена; обрыв d=4; дальнейший выход неизвестен,4,False,1,45000.000000000,1,0,0.000000000,0,0.000572766,,True,False,1,0,1,0,0.000000000,0.000000000,1.000000000,0.694617546,0.176291434,0.150190483,0.200000000,0.000000000,0.296172123
100000006385877100,peripheral,0.200000000,9,0.213011734,Гип. peripheral; d=2; контр. в/из=1/1; KZT в/из=53706.62/36602.93; tx=5/5; роль не определена; баланс неизвестен,2,False,1,53706.620000000,5,1,36602.930000000,5,0.002194871,0.681534790,False,False,1,0,2,5,0.000000000,0.000000000,0.441409644,0.706084046,0.176291434,0.519573706,0.200000000,0.000000000,0.355019557
100000006412162100,peripheral,0.150000000,8,0.165591050,Гип. peripheral; d=4; контр. в/из=1/0; KZT в/из=15000/0; tx=2/0; роль не определена; обрыв d=4; дальнейший выход неизвестен,4,False,1,15000.000000000,2,0,0.000000000,0,0.000292012,,True,False,1,0,1,0,0.000000000,0.000000000,0.000000000,0.623397351,0.176291434,0.238046284,0.200000000,0.000000000,0.287984435
100000006416061100,peripheral,0.150000000,1,0.165764705,Гип. peripheral; d=4; контр. в/из=1/0; KZT в/из=30000/0; tx=1/0; роль не определена; обрыв d=4; дальнейший выход неизвестен,4,False,1,30000.000000000,1,0,0.000000000,0,0.000432321,,True,False,1,0,1,0,0.000000000,0.000000000,0.000000000,0.668331948,0.176291434,0.150190483,0.200000000,0.000000000,0.288286444
100000006424479100,peripheral,0.200000000,13,0.311601366,Гип. peripheral; d=2; контр. в/из=1/2; KZT в/из=500000/220000; tx=2/3; роль не определена; баланс неизвестен,2,False,1,500000.000000000,2,2,220000.000000000,3,0.000936683,0.440000000,False,False,5,0,2,1,0.000000000,0.000000000,0.800000000,0.850723439,0.279415313,0.388236767,1.000000000,0.000000000,0.519335609
100000006443391100,peripheral,0.200000000,9,0.244468452,Гип. peripheral; d=1; контр. в/из=3/2; KZT в/из=86775.93/60041.71; tx=7/6; роль не определена; баланс неизвестен,1,False,3,86775.930000000,7,2,60041.710000000,6,0.002513213,0.691916641,False,False,1,1,7,3,0.000000000,0.000000000,0.929670244,0.737188585,0.352582869,0.571828476,0.200000000,0.000000000,0.407447421
100000006444163100,peripheral,0.200000000,1,0.154242686,Гип. peripheral; d=3; контр. в/из=1/0; KZT в/из=6026/0; tx=1/0; роль не определена; баланс неизвестен,3,False,1,6026.000000000,1,0,0.000000000,0,0.000318427,0.000000000,False,False,1,0,1,0,0.000000000,0.000000000,1.000000000,0.564280948,0.176291434,0.150190483,0.200000000,0.000000000,0.257071144
100000006445501100,peripheral,0.200000000,12,0.257920704,Гип. peripheral; d=1; контр. в/из=1/0; KZT в/из=91000/0; tx=1/0; роль не определена; баланс неизвестен,1,False,1,91000.000000000,1,0,0.000000000,0,0.000297762,0.000000000,False,False,5,1,1,0,0.000000000,0.000000000,1.000000000,0.740269937,0.176291434,0.150190483,1.000000000,0.000000000,0.429867840
100000006446271100,peripheral,0.200000000,3,0.258699206,Гип. peripheral; d=1; контр. в/из=2/0; KZT в/из=80000/0; tx=2/0; роль не определена; баланс неизвестен,1,False,2,80000.000000000,2,0,0.000000000,0,0.000312161,0.000000000,False,False,4,1,1,0,0.000000000,0.000000000,0.000000000,0.731917795,0.279415313,0.238046284,0.800000000,0.000000000,0.431165344
100000006471232100,peripheral,0.200000000,2,0.176842487,Гип. peripheral; d=3; контр. в/из=1/0; KZT в/из=41800/0; tx=1/0; роль не определена; баланс неизвестен,3,False,1,41800.000000000,1,0,0.000000000,0,0.000290514,0.000000000,False,False,1,0,1,0,0.000000000,0.000000000,1.000000000,0.689835394,0.176291434,0.150190483,0.200000000,0.000000000,0.294737478
100000006476758100,peripheral,0.200000000,12,0.170522634,Гип. peripheral; d=3; контр. в/из=1/0; KZT в/из=5200/0; tx=1/0; роль не определена; баланс неизвестен,3,False,1,5200.000000000,1,0,0.000000000,0,0.000514353,0.000000000,False,False,2,0,1,0,0.000000000,0.000000000,1.000000000,0.554725100,0.176291434,0.150190483,0.400000000,0.000000000,0.284204389
100000006490557100,peripheral,0.200000000,7,0.152065041,Гип. peripheral; d=2; контр. в/из=1/0; KZT в/из=5000/0; tx=1/0; роль не определена; баланс неизвестен,2,False,1,5000.000000000,1,0,0.000000000,0,0.000284626,0.000000000,False,False,1,0,1,0,0.000000000,0.000000000,1.000000000,0.552182918,0.176291434,0.150190483,0.200000000,0.000000000,0.253441735
100000006490615100,peripheral,0.150000000,13,0.210082762,Гип. peripheral; d=4; контр. в/из=1/0; KZT в/из=41600/0; tx=6/0; роль не определена; обрыв d=4; дальнейший выход неизвестен,4,False,1,41600.000000000,6,0,0.000000000,0,0.000392493,,True,False,2,0,5,0,0.000000000,0.000000000,0.759615385,0.689524465,0.176291434,0.421637992,0.400000000,0.000000000,0.365361325
100000006491272100,peripheral,0.200000000,2,0.171391442,Гип. peripheral; d=3; контр. в/из=1/0; KZT в/из=26200/0; tx=1/0; роль не определена; баланс неизвестен,3,False,1,26200.000000000,1,0,0.000000000,0,0.000288097,0.000000000,False,False,1,0,1,0,0.000000000,0.000000000,1.000000000,0.659551813,0.176291434,0.150190483,0.200000000,0.000000000,0.285652403
100000006491963100,peripheral,0.150000000,8,0.171689116,Гип. peripheral; d=4; контр. в/из=1/0; KZT в/из=16000/0; tx=3/0; роль не определена; обрыв d=4; дальнейший выход неизвестен,4,False,1,16000.000000000,3,0,0.000000000,0,0.000292543,,True,False,1,0,3,0,0.000000000,0.000000000,0.000000000,0.627581116,0.176291434,0.300380966,0.200000000,0.000000000,0.298589767
100000006492770100,peripheral,0.200000000,1,0.224475550,Гип. peripheral; d=3; контр. в/из=1/1; KZT в/из=269000/20000; tx=1/1; роль не определена; баланс неизвестен,3,False,1,269000.000000000,1,1,20000.000000000,1,0.000299082,0.074349442,False,False,2,0,1,1,20000.000000000,0.074349442,1.000000000,0.810535623,0.176291434,0.238046284,0.400000000,0.000000000,0.374125916
100000006512787100,peripheral,0.150000000,1,0.186058064,Гип. peripheral; d=4; контр. в/из=1/0; KZT в/из=20000/0; tx=2/0; роль не определена; обрыв d=4; дальнейший выход неизвестен,4,False,1,20000.000000000,2,0,0.000000000,0,0.000526917,,True,False,2,0,2,0,0.000000000,0.000000000,1.000000000,0.642046710,0.176291434,0.238046284,0.400000000,0.000000000,0.323579243
100000006518161100,transit,0.695794000,5,0.556446829,Гип. transit; d=1; контр. в/из=3/2; KZT в/из=594200/595899; tx=13/13; out/in=1.003; 1–2д=32%; баланс неизвестен,1,False,3,594200.000000000,13,2,595899.000000000,13,0.000804354,1.002859307,False,False,3,1,11,12,189899.000000000,0.319587681,0.904072703,0.862098697,0.352582869,0.714138852,0.600000000,0.650000000,0.656267011
100000006522972100,peripheral,0.200000000,6,0.159572399,Гип. peripheral; d=3; контр. в/из=1/0; KZT в/из=9515/0; tx=1/0; роль не определена; баланс неизвестен,3,False,1,9515.000000000,1,0,0.000000000,0,0.000301654,0.000000000,False,False,1,0,1,0,0.000000000,0.000000000,1.000000000,0.593890461,0.176291434,0.150190483,0.200000000,0.000000000,0.265953998
100000006523053100,peripheral,0.200000000,3,0.224065041,Гип. peripheral; d=2; контр. в/из=1/0; KZT в/из=5000/0; tx=1/0; роль не определена; баланс неизвестен,2,False,1,5000.000000000,1,0,0.000000000,0,0.000535437,0.000000000,False,False,5,0,1,0,0.000000000,0.000000000,1.000000000,0.552182918,0.176291434,0.150190483,1.000000000,0.000000000,0.373441735
100000006527156100,peripheral,0.150000000,45,0.171136588,Гип. peripheral; d=4; контр. в/из=1/0; KZT в/из=48500/0; tx=1/0; роль не определена; обрыв d=4; дальнейший выход неизвестен,4,False,1,48500.000000000,1,0,0.000000000,0,0.000294468,,True,False,1,0,1,0,0.000000000,0.000000000,1.000000000,0.699473297,0.176291434,0.150190483,0.200000000,0.000000000,0.297628848
100000006530134100,peripheral,0.200000000,6,0.247611867,Гип. peripheral; d=3; контр. в/из=2/0; KZT в/из=144663/0; tx=2/0; роль не определена; баланс неизвестен,3,False,2,144663.000000000,2,0,0.000000000,0,0.000297453,0.000000000,False,False,3,0,2,0,0.000000000,0.000000000,1.000000000,0.770321467,0.279415313,0.238046284,0.600000000,0.000000000,0.412686445
100000006532229100,peripheral,0.200000000,10,0.223590589,Гип. peripheral; d=3; контр. в/из=1/0; KZT в/из=105000/0; tx=1/0; роль не определена; баланс неизвестен,3,False,1,105000.000000000,1,0,0.000000000,0,0.000299004,0.000000000,False,False,3,0,1,0,0.000000000,0.000000000,1.000000000,0.749547075,0.176291434,0.150190483,0.600000000,0.000000000,0.372650982
100000006534886100,peripheral,0.200000000,5,0.230987848,Гип. peripheral; d=2; контр. в/из=1/1; KZT в/из=71700/167500; tx=5/8; роль не определена; выход>1.2 входа: пропуски/начальный остаток,2,False,1,71700.000000000,5,1,167500.000000000,8,0.001123952,2.336122734,False,True,1,0,4,5,17800.000000000,0.248256625,0.930264993,0.779823963,0.176291434,0.571828476,0.200000000,0.000000000,0.384979747
100000006557763100,peripheral,0.200000000,3,0.214152491,Гип. peripheral; d=2; контр. в/из=1/0; KZT в/из=10000/0; tx=1/0; роль не определена; баланс неизвестен,2,False,1,10000.000000000,1,0,0.000000000,0,0.000345223,0.000000000,False,False,4,0,1,0,0.000000000,0.000000000,1.000000000,0.597113194,0.176291434,0.150190483,0.800000000,0.000000000,0.356920818
100000006562026100,peripheral,0.200000000,53,0.238469343,Гип. peripheral; d=1; контр. в/из=2/0; KZT в/из=75000/0; tx=6/0; роль не определена; баланс неизвестен,1,False,2,75000.000000000,6,0,0.000000000,0,0.000681220,0.000000000,False,False,2,2,6,0,0.000000000,0.000000000,1.000000000,0.727733814,0.279415313,0.421637992,0.400000000,0.000000000,0.397448906
100000006564102100,peripheral,0.200000000,3,0.232903720,Гип. peripheral; d=2; контр. в/из=1/0; KZT в/из=233235/0; tx=1/0; роль не определена; баланс неизвестен,2,False,1,233235.000000000,1,0,0.000000000,0,0.000425477,0.000000000,False,False,3,0,1,0,0.000000000,0.000000000,1.000000000,0.801286692,0.176291434,0.150190483,0.600000000,0.000000000,0.388172867
100000006567935100,peripheral,0.200000000,30,0.231109800,Гип. peripheral; d=2; контр. в/из=1/0; KZT в/из=200000/0; tx=1/0; роль не определена; баланс неизвестен,2,False,1,200000.000000000,1,0,0.000000000,0,0.000308795,0.000000000,False,False,3,0,1,0,0.000000000,0.000000000,1.000000000,0.791320471,0.176291434,0.150190483,0.600000000,0.000000000,0.385183001
100000006573438100,peripheral,0.200000000,40,0.152065041,Гип. peripheral; d=3; контр. в/из=1/0; KZT в/из=5000/0; tx=1/0; роль не определена; баланс неизвестен,3,False,1,5000.000000000,1,0,0.000000000,0,0.000297456,0.000000000,False,False,1,0,1,0,0.000000000,0.000000000,1.000000000,0.552182918,0.176291434,0.150190483,0.200000000,0.000000000,0.253441735
100000006579678100,peripheral,0.200000000,5,0.318949768,Гип. peripheral; d=1; контр. в/из=2/6; KZT в/из=192930/1668800; tx=2/15; роль не определена; выход>1.2 входа: пропуски/начальный остаток,1,False,2,192930.000000000,2,6,1668800.000000000,15,0.000621610,8.649769346,False,True,2,1,2,5,0.000000000,0.000000000,1.000000000,0.928859879,0.494912626,0.626283051,0.400000000,0.000000000,0.531582947
100000006595426100,peripheral,0.200000000,1,0.198614417,Гип. peripheral; d=2; контр. в/из=1/0; KZT в/из=84800/0; tx=3/0; роль не определена; баланс неизвестен,2,False,1,84800.000000000,3,0,0.000000000,0,0.000332469,0.000000000,False,False,1,0,3,0,0.000000000,0.000000000,1.000000000,0.735695324,0.176291434,0.300380966,0.200000000,0.000000000,0.331024029
100000006612238100,peripheral,0.200000000,2,0.200412884,Гип. peripheral; d=2; контр. в/из=1/1; KZT в/из=160000/25000; tx=1/1; роль не определена; баланс неизвестен,2,False,1,160000.000000000,1,1,25000.000000000,1,0.000337969,0.156250000,False,False,1,0,1,1,0.000000000,0.000000000,1.000000000,0.776854147,0.176291434,0.238046284,0.200000000,0.000000000,0.334021474
100000006638021100,peripheral,0.150000000,46,0.231092369,Гип. peripheral; d=4; контр. в/из=2/0; KZT в/из=388500/0; tx=2/0; роль не определена; обрыв d=4; дальнейший выход неизвестен,4,False,2,388500.000000000,2,0,0.000000000,0,0.000541255,,True,False,2,0,1,0,0.000000000,0.000000000,0.000000000,0.834365890,0.279415313,0.238046284,0.400000000,0.000000000,0.401899772
100000006641671100,peripheral,0.200000000,4,0.204643391,Гип. peripheral; d=3; контр. в/из=2/1; KZT в/из=22000/25000; tx=2/3; роль не определена; баланс неизвестен,3,False,2,22000.000000000,2,1,25000.000000000,3,0.000437447,1.136363636,False,False,1,0,2,3,0.000000000,0.000000000,0.409090909,0.656512467,0.279415313,0.388236767,0.200000000,0.000000000,0.341072318
100000006656003100,peripheral,0.200000000,2,0.176147546,Гип. peripheral; d=1; контр. в/из=1/1; KZT в/из=20000/9000; tx=1/1; роль не определена; баланс неизвестен,1,False,1,20000.000000000,1,1,9000.000000000,1,0.000288203,0.450000000,False,False,1,1,1,1,0.000000000,0.000000000,1.000000000,0.642046710,0.176291434,0.238046284,0.200000000,0.000000000,0.293579243
100000006658598100,peripheral,0.200000000,5,0.176923125,Гип. peripheral; d=1; контр. в/из=1/0; KZT в/из=9000/0; tx=1/0; роль не определена; баланс неизвестен,1,False,1,9000.000000000,1,0,0.000000000,0,0.000284999,0.000000000,False,False,2,1,1,0,0.000000000,0.000000000,1.000000000,0.590283388,0.176291434,0.150190483,0.400000000,0.000000000,0.294871876
100000006664478100,peripheral,0.200000000,27,0.214859319,Гип. peripheral; d=3; контр. в/из=1/2; KZT в/из=55000/60000; tx=3/2; роль не определена; баланс неизвестен,3,False,1,55000.000000000,3,2,60000.000000000,2,0.000613017,1.090909091,False,False,1,0,2,2,0.000000000,0.000000000,1.000000000,0.713267625,0.279415313,0.388236767,0.200000000,0.000000000,0.358098865
100000006679055100,peripheral,0.200000000,3,0.206844360,Гип. peripheral; d=2; контр. в/из=1/0; KZT в/из=25000/0; tx=1/0; роль не определена; баланс неизвестен,2,False,1,25000.000000000,1,0,0.000000000,0,0.000299198,0.000000000,False,False,3,0,1,0,0.000000000,0.000000000,1.000000000,0.656512467,0.176291434,0.150190483,0.600000000,0.000000000,0.344740599
100000006684930100,peripheral,0.200000000,13,0.232152491,Гип. peripheral; d=2; контр. в/из=1/0; KZT в/из=10000/0; tx=1/0; роль не определена; баланс неизвестен,2,False,1,10000.000000000,1,0,0.000000000,0,0.000297090,0.000000000,False,False,5,0,1,0,0.000000000,0.000000000,0.000000000,0.597113194,0.176291434,0.150190483,1.000000000,0.000000000,0.386920818
100000006687202100,peripheral,0.200000000,1,0.178932743,Гип. peripheral; d=1; контр. в/из=1/0; KZT в/из=50000/0; tx=1/0; роль не определена; баланс неизвестен,1,False,1,50000.000000000,1,0,0.000000000,0,0.000293347,0.000000000,False,False,1,1,1,0,0.000000000,0.000000000,1.000000000,0.701447928,0.176291434,0.150190483,0.200000000,0.000000000,0.298221238
100000006689603100,peripheral,0.150000000,4,0.202309351,Гип. peripheral; d=4; контр. в/из=1/0; KZT в/из=400000/0; tx=2/0; роль не определена; обрыв d=4; дальнейший выход неизвестен,4,False,1,400000.000000000,2,0,0.000000000,0,0.000310677,,True,False,1,0,2,0,0.000000000,0.000000000,1.000000000,0.836257067,0.176291434,0.238046284,0.200000000,0.000000000,0.351842349
100000006693788100,peripheral,0.150000000,1,0.154302720,Гип. peripheral; d=4; контр. в/из=1/0; KZT в/из=10764/0; tx=1/0; роль не определена; обрыв d=4; дальнейший выход неизвестен,4,False,1,10764.000000000,1,0,0.000000000,0,0.000528945,,True,False,1,0,1,0,0.000000000,0.000000000,1.000000000,0.601885660,0.176291434,0.150190483,0.200000000,0.000000000,0.268352557
100000006701983100,peripheral,0.200000000,2,0.171742415,Гип. peripheral; d=3; контр. в/из=1/0; KZT в/из=27000/0; tx=1/0; роль не определена; баланс неизвестен,3,False,1,27000.000000000,1,0,0.000000000,0,0.000288221,0.000000000,False,False,1,0,1,0,0.000000000,0.000000000,1.000000000,0.661501662,0.176291434,0.150190483,0.200000000,0.000000000,0.286237358
100000006704530100,peripheral,0.200000000,26,0.250171049,Гип. peripheral; d=3; контр. в/из=1/3; KZT в/из=450500/428000; tx=1/5; роль не определена; баланс неизвестен,3,False,1,450500.000000000,1,3,428000.000000000,5,0.000396004,0.950055494,False,False,1,0,1,4,0.000000000,0.000000000,1.000000000,0.843964920,0.352582869,0.421637992,0.200000000,0.000000000,0.416951749
100000006706519100,peripheral,0.150000000,1,0.198007507,Гип. peripheral; d=4; контр. в/из=1/0; KZT в/из=36000/0; tx=3/0; роль не определена; обрыв d=4; дальнейший выход неизвестен,4,False,1,36000.000000000,3,0,0.000000000,0,0.000388486,,True,False,2,0,3,0,0.000000000,0.000000000,0.166666667,0.680151501,0.176291434,0.300380966,0.400000000,0.000000000,0.344360882
100000006707582100,distributor,0.600000000,8,0.551695889,Гип. distributor; d=1; контр. в/из=2/14; KZT в/из=39520/961138; tx=2/15; дней выхода=4; выход>1.2 входа: пропуски/начальный остаток,1,False,2,39520.000000000,2,14,961138.000000000,15,0.000534860,24.320293522,False,True,1,1,2,4,17520.000000000,0.443319838,1.000000000,0.893090448,0.688751347,0.626283051,0.200000000,0.800000000,0.689619861
100000006710485100,peripheral,0.200000000,2,0.168240523,Гип. peripheral; d=3; контр. в/из=1/0; KZT в/из=20000/0; tx=1/0; роль не определена; баланс неизвестен,3,False,1,20000.000000000,1,0,0.000000000,0,0.000287136,0.000000000,False,False,1,0,1,0,0.000000000,0.000000000,1.000000000,0.642046710,0.176291434,0.150190483,0.200000000,0.000000000,0.280400872
100000006714366100,peripheral,0.200000000,13,0.204628809,Гип. peripheral; d=3; контр. в/из=1/1; KZT в/из=10500/5000; tx=1/1; роль не определена; баланс неизвестен,3,False,1,10500.000000000,1,1,5000.000000000,1,0.000287895,0.476190476,False,False,3,0,1,1,0.000000000,0.000000000,1.000000000,0.600275953,0.176291434,0.238046284,0.600000000,0.000000000,0.341048015
100000006734214100,terminal,0.545082000,6,0.477617675,Гип. terminal; d=3; контр. в/из=5/3; KZT в/из=610000/36000; tx=10/4; out/in=0.059; до24.07=95%; остаток неизвестен; гипотеза в окне,3,False,5,610000.000000000,10,3,36000.000000000,4,0.000602458,0.059016393,False,False,3,0,9,3,18000.000000000,0.029508197,0.950819672,0.863614924,0.455706747,0.586777786,0.600000000,0.450000000,0.618242495
100000006734554100,peripheral,0.200000000,29,0.178751382,Гип. peripheral; d=1; контр. в/из=1/1; KZT в/из=16500/25000; tx=1/1; роль не определена; выход>1.2 входа: пропуски/начальный остаток,1,False,1,16500.000000000,1,1,25000.000000000,1,0.000310181,1.515151515,False,True,1,1,1,1,0.000000000,0.000000000,1.000000000,0.656512467,0.176291434,0.238046284,0.200000000,0.000000000,0.297918970
100000006735545100,peripheral,0.150000000,4,0.180228998,Гип. peripheral; d=4; контр. в/из=1/0; KZT в/из=5000/0; tx=1/0; роль не определена; обрыв d=4; дальнейший выход неизвестен,4,False,1,5000.000000000,1,0,0.000000000,0,0.000291689,,True,False,3,0,1,0,0.000000000,0.000000000,1.000000000,0.552182918,0.176291434,0.150190483,0.600000000,0.000000000,0.313441735
100000006745291100,peripheral,0.200000000,12,0.256781209,Гип. peripheral; d=1; контр. в/из=1/0; KZT в/из=82534/0; tx=1/0; роль не определена; баланс неизвестен,1,False,1,82534.000000000,1,0,0.000000000,0,0.000296485,0.000000000,False,False,5,1,1,0,0.000000000,0.000000000,1.000000000,0.733939410,0.176291434,0.150190483,1.000000000,0.000000000,0.427968682
100000006746688100,peripheral,0.200000000,2,0.176616989,Гип. peripheral; d=3; контр. в/из=1/0; KZT в/из=41000/0; tx=1/0; роль не определена; баланс неизвестен,3,False,1,41000.000000000,1,0,0.000000000,0,0.000290390,0.000000000,False,False,1,0,1,0,0.000000000,0.000000000,1.000000000,0.688582631,0.176291434,0.150190483,0.200000000,0.000000000,0.294361649
100000006755850100,terminal,0.480000000,6,0.424167460,Гип. terminal; d=2; контр. в/из=1/0; KZT в/из=443475.8/0; tx=3/0; out/in=0.000; до24.07=100%; остаток неизвестен; гипотеза в окне,2,False,1,443475.800000000,3,0,0.000000000,0,0.000645011,0.000000000,False,False,9,0,2,0,0.000000000,0.000000000,1.000000000,0.842946129,0.176291434,0.300380966,1.000000000,0.450000000,0.573199270
100000006756956100,peripheral,0.150000000,1,0.245956975,Гип. peripheral; d=4; контр. в/из=1/0; KZT в/из=121200/0; tx=9/0; роль не определена; обрыв d=4; дальнейший выход неизвестен,4,False,1,121200.000000000,9,0,0.000000000,0,0.000309234,,True,False,3,0,5,0,0.000000000,0.000000000,1.000000000,0.758848918,0.176291434,0.498921986,0.600000000,0.000000000,0.427751260
100000006787636100,peripheral,0.200000000,54,0.168240523,Гип. peripheral; d=2; контр. в/из=1/0; KZT в/из=20000/0; tx=1/0; роль не определена; баланс неизвестен,2,False,1,20000.000000000,1,0,0.000000000,0,0.000355983,0.000000000,False,False,1,0,1,0,0.000000000,0.000000000,1.000000000,0.642046710,0.176291434,0.150190483,0.200000000,0.000000000,0.280400872
100000006788200100,peripheral,0.200000000,7,0.292001171,Гип. peripheral; d=1; контр. в/из=4/3; KZT в/из=272155.8/64500; tx=4/4; роль не определена; баланс неизвестен,1,False,4,272155.800000000,4,3,64500.000000000,4,0.000335269,0.236996603,False,False,3,1,4,4,0.000000000,0.000000000,0.515035873,0.811291753,0.409336034,0.476092568,0.600000000,0.000000000,0.486668618
100000006789108100,peripheral,0.200000000,12,0.247575741,Гип. peripheral; d=1; контр. в/из=1/0; KZT в/из=37500/0; tx=1/0; роль не определена; баланс неизвестен,1,False,1,37500.000000000,1,0,0.000000000,0,0.000289693,0.000000000,False,False,5,1,1,0,0.000000000,0.000000000,1.000000000,0.682797921,0.176291434,0.150190483,1.000000000,0.000000000,0.412626236
100000006831291100,peripheral,0.200000000,53,0.160400782,Гип. peripheral; d=0; контр. в/из=0/1; KZT в/из=0/15000; tx=0/3; роль не определена; seed: вход неполон; баланс неизвестен,0,True,0,0.000000000,0,1,15000.000000000,3,0.000284037,,False,True,0,0,0,3,0.000000000,0.000000000,0.000000000,0.623397351,0.176291434,0.300380966,0.000000000,0.000000000,0.267334637
100000006844004100,peripheral,0.200000000,1,0.168585440,Гип. peripheral; d=3; контр. в/из=1/0; KZT в/из=20600/0; tx=1/0; роль не определена; баланс неизвестен,3,False,1,20600.000000000,1,0,0.000000000,0,0.000542189,0.000000000,False,False,1,0,1,0,0.000000000,0.000000000,1.000000000,0.643962914,0.176291434,0.150190483,0.200000000,0.000000000,0.280975734
100000006844768100,peripheral,0.200000000,1,0.280738627,Гип. peripheral; d=2; контр. в/из=1/2; KZT в/из=282000/188000; tx=5/5; роль не определена; баланс неизвестен,2,False,1,282000.000000000,5,2,188000.000000000,5,0.001373257,0.666666667,False,False,3,0,5,5,13000.000000000,0.046099291,1.000000000,0.813595310,0.279415313,0.519573706,0.600000000,0.000000000,0.467897712
100000006852430100,peripheral,0.200000000,12,0.247419107,Гип. peripheral; d=2; контр. в/из=1/0; KZT в/из=37000/0; tx=1/0; роль не определена; баланс неизвестен,2,False,1,37000.000000000,1,0,0.000000000,0,0.000533021,0.000000000,False,False,8,0,1,0,0.000000000,0.000000000,1.000000000,0.681927729,0.176291434,0.150190483,1.000000000,0.000000000,0.412365178
100000006866783100,coordinator,0.600000000,1,0.748324614,Гип. coordinator; d=0; контр. в/из=13/67; KZT в/из=838812/3948037; tx=31/90; seed-пути=3; seed: вход неполон; баланс неизвестен,0,True,13,838812.000000000,31,67,3948037.000000000,90,0.000864797,,False,True,3,0,12,16,838812.000000000,1.000000000,1.000000000,0.984685890,1.000000000,1.000000000,0.600000000,1.000000000,0.935405767
100000006866831100,peripheral,0.150000000,1,0.159079290,Гип. peripheral; d=4; контр. в/из=1/0; KZT в/из=16500/0; tx=1/0; роль не определена; обрыв d=4; дальнейший выход неизвестен,4,False,1,16500.000000000,1,0,0.000000000,0,0.000365593,,True,False,1,0,1,0,0.000000000,0.000000000,1.000000000,0.629575921,0.176291434,0.150190483,0.200000000,0.000000000,0.276659636
100000006882208100,peripheral,0.200000000,5,0.185011094,Гип. peripheral; d=3; контр. в/из=1/0; KZT в/из=18000/0; tx=1/0; роль не определена; баланс неизвестен,3,False,1,18000.000000000,1,0,0.000000000,0,0.000635321,0.000000000,False,False,2,0,1,0,0.000000000,0.000000000,1.000000000,0.635216544,0.176291434,0.150190483,0.400000000,0.000000000,0.308351823
100000006888238100,peripheral,0.200000000,58,0.180878888,Гип. peripheral; d=2; контр. в/из=1/1; KZT в/из=18000/30000; tx=1/1; роль не определена; выход>1.2 входа: пропуски/начальный остаток,2,False,1,18000.000000000,1,1,30000.000000000,1,0.000605002,1.666666667,False,True,1,0,1,1,0.000000000,0.000000000,1.000000000,0.668331948,0.176291434,0.238046284,0.200000000,0.000000000,0.301464814
100000006889963100,consolidator,0.605000000,6,0.603779773,Гип. consolidator; d=1; контр. в/из=4/1; KZT в/из=1431000/443475.8; tx=6/3; seed-вход=2; баланс неизвестен,1,False,4,1431000.000000000,6,1,443475.800000000,3,0.000424675,0.309906219,False,False,9,2,2,2,226000.000000000,0.157931516,1.000000000,0.918893480,0.409336034,0.498921986,1.000000000,0.850000000,0.752373549
100000006894637100,peripheral,0.200000000,1,0.179575424,Гип. peripheral; d=3; контр. в/из=1/0; KZT в/из=52831/0; tx=1/0; роль не определена; баланс неизвестен,3,False,1,52831.000000000,1,0,0.000000000,0,0.000288687,0.000000000,False,False,1,0,1,0,0.000000000,0.000000000,1.000000000,0.705018382,0.176291434,0.150190483,0.200000000,0.000000000,0.299292374
100000006901046100,peripheral,0.200000000,5,0.201656707,Гип. peripheral; d=2; контр. в/из=1/1; KZT в/из=75800/5500; tx=3/1; роль не определена; баланс неизвестен,2,False,1,75800.000000000,3,1,5500.000000000,1,0.003185561,0.072559367,False,False,1,0,2,1,5500.000000000,0.072559367,0.000000000,0.728421663,0.176291434,0.348731503,0.200000000,0.000000000,0.336094511
100000006903193100,peripheral,0.150000000,1,0.169551329,Гип. peripheral; d=4; контр. в/из=1/0; KZT в/из=9000/0; tx=1/0; роль не определена; обрыв d=4; дальнейший выход неизвестен,4,False,1,9000.000000000,1,0,0.000000000,0,0.000299959,,True,False,2,0,1,0,0.000000000,0.000000000,1.000000000,0.590283388,0.176291434,0.150190483,0.400000000,0.000000000,0.294871876
100000006912294100,peripheral,0.200000000,9,0.198863875,Гип. peripheral; d=2; контр. в/из=1/2; KZT в/из=6335.09/30000; tx=1/2; роль не определена; выход>1.2 входа: пропуски/начальный остаток,2,False,1,6335.090000000,1,2,30000.000000000,2,0.000509434,4.735528619,False,True,1,0,1,2,0.000000000,0.000000000,0.000000000,0.668331948,0.279415313,0.300380966,0.200000000,0.000000000,0.331439792
100000006918814100,peripheral,0.150000000,3,0.168808064,Гип. peripheral; d=4; контр. в/из=1/0; KZT в/из=20000/0; tx=2/0; роль не определена; обрыв d=4; дальнейший выход неизвестен,4,False,1,20000.000000000,2,0,0.000000000,0,0.000302673,,True,False,1,0,2,0,0.000000000,0.000000000,0.500000000,0.642046710,0.176291434,0.238046284,0.200000000,0.000000000,0.293579243
100000006919124100,peripheral,0.200000000,1,0.188844360,Гип. peripheral; d=3; контр. в/из=1/0; KZT в/из=25000/0; tx=1/0; роль не определена; баланс неизвестен,3,False,1,25000.000000000,1,0,0.000000000,0,0.000285435,0.000000000,False,False,2,0,1,0,0.000000000,0.000000000,0.000000000,0.656512467,0.176291434,0.150190483,0.400000000,0.000000000,0.314740599
100000006952718100,peripheral,0.200000000,5,0.201104726,Гип. peripheral; d=1; контр. в/из=1/0; KZT в/из=71489/0; tx=1/0; роль не определена; баланс неизвестен,1,False,1,71489.000000000,1,0,0.000000000,0,0.000291673,0.000000000,False,False,2,1,1,0,0.000000000,0.000000000,1.000000000,0.724625611,0.176291434,0.150190483,0.400000000,0.000000000,0.335174543
100000006965162100,peripheral,0.200000000,28,0.160152491,Гип. peripheral; d=3; контр. в/из=1/0; KZT в/из=10000/0; tx=1/0; роль не определена; баланс неизвестен,3,False,1,10000.000000000,1,0,0.000000000,0,0.000307530,0.000000000,False,False,1,0,1,0,0.000000000,0.000000000,1.000000000,0.597113194,0.176291434,0.150190483,0.200000000,0.000000000,0.266920818
100000006967370100,peripheral,0.200000000,17,0.182070358,Гип. peripheral; d=3; контр. в/из=1/1; KZT в/из=33225/13526.27; tx=1/1; роль не определена; баланс неизвестен,3,False,1,33225.000000000,1,1,13526.270000000,1,0.000292007,0.407111211,False,False,1,0,1,1,0.000000000,0.000000000,1.000000000,0.674951224,0.176291434,0.238046284,0.200000000,0.000000000,0.303450597
100000006972210100,peripheral,0.200000000,9,0.316561035,Гип. peripheral; d=1; контр. в/из=3/0; KZT в/из=488775/0; tx=4/0; роль не определена; баланс неизвестен,1,False,3,488775.000000000,4,0,0.000000000,0,0.000344381,0.000000000,False,False,7,3,4,0,0.000000000,0.000000000,0.693110327,0.849251422,0.352582869,0.348731503,1.000000000,0.000000000,0.527601726
100000006977207100,distributor,0.600000000,4,0.575621430,Гип. distributor; d=2; контр. в/из=1/15; KZT в/из=414000/4157018; tx=1/15; дней выхода=10; выход>1.2 входа: пропуски/начальный остаток,2,False,1,414000.000000000,1,15,4157018.000000000,15,0.000345885,10.041106280,False,True,1,0,1,10,0.000000000,0.000000000,1.000000000,0.988029790,0.705165738,0.613898019,0.200000000,0.800000000,0.719526787
100000006989106100,peripheral,0.200000000,7,0.189720424,Гип. peripheral; d=2; контр. в/из=1/0; KZT в/из=64000/0; tx=2/0; роль не определена; баланс неизвестен,2,False,1,64000.000000000,2,0,0.000000000,0,0.000492731,0.000000000,False,False,1,0,2,0,0.000000000,0.000000000,0.718750000,0.717451592,0.176291434,0.238046284,0.200000000,0.000000000,0.316200707
100000006989232100,peripheral,0.200000000,1,0.169455131,Гип. peripheral; d=3; контр. в/из=1/0; KZT в/из=22194/0; tx=1/0; роль не определена; баланс неизвестен,3,False,1,22194.000000000,1,0,0.000000000,0,0.000285991,0.000000000,False,False,1,0,1,0,0.000000000,0.000000000,1.000000000,0.648794530,0.176291434,0.150190483,0.200000000,0.000000000,0.282425218
100000006994985100,peripheral,0.200000000,7,0.232446001,Гип. peripheral; d=2; контр. в/из=1/1; KZT в/из=48500/10200; tx=2/2; роль не определена; баланс неизвестен,2,False,1,48500.000000000,2,1,10200.000000000,2,0.000498323,0.210309278,False,False,3,0,2,2,10200.000000000,0.210309278,1.000000000,0.699473297,0.176291434,0.348731503,0.600000000,0.000000000,0.387410001
100000007005380100,peripheral,0.200000000,6,0.159430516,Гип. peripheral; d=3; контр. в/из=1/0; KZT в/из=9400/0; tx=1/0; роль не определена; баланс неизвестен,3,False,1,9400.000000000,1,0,0.000000000,0,0.000301441,0.000000000,False,False,1,0,1,0,0.000000000,0.000000000,1.000000000,0.593102223,0.176291434,0.150190483,0.200000000,0.000000000,0.265717526
100000007018630100,peripheral,0.200000000,61,0.198533966,Гип. peripheral; d=0; контр. в/из=0/1; KZT в/из=0/200000; tx=0/5; роль не определена; seed: вход неполон; баланс неизвестен,0,True,0,0.000000000,0,1,200000.000000000,5,0.000284037,,False,True,0,0,0,3,0.000000000,0.000000000,0.000000000,0.791320471,0.176291434,0.388236767,0.000000000,0.000000000,0.330889943
100000007020162100,peripheral,0.200000000,15,0.185314722,Гип. peripheral; d=3; контр. в/из=1/0; KZT в/из=86395/0; tx=1/0; роль не определена; баланс неизвестен,3,False,1,86395.000000000,1,0,0.000000000,0,0.000308373,0.000000000,False,False,1,0,1,0,0.000000000,0.000000000,1.000000000,0.736903370,0.176291434,0.150190483,0.200000000,0.000000000,0.308857870
100000007022818100,peripheral,0.200000000,2,0.166480605,Гип. peripheral; d=3; контр. в/из=1/0; KZT в/из=17200/0; tx=1/0; роль не определена; баланс неизвестен,3,False,1,17200.000000000,1,0,0.000000000,0,0.000286702,0.000000000,False,False,1,0,1,0,0.000000000,0.000000000,1.000000000,0.632269384,0.176291434,0.150190483,0.200000000,0.000000000,0.277467675
100000007034089100,peripheral,0.150000000,9,0.223554640,Гип. peripheral; d=4; контр. в/из=2/0; KZT в/из=198000/0; tx=2/0; роль не определена; обрыв d=4; дальнейший выход неизвестен,4,False,2,198000.000000000,2,0,0.000000000,0,0.000319357,,True,False,2,0,1,0,0.000000000,0.000000000,0.000000000,0.790668911,0.279415313,0.238046284,0.400000000,0.000000000,0.388790678
100000007042175100,peripheral,0.150000000,1,0.190766109,Гип. peripheral; d=4; контр. в/из=1/0; KZT в/из=60000/0; tx=1/0; роль не определена; обрыв d=4; дальнейший выход неизвестен,4,False,1,60000.000000000,1,0,0.000000000,0,0.000530841,,True,False,2,0,1,0,0.000000000,0.000000000,1.000000000,0.713267625,0.176291434,0.150190483,0.400000000,0.000000000,0.331767147
100000007055802100,consolidator,0.740000000,1,0.663709421,Гип. consolidator; d=1; контр. в/из=6/1; KZT в/из=2024999/605000; tx=34/7; seed-вход=1; баланс неизвестен,1,False,6,2024999.000000000,34,1,605000.000000000,7,0.001170947,0.298765580,False,False,3,1,9,7,238000.000000000,0.117530922,1.000000000,0.941402177,0.494912626,0.809874759,0.600000000,0.850000000,0.762884392
100000007071852100,peripheral,0.150000000,4,0.203947093,Гип. peripheral; d=4; контр. в/из=1/0; KZT в/из=195000/0; tx=1/0; роль не определена; обрыв d=4; дальнейший выход неизвестен,4,False,1,195000.000000000,1,0,0.000000000,0,0.000440933,,True,False,2,0,1,0,0.000000000,0.000000000,1.000000000,0.789679125,0.176291434,0.150190483,0.400000000,0.000000000,0.354690597
100000007129492100,peripheral,0.200000000,12,0.277053544,Гип. peripheral; d=1; контр. в/из=2/1; KZT в/из=50990/37000; tx=2/1; роль не определена; баланс неизвестен,1,False,2,50990.000000000,2,1,37000.000000000,1,0.000292923,0.725632477,False,False,8,2,2,1,0.000000000,0.000000000,1.000000000,0.702718995,0.279415313,0.300380966,1.000000000,0.000000000,0.461755906
100000007131370100,peripheral,0.200000000,16,0.216878888,Гип. peripheral; d=3; контр. в/из=1/1; KZT в/из=30000/30000; tx=1/1; роль не определена; баланс неизвестен,3,False,1,30000.000000000,1,1,30000.000000000,1,0.000892360,1.000000000,False,False,3,0,1,1,0.000000000,0.000000000,0.000000000,0.668331948,0.176291434,0.238046284,0.600000000,0.000000000,0.361464814
100000007138613100,peripheral,0.200000000,1,0.292493392,Гип. peripheral; d=3; контр. в/из=3/2; KZT в/из=1002000/179000; tx=3/2; роль не определена; баланс неизвестен,3,False,3,1002000.000000000,3,2,179000.000000000,2,0.000352148,0.178642715,False,False,3,0,3,2,0.000000000,0.000000000,0.000000000,0.895789662,0.352582869,0.388236767,0.600000000,0.000000000,0.487488987
100000007140834100,peripheral,0.200000000,7,0.168290575,Гип. peripheral; d=3; контр. в/из=1/0; KZT в/из=10200/0; tx=2/0; роль не определена; баланс неизвестен,3,False,1,10200.000000000,2,0,0.000000000,0,0.000707612,0.000000000,False,False,1,0,2,0,0.000000000,0.000000000,1.000000000,0.598396872,0.176291434,0.238046284,0.200000000,0.000000000,0.280484291
100000007153161100,peripheral,0.150000000,1,0.187548225,Гип. peripheral; d=4; контр. в/из=1/0; KZT в/из=44997/0; tx=1/0; роль не определена; обрыв d=4; дальнейший выход неизвестен,4,False,1,44997.000000000,1,0,0.000000000,0,0.000527808,,True,False,2,0,1,0,0.000000000,0.000000000,1.000000000,0.694613224,0.176291434,0.150190483,0.400000000,0.000000000,0.326170827
100000007170072100,peripheral,0.200000000,4,0.232640598,Гип. peripheral; d=3; контр. в/из=1/2; KZT в/из=100000/99500; tx=1/9; роль не определена; баланс неизвестен,3,False,1,100000.000000000,1,2,99500.000000000,9,0.000305956,0.995000000,False,False,1,0,1,1,99500.000000000,0.995000000,1.000000000,0.746384037,0.279415313,0.519573706,0.200000000,0.000000000,0.387734330
100000007173936100,peripheral,0.200000000,30,0.196152491,Гип. peripheral; d=2; контр. в/из=1/0; KZT в/из=10000/0; tx=1/0; роль не определена; баланс неизвестен,2,False,1,10000.000000000,1,0,0.000000000,0,0.000285275,0.000000000,False,False,3,0,1,0,0.000000000,0.000000000,1.000000000,0.597113194,0.176291434,0.150190483,0.600000000,0.000000000,0.326920818
100000007175718100,peripheral,0.200000000,44,0.168240523,Гип. peripheral; d=1; контр. в/из=1/0; KZT в/из=20000/0; tx=1/0; роль не определена; баланс неизвестен,1,False,1,20000.000000000,1,0,0.000000000,0,0.000301540,0.000000000,False,False,1,1,1,0,0.000000000,0.000000000,1.000000000,0.642046710,0.176291434,0.150190483,0.200000000,0.000000000,0.280400872
100000007181706100,peripheral,0.200000000,3,0.267917977,Гип. peripheral; d=1; контр. в/из=2/0; KZT в/из=176272/0; tx=2/0; роль не определена; баланс неизвестен,1,False,2,176272.000000000,2,0,0.000000000,0,0.000317264,0.000000000,False,False,4,1,1,0,0.000000000,0.000000000,1.000000000,0.783133187,0.279415313,0.238046284,0.800000000,0.000000000,0.446529961
100000007197866100,peripheral,0.200000000,4,0.176147546,Гип. peripheral; d=3; контр. в/из=1/1; KZT в/из=20000/15000; tx=1/1; роль не определена; баланс неизвестен,3,False,1,20000.000000000,1,1,15000.000000000,1,0.000288074,0.750000000,False,False,1,0,1,1,0.000000000,0.000000000,1.000000000,0.642046710,0.176291434,0.238046284,0.200000000,0.000000000,0.293579243
100000007229557100,peripheral,0.200000000,18,0.301044765,Гип. peripheral; d=3; контр. в/из=3/0; KZT в/из=878000/0; tx=3/0; роль не определена; баланс неизвестен,3,False,3,878000.000000000,3,0,0.000000000,0,0.000391950,0.000000000,False,False,4,0,1,0,0.000000000,0.000000000,0.000000000,0.887225190,0.352582869,0.300380966,0.800000000,0.000000000,0.501741276
100000007242833100,peripheral,0.200000000,11,0.245289339,Гип. peripheral; d=2; контр. в/из=1/1; KZT в/из=107500/45000; tx=3/2; роль не определена; баланс неизвестен,2,False,1,107500.000000000,3,1,45000.000000000,2,0.000510679,0.418604651,False,False,3,0,1,1,45000.000000000,0.418604651,1.000000000,0.751072543,0.176291434,0.388236767,0.600000000,0.000000000,0.408815565
100000007267915100,peripheral,0.200000000,17,0.199053405,Гип. peripheral; d=3; контр. в/из=2/1; KZT в/из=21000/10000; tx=3/1; роль не определена; баланс неизвестен,3,False,2,21000.000000000,3,1,10000.000000000,1,0.000289820,0.476190476,False,False,1,0,3,1,5000.000000000,0.238095238,1.000000000,0.645209624,0.279415313,0.348731503,0.200000000,0.000000000,0.331755675
100000007274584100,peripheral,0.200000000,3,0.229730301,Гип. peripheral; d=1; контр. в/из=1/0; KZT в/из=38000/0; tx=1/0; роль не определена; баланс неизвестен,1,False,1,38000.000000000,1,0,0.000000000,0,0.000291585,0.000000000,False,False,4,1,1,0,0.000000000,0.000000000,0.000000000,0.683656586,0.176291434,0.150190483,0.800000000,0.000000000,0.382883835
100000007281639100,peripheral,0.200000000,5,0.262292968,Гип. peripheral; d=1; контр. в/из=2/0; KZT в/из=216770/0; tx=4/0; роль не определена; баланс неизвестен,1,False,2,216770.000000000,4,0,0.000000000,0,0.000321764,0.000000000,False,False,3,1,4,0,0.000000000,0.000000000,0.678138119,0.796540529,0.279415313,0.348731503,0.600000000,0.000000000,0.437154947
100000007283257100,peripheral,0.200000000,64,0.221667721,Гип. peripheral; d=1; контр. в/из=1/0; KZT в/из=192000/0; tx=7/0; роль не определена; баланс неизвестен,1,False,1,192000.000000000,7,0,0.000000000,0,0.000386862,0.000000000,False,False,1,1,2,0,0.000000000,0.000000000,0.000000000,0.788673993,0.176291434,0.450571450,0.200000000,0.000000000,0.369446202
100000007289427100,peripheral,0.200000000,3,0.162568005,Гип. peripheral; d=2; контр. в/из=1/0; KZT в/из=12300/0; tx=1/0; роль не определена; баланс неизвестен,2,False,1,12300.000000000,1,0,0.000000000,0,0.000371516,0.000000000,False,False,1,0,1,0,0.000000000,0.000000000,1.000000000,0.610532718,0.176291434,0.150190483,0.200000000,0.000000000,0.270946675
100000007303047100,peripheral,0.200000000,2,0.179446384,Гип. peripheral; d=3; контр. в/из=1/0; KZT в/из=52250/0; tx=1/0; роль не определена; баланс неизвестен,3,False,1,52250.000000000,1,0,0.000000000,0,0.000292133,0.000000000,False,False,1,0,1,0,0.000000000,0.000000000,0.000000000,0.704301488,0.176291434,0.150190483,0.200000000,0.000000000,0.299077306
100000007311010100,peripheral,0.200000000,3,0.261792604,Гип. peripheral; d=1; контр. в/из=2/1; KZT в/из=64480/20000; tx=2/1; роль не определена; баланс неизвестен,1,False,2,64480.000000000,2,1,20000.000000000,1,0.000307643,0.310173697,False,False,4,1,2,1,0.000000000,0.000000000,1.000000000,0.717935996,0.279415313,0.300380966,0.800000000,0.000000000,0.436321006
100000007322059100,peripheral,0.200000000,32,0.202819826,Гип. peripheral; d=2; контр. в/из=2/1; KZT в/из=29000/22500; tx=2/2; роль не определена; баланс неизвестен,2,False,2,29000.000000000,2,1,22500.000000000,2,0.000674824,0.775862069,False,False,1,0,2,2,0.000000000,0.000000000,0.827586207,0.666134184,0.279415313,0.348731503,0.200000000,0.000000000,0.338033043
100000007330432100,peripheral,0.150000000,51,0.198981124,Гип. peripheral; d=4; контр. в/из=1/0; KZT в/из=584900/0; tx=1/0; роль не определена; обрыв d=4; дальнейший выход неизвестен,4,False,1,584900.000000000,1,0,0.000000000,0,0.000534951,,True,False,1,0,1,0,0.000000000,0.000000000,1.000000000,0.860890896,0.176291434,0.150190483,0.200000000,0.000000000,0.346054128
100000007333038100,peripheral,0.200000000,14,0.200660666,Гип. peripheral; d=3; контр. в/из=1/2; KZT в/из=17500/34994; tx=1/2; роль не определена; выход>1.2 входа: пропуски/начальный остаток,3,False,1,17500.000000000,1,2,34994.000000000,2,0.000298064,1.999657143,False,True,1,0,1,1,0.000000000,0.000000000,0.000000000,0.678314119,0.279415313,0.300380966,0.200000000,0.000000000,0.334434443
100000007334196100,peripheral,0.200000000,12,0.263752896,Гип. peripheral; d=1; контр. в/из=1/0; KZT в/из=150002/0; tx=1/0; роль не определена; баланс неизвестен,1,False,1,150002.000000000,1,0,0.000000000,0,0.000306661,0.000000000,False,False,5,1,1,0,0.000000000,0.000000000,1.000000000,0.772671004,0.176291434,0.150190483,1.000000000,0.000000000,0.439588161
100000007337374100,peripheral,0.200000000,2,0.176147546,Гип. peripheral; d=2; контр. в/из=1/0; KZT в/из=20000/0; tx=2/0; роль не определена; баланс неизвестен,2,False,1,20000.000000000,2,0,0.000000000,0,0.000290779,0.000000000,False,False,1,0,2,0,0.000000000,0.000000000,0.500000000,0.642046710,0.176291434,0.238046284,0.200000000,0.000000000,0.293579243
100000007347733100,peripheral,0.200000000,53,0.169874937,Гип. peripheral; d=1; контр. в/из=1/0; KZT в/из=23007/0; tx=1/0; роль не определена; баланс неизвестен,1,False,1,23007.000000000,1,0,0.000000000,0,0.000343760,0.000000000,False,False,1,1,1,0,0.000000000,0.000000000,0.000000000,0.651126787,0.176291434,0.150190483,0.200000000,0.000000000,0.283124895
100000007357489100,peripheral,0.150000000,9,0.221481777,Гип. peripheral; d=4; контр. в/из=2/0; KZT в/из=164500/0; tx=2/0; роль не определена; обрыв d=4; дальнейший выход неизвестен,4,False,2,164500.000000000,2,0,0.000000000,0,0.000311250,,True,False,2,0,1,0,0.000000000,0.000000000,1.000000000,0.778652311,0.279415313,0.238046284,0.400000000,0.000000000,0.385185698
100000007381662100,peripheral,0.150000000,1,0.171795239,Гип. peripheral; d=4; контр. в/из=1/0; KZT в/из=11000/0; tx=1/0; роль не определена; обрыв d=4; дальнейший выход неизвестен,4,False,1,11000.000000000,1,0,0.000000000,0,0.000295228,,True,False,2,0,1,0,0.000000000,0.000000000,0.000000000,0.603291567,0.176291434,0.150190483,0.400000000,0.000000000,0.298774330
100000007382152100,peripheral,0.200000000,1,0.171916770,Гип. peripheral; d=2; контр. в/из=1/0; KZT в/из=5860/0; tx=1/0; роль не определена; баланс неизвестен,2,False,1,5860.000000000,1,0,0.000000000,0,0.000284943,0.000000000,False,False,2,0,1,0,0.000000000,0.000000000,0.000000000,0.562470301,0.176291434,0.150190483,0.400000000,0.000000000,0.286527950
100000007382543100,peripheral,0.200000000,28,0.272431772,Гип. peripheral; d=2; контр. в/из=3/5; KZT в/из=218000/427000; tx=3/8; роль не определена; выход>1.2 входа: пропуски/начальный остаток,2,False,3,218000.000000000,3,5,427000.000000000,8,0.001180139,1.958715596,False,True,1,0,3,7,0.000000000,0.000000000,1.000000000,0.840491720,0.455706747,0.538427250,0.200000000,0.000000000,0.454052953
100000007390016100,peripheral,0.200000000,69,0.293520841,Гип. peripheral; d=3; контр. в/из=1/1; KZT в/из=511000/346500; tx=13/14; роль не определена; баланс неизвестен,3,False,1,511000.000000000,13,1,346500.000000000,14,0.001937986,0.678082192,False,False,3,0,5,5,95000.000000000,0.185909980,1.000000000,0.852134234,0.176291434,0.722018959,0.600000000,0.000000000,0.489201401
100000007392365100,peripheral,0.200000000,39,0.310003915,Гип. peripheral; d=3; контр. в/из=1/6; KZT в/из=9613/1765600; tx=1/9; роль не определена; выход>1.2 входа: пропуски/начальный остаток,3,False,1,9613.000000000,1,6,1765600.000000000,9,0.000284575,183.667949652,False,True,2,0,1,8,0.000000000,0.000000000,0.000000000,0.932515369,0.494912626,0.519573706,0.400000000,0.000000000,0.516673192
100000007442518100,coordinator,0.575000000,30,0.656523081,Гип. coordinator; d=1; контр. в/из=5/9; KZT в/из=510000/4419999; tx=8/12; seed-пути=4; выход>1.2 входа: пропуски/начальный остаток,1,False,5,510000.000000000,8,9,4419999.000000000,12,0.000643709,8.666664706,False,True,4,1,6,8,335000.000000000,0.656862745,1.000000000,0.992006559,0.585627469,0.659684276,0.800000000,1.000000000,0.833680103
100000007472293100,peripheral,0.200000000,46,0.276526318,Гип. peripheral; d=3; контр. в/из=1/3; KZT в/из=5000/345900; tx=1/3; роль не определена; выход>1.2 входа: пропуски/начальный остаток,3,False,1,5000.000000000,1,3,345900.000000000,3,0.000284796,69.180000000,False,True,3,0,1,1,0.000000000,0.000000000,0.000000000,0.826836326,0.352582869,0.348731503,0.600000000,0.000000000,0.460877197
100000007484343100,peripheral,0.200000000,1,0.209918806,Гип. peripheral; d=3; контр. в/из=2/0; KZT в/из=26757/0; tx=2/0; роль не определена; баланс неизвестен,3,False,2,26757.000000000,2,0,0.000000000,0,0.000287573,0.000000000,False,False,2,0,1,0,0.000000000,0.000000000,1.000000000,0.660915572,0.279415313,0.238046284,0.400000000,0.000000000,0.349864677
100000007487729100,peripheral,0.200000000,1,0.170844360,Гип. peripheral; d=3; контр. в/из=1/0; KZT в/из=25000/0; tx=1/0; роль не определена; баланс неизвестен,3,False,1,25000.000000000,1,0,0.000000000,0,0.000292524,0.000000000,False,False,1,0,1,0,0.000000000,0.000000000,1.000000000,0.656512467,0.176291434,0.150190483,0.200000000,0.000000000,0.284740599
100000007507343100,peripheral,0.200000000,52,0.202288625,Гип. peripheral; d=1; контр. в/из=1/0; KZT в/из=370000/0; tx=1/0; роль не определена; баланс неизвестен,1,False,1,370000.000000000,1,0,0.000000000,0,0.000641013,0.000000000,False,False,1,1,1,0,0.000000000,0.000000000,1.000000000,0.831202830,0.176291434,0.150190483,0.200000000,0.000000000,0.337147708
100000007510567100,peripheral,0.150000000,8,0.189165815,Гип. peripheral; d=4; контр. в/из=1/0; KZT в/из=52000/0; tx=1/0; роль не определена; обрыв d=4; дальнейший выход неизвестен,4,False,1,52000.000000000,1,0,0.000000000,0,0.000303355,,True,False,2,0,1,0,0.000000000,0.000000000,1.000000000,0.703990558,0.176291434,0.150190483,0.400000000,0.000000000,0.328984027
100000007510875100,peripheral,0.200000000,9,0.152065041,Гип. peripheral; d=3; контр. в/из=1/0; KZT в/из=5000/0; tx=1/0; роль не определена; баланс неизвестен,3,False,1,5000.000000000,1,0,0.000000000,0,0.000356207,0.000000000,False,False,1,0,1,0,0.000000000,0.000000000,1.000000000,0.552182918,0.176291434,0.150190483,0.200000000,0.000000000,0.253441735
100000007511163100,peripheral,0.200000000,5,0.245291999,Гип. peripheral; d=1; контр. в/из=2/3; KZT в/из=63666/82052; tx=2/3; роль не определена; выход>1.2 входа: пропуски/начальный остаток,1,False,2,63666.000000000,2,3,82052.000000000,3,0.000337665,1.288788364,False,True,2,1,2,2,0.000000000,0.000000000,1.000000000,0.733559696,0.352582869,0.388236767,0.400000000,0.000000000,0.408819998
100000007511780100,peripheral,0.150000000,1,0.191707298,Гип. peripheral; d=4; контр. в/из=1/0; KZT в/из=155000/0; tx=2/0; роль не определена; обрыв d=4; дальнейший выход неизвестен,4,False,1,155000.000000000,2,0,0.000000000,0,0.000556405,,True,False,1,0,2,0,0.000000000,0.000000000,0.967741935,0.774795891,0.176291434,0.238046284,0.200000000,0.000000000,0.333403997
100000007534354100,peripheral,0.200000000,8,0.230604776,Гип. peripheral; d=2; контр. в/из=1/3; KZT в/из=50000/147810; tx=1/3; роль не определена; выход>1.2 входа: пропуски/начальный остаток,2,False,1,50000.000000000,1,3,147810.000000000,3,0.000301898,2.956200000,False,True,1,0,1,2,0.000000000,0.000000000,1.000000000,0.771716650,0.352582869,0.348731503,0.200000000,0.000000000,0.384341294
100000007536804100,peripheral,0.200000000,7,0.212913251,Гип. peripheral; d=1; контр. в/из=1/2; KZT в/из=100000/55000; tx=1/2; роль не определена; баланс неизвестен,1,False,1,100000.000000000,1,2,55000.000000000,2,0.000289734,0.550000000,False,False,1,1,1,2,45000.000000000,0.450000000,0.000000000,0.746384037,0.279415313,0.300380966,0.200000000,0.000000000,0.354855419
100000007539296100,peripheral,0.150000000,6,0.178122322,Гип. peripheral; d=4; контр. в/из=1/0; KZT в/из=46000/0; tx=2/0; роль не определена; обрыв d=4; дальнейший выход неизвестен,4,False,1,46000.000000000,2,0,0.000000000,0,0.000553962,,True,False,1,0,2,0,0.000000000,0.000000000,0.543478261,0.696042408,0.176291434,0.238046284,0.200000000,0.000000000,0.309777952
100000007544358100,transit,0.586047000,5,0.438065112,Гип. transit; d=1; контр. в/из=2/1; KZT в/из=322500/350000; tx=2/3; out/in=1.085; 1–2д=0%; баланс неизвестен,1,False,2,322500.000000000,2,1,350000.000000000,3,0.000338662,1.085271318,False,False,2,1,2,3,0.000000000,0.000000000,1.000000000,0.827600244,0.279415313,0.388236767,0.400000000,0.650000000,0.552398651
100000007591246100,peripheral,0.200000000,13,0.215055829,Гип. peripheral; d=3; контр. в/из=1/1; KZT в/из=12190/120000; tx=1/1; роль не определена; выход>1.2 входа: пропуски/начальный остаток,3,False,1,12190.000000000,1,1,120000.000000000,1,0.000296272,9.844134537,False,True,2,0,1,1,0.000000000,0.000000000,0.000000000,0.758203843,0.176291434,0.238046284,0.400000000,0.000000000,0.358426382
100000007593823100,distributor,0.600000000,1,0.601812689,Гип. distributor; d=3; контр. в/из=3/13; KZT в/из=25000/162900; tx=3/21; дней выхода=12; выход>1.2 входа: пропуски/начальный остаток,3,False,3,25000.000000000,3,13,162900.000000000,21,0.000289021,6.516000000,False,True,4,0,3,12,10000.000000000,0.400000000,1.000000000,0.778018662,0.671204060,0.697463005,0.800000000,0.800000000,0.752265862
100000007594394100,consolidator,0.600000000,19,0.645186203,Гип. consolidator; d=2; контр. в/из=6/1; KZT в/из=395385/3376312; tx=6/40; seed-вход=0; выход>1.2 входа: пропуски/начальный остаток,2,False,6,395385.000000000,6,1,3376312.000000000,40,0.000403153,8.539302199,False,True,4,0,4,19,395385.000000000,1.000000000,1.000000000,0.974544238,0.494912626,0.834246384,0.800000000,0.850000000,0.806482754
100000007597382100,peripheral,0.200000000,6,0.201415852,Гип. peripheral; d=3; контр. в/из=1/0; KZT в/из=15700/0; tx=1/0; роль не определена; баланс неизвестен,3,False,1,15700.000000000,1,0,0.000000000,0,0.000284542,0.000000000,False,False,3,0,1,0,0.000000000,0.000000000,1.000000000,0.626354090,0.176291434,0.150190483,0.600000000,0.000000000,0.335693086
100000007617808100,peripheral,0.200000000,5,0.258572842,Гип. peripheral; d=2; контр. в/из=1/0; KZT в/из=450000/0; tx=1/0; роль не определена; баланс неизвестен,2,False,1,450000.000000000,1,0,0.000000000,0,0.000358063,0.000000000,False,False,4,0,1,0,0.000000000,0.000000000,1.000000000,0.843892927,0.176291434,0.150190483,0.800000000,0.000000000,0.430954737
100000007618425100,peripheral,0.200000000,17,0.176137074,Гип. peripheral; d=3; контр. в/из=1/0; KZT в/из=39348/0; tx=1/0; роль не определена; баланс неизвестен,3,False,1,39348.000000000,1,0,0.000000000,0,0.000293475,0.000000000,False,False,1,0,1,0,0.000000000,0.000000000,1.000000000,0.685916437,0.176291434,0.150190483,0.200000000,0.000000000,0.293561791
100000007629096100,consolidator,0.597500000,1,0.551066365,Гип. consolidator; d=2; контр. в/из=4/1; KZT в/из=1075170/765205; tx=5/5; seed-вход=0; баланс неизвестен,2,False,4,1075170.000000000,5,1,765205.000000000,5,0.002532147,0.711706056,False,False,3,0,4,4,548785.000000000,0.510416957,0.534957263,0.900358930,0.409336034,0.519573706,0.600000000,0.850000000,0.689910942
100000007629121100,peripheral,0.200000000,3,0.226576269,Гип. peripheral; d=2; контр. в/из=1/0; KZT в/из=29000/0; tx=1/0; роль не определена; баланс неизвестен,2,False,1,29000.000000000,1,0,0.000000000,0,0.000393718,0.000000000,False,False,4,0,1,0,0.000000000,0.000000000,1.000000000,0.666134184,0.176291434,0.150190483,0.800000000,0.000000000,0.377627114
100000007631637100,peripheral,0.200000000,2,0.165145936,Гип. peripheral; d=1; контр. в/из=1/0; KZT в/из=15341/0; tx=1/0; роль не определена; баланс неизвестен,1,False,1,15341.000000000,1,0,0.000000000,0,0.000287233,0.000000000,False,False,1,1,1,0,0.000000000,0.000000000,1.000000000,0.624854555,0.176291434,0.150190483,0.200000000,0.000000000,0.275243226
100000007639767100,peripheral,0.200000000,1,0.324484566,Гип. peripheral; d=1; контр. в/из=4/10; KZT в/из=90913/822244; tx=4/13; роль не определена; выход>1.2 входа: пропуски/начальный остаток,1,False,4,90913.000000000,4,10,822244.000000000,13,0.000299783,9.044295095,False,True,2,1,4,8,40027.000000000,0.440278068,1.000000000,0.882971735,0.609868162,0.626283051,0.400000000,0.000000000,0.540807610
100000007641183100,peripheral,0.200000000,5,0.190166788,Гип. peripheral; d=1; контр. в/из=1/0; KZT в/из=28000/0; tx=1/0; роль не определена; баланс неизвестен,1,False,1,28000.000000000,1,0,0.000000000,0,0.000287028,0.000000000,False,False,2,1,1,0,0.000000000,0.000000000,1.000000000,0.663859292,0.176291434,0.150190483,0.400000000,0.000000000,0.316944647
100000007641801100,peripheral,0.200000000,7,0.195109800,Гип. peripheral; d=1; контр. в/из=1/0; KZT в/из=200000/0; tx=1/0; роль не определена; баланс неизвестен,1,False,1,200000.000000000,1,0,0.000000000,0,0.000295431,0.000000000,False,False,1,1,1,0,0.000000000,0.000000000,1.000000000,0.791320471,0.176291434,0.150190483,0.200000000,0.000000000,0.325183001
100000007647294100,peripheral,0.200000000,34,0.202752370,Гип. peripheral; d=3; контр. в/из=1/0; KZT в/из=385000/0; tx=1/0; роль не определена; баланс неизвестен,3,False,1,385000.000000000,1,0,0.000000000,0,0.000574781,0.000000000,False,False,1,0,1,0,0.000000000,0.000000000,1.000000000,0.833779190,0.176291434,0.150190483,0.200000000,0.000000000,0.337920616
100000007648946100,peripheral,0.200000000,13,0.178751382,Гип. peripheral; d=1; контр. в/из=1/1; KZT в/из=19550/25000; tx=1/1; роль не определена; выход>1.2 входа: пропуски/начальный остаток,1,False,1,19550.000000000,1,1,25000.000000000,1,0.000287677,1.278772379,False,True,1,1,1,1,0.000000000,0.000000000,1.000000000,0.656512467,0.176291434,0.238046284,0.200000000,0.000000000,0.297918970
100000007653003100,peripheral,0.200000000,17,0.187021242,Гип. peripheral; d=3; контр. в/из=1/0; KZT в/из=100000/0; tx=1/0; роль не определена; баланс неизвестен,3,False,1,100000.000000000,1,0,0.000000000,0,0.000299662,0.000000000,False,False,1,0,1,0,0.000000000,0.000000000,1.000000000,0.746384037,0.176291434,0.150190483,0.200000000,0.000000000,0.311702071
100000007653094100,peripheral,0.150000000,13,0.210485187,Гип. peripheral; d=4; контр. в/из=1/0; KZT в/из=16000/0; tx=1/0; роль не определена; обрыв d=4; дальнейший выход неизвестен,4,False,1,16000.000000000,1,0,0.000000000,0,0.000571630,,True,False,4,0,1,0,0.000000000,0.000000000,1.000000000,0.627581116,0.176291434,0.150190483,0.800000000,0.000000000,0.366061194
100000007689942100,peripheral,0.200000000,19,0.196736369,Гип. peripheral; d=3; контр. в/из=1/2; KZT в/из=5000/25000; tx=1/2; роль не определена; выход>1.2 входа: пропуски/начальный остаток,3,False,1,5000.000000000,1,2,25000.000000000,2,0.000885029,5.000000000,False,True,1,0,1,2,0.000000000,0.000000000,0.000000000,0.656512467,0.279415313,0.300380966,0.200000000,0.000000000,0.327893948
100000007731977100,peripheral,0.150000000,1,0.188727212,Гип. peripheral; d=4; контр. в/из=1/0; KZT в/из=50000/0; tx=1/0; роль не определена; обрыв d=4; дальнейший выход неизвестен,4,False,1,50000.000000000,1,0,0.000000000,0,0.000334905,,True,False,2,0,1,0,0.000000000,0.000000000,1.000000000,0.701447928,0.176291434,0.150190483,0.400000000,0.000000000,0.328221238
100000007737775100,peripheral,0.200000000,12,0.172192236,Гип. peripheral; d=3; контр. в/из=1/0; KZT в/из=6000/0; tx=1/0; роль не определена; баланс неизвестен,3,False,1,6000.000000000,1,0,0.000000000,0,0.000301415,0.000000000,False,False,2,0,1,0,0.000000000,0.000000000,1.000000000,0.564000671,0.176291434,0.150190483,0.400000000,0.000000000,0.286987061
100000007745062100,peripheral,0.150000000,11,0.196478691,Гип. peripheral; d=4; контр. в/из=1/0; KZT в/из=100000/0; tx=1/0; роль не определена; обрыв d=4; дальнейший выход неизвестен,4,False,1,100000.000000000,1,0,0.000000000,0,0.000621254,,True,False,2,0,1,0,0.000000000,0.000000000,1.000000000,0.746384037,0.176291434,0.150190483,0.400000000,0.000000000,0.341702071
100000007747786100,distributor,0.600000000,7,0.599637347,Гип. distributor; d=0; контр. в/из=0/31; KZT в/из=0/4238009.4; tx=0/35; дней выхода=18; seed: вход неполон; баланс неизвестен,0,True,0,0.000000000,0,31,4238009.400000000,35,0.000284037,,False,True,0,0,0,18,0.000000000,0.000000000,0.000000000,0.989280729,0.881457172,0.776473534,0.000000000,0.800000000,0.749546683
100000007749092100,peripheral,0.200000000,5,0.207351730,Гип. peripheral; d=2; контр. в/из=1/1; KZT в/из=7650/70375; tx=1/5; роль не определена; выход>1.2 входа: пропуски/начальный остаток,2,False,1,7650.000000000,1,1,70375.000000000,5,0.001896131,9.199346405,False,True,1,0,1,4,0.000000000,0.000000000,1.000000000,0.723607437,0.176291434,0.421637992,0.200000000,0.000000000,0.345586217
100000007749747100,peripheral,0.150000000,10,0.171477212,Гип. peripheral; d=4; контр. в/из=1/0; KZT в/из=50000/0; tx=1/0; роль не определена; обрыв d=4; дальнейший выход неизвестен,4,False,1,50000.000000000,1,0,0.000000000,0,0.000441083,,True,False,1,0,1,0,0.000000000,0.000000000,1.000000000,0.701447928,0.176291434,0.150190483,0.200000000,0.000000000,0.298221238
100000007754369100,peripheral,0.200000000,1,0.184765646,Гип. peripheral; d=3; контр. в/из=1/0; KZT в/из=82424/0; tx=1/0; роль не определена; баланс неизвестен,3,False,1,82424.000000000,1,0,0.000000000,0,0.000291291,0.000000000,False,False,1,0,1,0,0.000000000,0.000000000,1.000000000,0.733852949,0.176291434,0.150190483,0.200000000,0.000000000,0.307942744
100000007777377100,terminal,0.520000000,5,0.451560999,Гип. terminal; d=2; контр. в/из=1/2; KZT в/из=456290/10000; tx=7/2; out/in=0.022; до24.07=100%; остаток неизвестен; гипотеза в окне,2,False,1,456290.000000000,7,2,10000.000000000,2,0.000359098,0.021915887,False,False,4,0,7,2,5000.000000000,0.010957943,1.000000000,0.844792830,0.279415313,0.498921986,0.800000000,0.450000000,0.594159209
100000007793871100,peripheral,0.200000000,8,0.220819168,Гип. peripheral; d=3; контр. в/из=1/0; KZT в/из=26000/0; tx=3/0; роль не определена; баланс неизвестен,3,False,1,26000.000000000,3,0,0.000000000,0,0.000682777,0.000000000,False,False,3,0,3,0,0.000000000,0.000000000,0.615384615,0.659055047,0.176291434,0.300380966,0.600000000,0.000000000,0.368031946
100000007797290100,peripheral,0.200000000,1,0.212928264,Гип. peripheral; d=2; контр. в/из=1/1; KZT в/из=100000/20000; tx=1/1; роль не определена; баланс неизвестен,2,False,1,100000.000000000,1,1,20000.000000000,1,0.000299488,0.200000000,False,False,2,0,1,1,0.000000000,0.000000000,1.000000000,0.746384037,0.176291434,0.238046284,0.400000000,0.000000000,0.354880441
100000007811950100,peripheral,0.150000000,25,0.171477212,Гип. peripheral; d=4; контр. в/из=1/0; KZT в/из=50000/0; tx=1/0; роль не определена; обрыв d=4; дальнейший выход неизвестен,4,False,1,50000.000000000,1,0,0.000000000,0,0.000542945,,True,False,1,0,1,0,0.000000000,0.000000000,0.000000000,0.701447928,0.176291434,0.150190483,0.200000000,0.000000000,0.298221238
100000007841978100,peripheral,0.150000000,6,0.230524095,Гип. peripheral; d=4; контр. в/из=1/0; KZT в/из=449000/0; tx=1/0; роль не определена; обрыв d=4; дальнейший выход неизвестен,4,False,1,449000.000000000,1,0,0.000000000,0,0.000503292,,True,False,3,0,1,0,0.000000000,0.000000000,0.000000000,0.843748700,0.176291434,0.150190483,0.600000000,0.000000000,0.400911469
100000007861311100,peripheral,0.200000000,7,0.177703274,Гип. peripheral; d=2; контр. в/из=1/0; KZT в/из=45000/0; tx=1/0; роль не определена; баланс неизвестен,2,False,1,45000.000000000,1,0,0.000000000,0,0.000356455,0.000000000,False,False,1,0,1,0,0.000000000,0.000000000,1.000000000,0.694617546,0.176291434,0.150190483,0.200000000,0.000000000,0.296172123
100000007863304100,peripheral,0.200000000,6,0.206844360,Гип. peripheral; d=3; контр. в/из=1/0; KZT в/из=25000/0; tx=1/0; роль не определена; баланс неизвестен,3,False,1,25000.000000000,1,0,0.000000000,0,0.000284841,0.000000000,False,False,3,0,1,0,0.000000000,0.000000000,1.000000000,0.656512467,0.176291434,0.150190483,0.600000000,0.000000000,0.344740599
100000007864477100,peripheral,0.200000000,1,0.288049022,Гип. peripheral; d=3; контр. в/из=2/6; KZT в/из=76000/203500; tx=2/10; роль не определена; выход>1.2 входа: пропуски/начальный остаток,3,False,2,76000.000000000,2,6,203500.000000000,10,0.000303086,2.677631579,False,True,2,0,2,8,40000.000000000,0.526315789,1.000000000,0.792445178,0.494912626,0.555770829,0.400000000,0.000000000,0.480081703
100000007865484100,peripheral,0.150000000,39,0.223802949,Гип. peripheral; d=4; контр. в/из=1/0; KZT в/из=584600/0; tx=2/0; роль не определена; обрыв d=4; дальнейший выход неизвестен,4,False,1,584600.000000000,2,0,0.000000000,0,0.000364128,,True,False,2,0,2,0,0.000000000,0.000000000,1.000000000,0.860857636,0.176291434,0.238046284,0.400000000,0.000000000,0.389222520
100000007867364100,peripheral,0.150000000,19,0.169487953,Гип. peripheral; d=4; контр. в/из=1/0; KZT в/из=41852/0; tx=1/0; роль не определена; обрыв d=4; дальнейший выход неизвестен,4,False,1,41852.000000000,1,0,0.000000000,0,0.000446124,,True,False,1,0,1,0,0.000000000,0.000000000,1.000000000,0.689915992,0.176291434,0.150190483,0.200000000,0.000000000,0.294761657
100000007898453100,peripheral,0.200000000,3,0.280486451,Гип. peripheral; d=2; контр. в/из=1/2; KZT в/из=24750/320000; tx=1/2; роль не определена; выход>1.2 входа: пропуски/начальный остаток,2,False,1,24750.000000000,1,2,320000.000000000,2,0.000331159,12.929292929,False,True,4,0,1,2,24750.000000000,1.000000000,1.000000000,0.821790702,0.279415313,0.300380966,0.800000000,0.000000000,0.467477418
100000007908818100,peripheral,0.200000000,4,0.363260897,Гип. peripheral; d=1; контр. в/из=4/6; KZT в/из=727475/302000; tx=4/13; роль не определена; баланс неизвестен,1,False,4,727475.000000000,4,6,302000.000000000,13,0.000472427,0.415134541,False,False,8,2,3,8,15000.000000000,0.020619265,1.000000000,0.875032817,0.494912626,0.626283051,1.000000000,0.000000000,0.605434828
100000007930878100,peripheral,0.200000000,42,0.152065041,Гип. peripheral; d=2; контр. в/из=1/0; KZT в/из=5000/0; tx=1/0; роль не определена; баланс неизвестен,2,False,1,5000.000000000,1,0,0.000000000,0,0.000480333,0.000000000,False,False,1,0,1,0,0.000000000,0.000000000,1.000000000,0.552182918,0.176291434,0.150190483,0.200000000,0.000000000,0.253441735
100000007938486100,peripheral,0.200000000,2,0.176182065,Гип. peripheral; d=1; контр. в/из=1/0; KZT в/из=39500/0; tx=1/0; роль не определена; баланс неизвестен,1,False,1,39500.000000000,1,0,0.000000000,0,0.000292265,0.000000000,False,False,1,1,1,0,0.000000000,0.000000000,1.000000000,0.686166385,0.176291434,0.150190483,0.200000000,0.000000000,0.293636775
100000007939160100,peripheral,0.200000000,42,0.241457384,Гип. peripheral; d=1; контр. в/из=1/2; KZT в/из=795000/14300; tx=2/2; роль не определена; баланс неизвестен,1,False,1,795000.000000000,2,2,14300.000000000,2,0.000660478,0.017987421,False,False,1,1,2,1,0.000000000,0.000000000,1.000000000,0.880787284,0.279415313,0.348731503,0.200000000,0.000000000,0.402428973
100000007953156100,peripheral,0.200000000,15,0.210918116,Гип. peripheral; d=2; контр. в/из=1/1; KZT в/из=18000/10000; tx=1/1; роль не определена; баланс неизвестен,2,False,1,18000.000000000,1,1,10000.000000000,1,0.000474584,0.555555556,False,False,3,0,1,1,0.000000000,0.000000000,1.000000000,0.635216544,0.176291434,0.238046284,0.600000000,0.000000000,0.351530193
100000007960337100,peripheral,0.150000000,4,0.202147172,Гип. peripheral; d=4; контр. в/из=1/0; KZT в/из=35500/0; tx=1/0; роль не определена; обрыв d=4; дальнейший выход неизвестен,4,False,1,35500.000000000,1,0,0.000000000,0,0.000301122,,True,False,3,0,1,0,0.000000000,0.000000000,1.000000000,0.679244798,0.176291434,0.150190483,0.600000000,0.000000000,0.351560299
100000007982728100,peripheral,0.200000000,7,0.285185377,Гип. peripheral; d=0; контр. в/из=0/8; KZT в/из=0/1804384; tx=0/12; роль не определена; seed: вход неполон; баланс неизвестен,0,True,0,0.000000000,0,8,1804384.000000000,12,0.000284037,,False,True,0,0,0,6,0.000000000,0.000000000,0.000000000,0.933924040,0.558830625,0.555770829,0.000000000,0.000000000,0.475308961
100000007982908100,peripheral,0.200000000,2,0.173384566,Гип. peripheral; d=2; контр. в/из=1/0; KZT в/из=31080/0; tx=1/0; роль не определена; баланс неизвестен,2,False,1,31080.000000000,1,0,0.000000000,0,0.000294514,0.000000000,False,False,1,0,1,0,0.000000000,0.000000000,1.000000000,0.670624726,0.176291434,0.150190483,0.200000000,0.000000000,0.288974277
100000007988344100,peripheral,0.150000000,1,0.191434431,Гип. peripheral; d=4; контр. в/из=1/0; KZT в/из=20000/0; tx=3/0; роль не определена; обрыв d=4; дальнейший выход неизвестен,4,False,1,20000.000000000,3,0,0.000000000,0,0.000385257,,True,False,2,0,3,0,0.000000000,0.000000000,1.000000000,0.642046710,0.176291434,0.300380966,0.400000000,0.000000000,0.332929445
100000007997939100,peripheral,0.150000000,9,0.173663279,Гип. peripheral; d=4; контр. в/из=1/0; KZT в/из=13000/0; tx=1/0; роль не определена; обрыв d=4; дальнейший выход неизвестен,4,False,1,13000.000000000,1,0,0.000000000,0,0.000355935,,True,False,2,0,1,0,0.000000000,0.000000000,1.000000000,0.614120783,0.176291434,0.150190483,0.400000000,0.000000000,0.302023094
100000007998965100,consolidator,0.627500000,8,0.571967096,Гип. consolidator; d=2; контр. в/из=5/1; KZT в/из=278000/26000; tx=7/3; seed-вход=0; баланс неизвестен,2,False,5,278000.000000000,7,1,26000.000000000,3,0.000469105,0.093525180,False,False,4,0,5,3,10000.000000000,0.035971223,1.000000000,0.812669154,0.455706747,0.519573706,0.800000000,0.850000000,0.702878152
100000007999728100,peripheral,0.200000000,15,0.169997538,Гип. peripheral; d=3; контр. в/из=1/0; KZT в/из=23250/0; tx=1/0; роль не определена; баланс неизвестен,3,False,1,23250.000000000,1,0,0.000000000,0,0.000290586,0.000000000,False,False,1,0,1,0,0.000000000,0.000000000,1.000000000,0.651807901,0.176291434,0.150190483,0.200000000,0.000000000,0.283329230
100000008002020100,peripheral,0.200000000,11,0.191392490,Гип. peripheral; d=1; контр. в/из=1/1; KZT в/из=73860/17000; tx=1/1; роль не определена; баланс неизвестен,1,False,1,73860.000000000,1,1,17000.000000000,1,0.000296215,0.230165177,False,False,1,1,1,1,0.000000000,0.000000000,1.000000000,0.726740845,0.176291434,0.238046284,0.200000000,0.000000000,0.318987483
100000008003034100,peripheral,0.200000000,13,0.257912772,Гип. peripheral; d=1; контр. в/из=1/4; KZT в/из=12201/135000; tx=1/4; роль не определена; выход>1.2 входа: пропуски/начальный остаток,1,False,1,12201.000000000,1,4,135000.000000000,4,0.000285340,11.064666831,False,True,2,1,1,4,0.000000000,0.000000000,1.000000000,0.765839661,0.409336034,0.388236767,0.400000000,0.000000000,0.429854620
100000008008463100,peripheral,0.200000000,7,0.179869648,Гип. peripheral; d=2; контр. в/из=1/0; KZT в/из=54180/0; tx=1/0; роль не определена; баланс неизвестен,2,False,1,54180.000000000,1,0,0.000000000,0,0.000294237,0.000000000,False,False,1,0,1,0,0.000000000,0.000000000,0.000000000,0.706652956,0.176291434,0.150190483,0.200000000,0.000000000,0.299782746
100000008011159100,peripheral,0.200000000,40,0.288536885,Гип. peripheral; d=2; контр. в/из=3/5; KZT в/из=363000/153037; tx=6/5; роль не определена; баланс неизвестен,2,False,3,363000.000000000,6,5,153037.000000000,5,0.000483181,0.421589532,False,False,2,0,6,2,10000.000000000,0.027548209,1.000000000,0.829964569,0.455706747,0.538427250,0.400000000,0.000000000,0.480894808
100000008011573100,peripheral,0.200000000,17,0.164883639,Гип. peripheral; d=3; контр. в/из=1/0; KZT в/из=15000/0; tx=1/0; роль не определена; баланс неизвестен,3,False,1,15000.000000000,1,0,0.000000000,0,0.000287635,0.000000000,False,False,1,0,1,0,0.000000000,0.000000000,1.000000000,0.623397351,0.176291434,0.150190483,0.200000000,0.000000000,0.274806065
100000008027922100,peripheral,0.150000000,22,0.175239978,Гип. peripheral; d=4; контр. в/из=1/0; KZT в/из=70000/0; tx=1/0; роль не определена; обрыв d=4; дальнейший выход неизвестен,4,False,1,70000.000000000,1,0,0.000000000,0,0.000499870,,True,False,1,0,1,0,0.000000000,0.000000000,1.000000000,0.723261065,0.176291434,0.150190483,0.200000000,0.000000000,0.304765179
100000008028628100,peripheral,0.200000000,2,0.180507504,Гип. peripheral; d=1; контр. в/из=1/0; KZT в/из=57224/0; tx=1/0; роль не определена; баланс неизвестен,1,False,1,57224.000000000,1,0,0.000000000,0,0.000295958,0.000000000,False,False,1,1,1,0,0.000000000,0.000000000,1.000000000,0.710196603,0.176291434,0.150190483,0.200000000,0.000000000,0.300845840
100000008029279100,peripheral,0.200000000,4,0.166344127,Гип. peripheral; d=3; контр. в/из=1/0; KZT в/из=17000/0; tx=1/0; роль не определена; баланс неизвестен,3,False,1,17000.000000000,1,0,0.000000000,0,0.000287469,0.000000000,False,False,1,0,1,0,0.000000000,0.000000000,1.000000000,0.631511174,0.176291434,0.150190483,0.200000000,0.000000000,0.277240212
100000008038077100,peripheral,0.200000000,6,0.249705855,Гип. peripheral; d=3; контр. в/из=1/0; KZT в/из=499850/0; tx=2/0; роль не определена; баланс неизвестен,3,False,1,499850.000000000,2,0,0.000000000,0,0.000300103,0.000000000,False,False,3,0,1,0,0.000000000,0.000000000,1.000000000,0.850703987,0.176291434,0.238046284,0.600000000,0.000000000,0.416176426
100000008042075100,peripheral,0.200000000,23,0.152065041,Гип. peripheral; d=3; контр. в/из=1/0; KZT в/из=5000/0; tx=1/0; роль не определена; баланс неизвестен,3,False,1,5000.000000000,1,0,0.000000000,0,0.000290376,0.000000000,False,False,1,0,1,0,0.000000000,0.000000000,1.000000000,0.552182918,0.176291434,0.150190483,0.200000000,0.000000000,0.253441735
100000008043184100,peripheral,0.200000000,17,0.179063634,Гип. peripheral; d=3; контр. в/из=1/0; KZT в/из=50564/0; tx=1/0; роль не определена; баланс неизвестен,3,False,1,50564.000000000,1,0,0.000000000,0,0.000291938,0.000000000,False,False,1,0,1,0,0.000000000,0.000000000,1.000000000,0.702175103,0.176291434,0.150190483,0.200000000,0.000000000,0.298439390
100000008050986100,peripheral,0.150000000,6,0.220732637,Гип. peripheral; d=4; контр. в/из=1/0; KZT в/из=95000/0; tx=2/0; роль не определена; обрыв d=4; дальнейший выход неизвестен,4,False,1,95000.000000000,2,0,0.000000000,0,0.000310101,,True,False,3,0,2,0,0.000000000,0.000000000,1.000000000,0.743058725,0.176291434,0.238046284,0.600000000,0.000000000,0.383882847
100000008055972100,peripheral,0.200000000,2,0.172291148,Гип. peripheral; d=3; контр. в/из=1/0; KZT в/из=28300/0; tx=1/0; роль не определена; баланс неизвестен,3,False,1,28300.000000000,1,0,0.000000000,0,0.000288422,0.000000000,False,False,1,0,1,0,0.000000000,0.000000000,1.000000000,0.664550180,0.176291434,0.150190483,0.200000000,0.000000000,0.287151913
100000008060273100,peripheral,0.200000000,4,0.240059513,Гип. peripheral; d=2; контр. в/из=1/0; KZT в/из=10000/0; tx=2/0; роль не определена; баланс неизвестен,2,False,1,10000.000000000,2,0,0.000000000,0,0.000297334,0.000000000,False,False,8,0,2,0,0.000000000,0.000000000,0.500000000,0.597113194,0.176291434,0.238046284,1.000000000,0.000000000,0.400099188
100000008066326100,peripheral,0.200000000,1,0.167836882,Гип. peripheral; d=1; контр. в/из=1/0; KZT в/из=19320/0; tx=1/0; роль не определена; баланс неизвестен,1,False,1,19320.000000000,1,0,0.000000000,0,0.000287634,0.000000000,False,False,1,1,1,0,0.000000000,0.000000000,1.000000000,0.639804260,0.176291434,0.150190483,0.200000000,0.000000000,0.279728137
100000008070101100,peripheral,0.200000000,9,0.205021242,Гип. peripheral; d=3; контр. в/из=1/0; KZT в/из=100000/0; tx=1/0; роль не определена; баланс неизвестен,3,False,1,100000.000000000,1,0,0.000000000,0,0.000291047,0.000000000,False,False,2,0,1,0,0.000000000,0.000000000,0.000000000,0.746384037,0.176291434,0.150190483,0.400000000,0.000000000,0.341702071
100000008071620100,peripheral,0.200000000,1,0.178202761,Гип. peripheral; d=1; контр. в/из=1/0; KZT в/из=46968/0; tx=1/0; роль не определена; баланс неизвестен,1,False,1,46968.000000000,1,0,0.000000000,0,0.000292782,0.000000000,False,False,1,1,1,0,0.000000000,0.000000000,1.000000000,0.697392472,0.176291434,0.150190483,0.200000000,0.000000000,0.297004601
100000008071749100,peripheral,0.150000000,8,0.180950319,Гип. peripheral; d=4; контр. в/из=1/0; KZT в/из=24943/0; tx=1/0; роль не определена; обрыв d=4; дальнейший выход неизвестен,4,False,1,24943.000000000,1,0,0.000000000,0,0.000293303,,True,False,2,0,1,0,0.000000000,0.000000000,1.000000000,0.656364492,0.176291434,0.150190483,0.400000000,0.000000000,0.314696207
100000008074304100,peripheral,0.150000000,6,0.181294665,Гип. peripheral; d=4; контр. в/из=1/0; KZT в/из=5500/0; tx=1/0; роль не определена; обрыв d=4; дальнейший выход неизвестен,4,False,1,5500.000000000,1,0,0.000000000,0,0.000330578,,True,False,3,0,1,0,0.000000000,0.000000000,1.000000000,0.558360702,0.176291434,0.150190483,0.600000000,0.000000000,0.315295070
100000008077552100,peripheral,0.200000000,4,0.195899333,Гип. peripheral; d=3; контр. в/из=1/0; KZT в/из=214000/0; tx=1/0; роль не определена; баланс неизвестен,3,False,1,214000.000000000,1,0,0.000000000,0,0.000327234,0.000000000,False,False,1,0,1,0,0.000000000,0.000000000,1.000000000,0.795706762,0.176291434,0.150190483,0.200000000,0.000000000,0.326498888
100000008086440100,peripheral,0.200000000,1,0.273658336,Гип. peripheral; d=3; контр. в/из=1/5; KZT в/из=199733/161300; tx=1/6; роль не определена; баланс неизвестен,3,False,1,199733.000000000,1,5,161300.000000000,6,0.000335715,0.807578117,False,False,2,0,1,5,38000.000000000,0.190253989,1.000000000,0.791233865,0.455706747,0.450571450,0.400000000,0.000000000,0.456097226
100000008088082100,peripheral,0.200000000,13,0.222839765,Гип. peripheral; d=3; контр. в/из=1/1; KZT в/из=39138/50000; tx=1/1; роль не определена; выход>1.2 входа: пропуски/начальный остаток,3,False,1,39138.000000000,1,1,50000.000000000,1,0.000298417,1.277530788,False,True,3,0,1,1,0.000000000,0.000000000,1.000000000,0.701447928,0.176291434,0.238046284,0.600000000,0.000000000,0.371399608
100000008094734100,terminal,0.490000000,1,0.435685432,Гип. terminal; d=1; контр. в/из=4/0; KZT в/из=236249/0; tx=4/0; out/in=0.000; до24.07=100%; остаток неизвестен; гипотеза в окне,1,False,4,236249.000000000,4,0,0.000000000,0,0.000342175,0.000000000,False,False,4,2,4,0,0.000000000,0.000000000,1.000000000,0.802119094,0.409336034,0.348731503,0.800000000,0.450000000,0.584812660
100000008097580100,peripheral,0.200000000,4,0.203968525,Гип. peripheral; d=3; контр. в/из=2/0; KZT в/из=32000/0; tx=4/0; роль не определена; баланс неизвестен,3,False,2,32000.000000000,4,0,0.000000000,0,0.000670516,0.000000000,False,False,1,0,4,0,0.000000000,0.000000000,0.437500000,0.672515848,0.279415313,0.348731503,0.200000000,0.000000000,0.339947542
100000008104567100,peripheral,0.200000000,8,0.245922423,Гип. peripheral; d=2; контр. в/из=3/3; KZT в/из=53550/40000; tx=3/4; роль не определена; баланс неизвестен,2,False,3,53550.000000000,3,3,40000.000000000,4,0.000534881,0.746965453,False,False,2,0,3,3,0.000000000,0.000000000,0.897292250,0.705894715,0.352582869,0.450571450,0.400000000,0.000000000,0.409870706
100000008106997100,peripheral,0.200000000,1,0.218861013,Гип. peripheral; d=2; контр. в/из=2/1; KZT в/из=35600/20600; tx=2/1; роль не определена; баланс неизвестен,2,False,2,35600.000000000,2,1,20600.000000000,1,0.000303708,0.578651685,False,False,2,0,2,1,0.000000000,0.000000000,0.578651685,0.679427156,0.279415313,0.300380966,0.400000000,0.000000000,0.364768354
100000008111003100,consolidator,0.657500000,1,0.560572333,Гип. consolidator; d=2; контр. в/из=6/1; KZT в/из=222716/35000; tx=9/1; seed-вход=0; баланс неизвестен,2,False,6,222716.000000000,9,1,35000.000000000,1,0.000466842,0.157150811,False,False,3,0,6,1,27000.000000000,0.121230626,1.000000000,0.798294857,0.494912626,0.519573706,0.600000000,0.850000000,0.676407038
100000008116374100,peripheral,0.200000000,5,0.191460908,Гип. peripheral; d=1; контр. в/из=1/0; KZT в/из=31284/0; tx=1/0; роль не определена; баланс неизвестен,1,False,1,31284.000000000,1,0,0.000000000,0,0.000287379,0.000000000,False,False,2,1,1,0,0.000000000,0.000000000,1.000000000,0.671048848,0.176291434,0.150190483,0.400000000,0.000000000,0.319101514
100000008117324100,peripheral,0.050000000,84,0.000000000,Гип. peripheral; d=0; контр. в/из=0/0; KZT в/из=0/0; tx=0/0; роль не определена; нет рёбер; роль неизвестна; вход seed неполон,0,True,0,0.000000000,0,0,0.000000000,0,0.000284037,,False,False,0,0,0,0,0.000000000,0.000000000,0.000000000,0.000000000,0.000000000,0.000000000,0.000000000,0.000000000,0.000000000
100000008121806100,peripheral,0.200000000,4,0.252643576,Гип. peripheral; d=3; контр. в/из=1/4; KZT в/из=67000/248509; tx=1/6; роль не определена; выход>1.2 входа: пропуски/начальный остаток,3,False,1,67000.000000000,1,4,248509.000000000,6,0.000298723,3.709089552,False,True,1,0,1,5,50000.000000000,0.746268657,1.000000000,0.805399008,0.409336034,0.450571450,0.200000000,0.000000000,0.421072627
100000008129393100,peripheral,0.200000000,53,0.160152491,Гип. peripheral; d=1; контр. в/из=1/0; KZT в/из=10000/0; tx=1/0; роль не определена; баланс неизвестен,1,False,1,10000.000000000,1,0,0.000000000,0,0.000309996,0.000000000,False,False,1,1,1,0,0.000000000,0.000000000,0.000000000,0.597113194,0.176291434,0.150190483,0.200000000,0.000000000,0.266920818
100000008130868100,peripheral,0.150000000,14,0.162686914,Гип. peripheral; d=4; контр. в/из=1/0; KZT в/из=22782/0; tx=1/0; роль не определена; обрыв d=4; дальнейший выход неизвестен,4,False,1,22782.000000000,1,0,0.000000000,0,0.000448978,,True,False,1,0,1,0,0.000000000,0.000000000,1.000000000,0.650489680,0.176291434,0.150190483,0.200000000,0.000000000,0.282933763
100000008136608100,peripheral,0.150000000,8,0.185162757,Гип. peripheral; d=4; контр. в/из=1/0; KZT в/из=170000/0; tx=1/0; роль не определена; обрыв d=4; дальнейший выход неизвестен,4,False,1,170000.000000000,1,0,0.000000000,0,0.000560957,,True,False,1,0,1,0,0.000000000,0.000000000,1.000000000,0.780784420,0.176291434,0.150190483,0.200000000,0.000000000,0.322022185
100000008137435100,peripheral,0.200000000,22,0.287600806,Гип. peripheral; d=1; контр. в/из=2/6; KZT в/из=93906/1419700; tx=2/7; роль не определена; выход>1.2 входа: пропуски/начальный остаток,1,False,2,93906.000000000,2,6,1419700.000000000,7,0.000312531,15.118309799,False,True,1,1,1,5,0.000000000,0.000000000,1.000000000,0.918379513,0.494912626,0.498921986,0.200000000,0.000000000,0.479334677
100000008141170100,peripheral,0.200000000,5,0.161264598,Гип. peripheral; d=2; контр. в/из=1/0; KZT в/из=11000/0; tx=1/0; роль не определена; баланс неизвестен,2,False,1,11000.000000000,1,0,0.000000000,0,0.000617944,0.000000000,False,False,1,0,1,0,0.000000000,0.000000000,1.000000000,0.603291567,0.176291434,0.150190483,0.200000000,0.000000000,0.268774330
100000008144528100,consolidator,0.672500000,5,0.616229995,Гип. consolidator; d=2; контр. в/из=5/0; KZT в/из=1068202.6/0; tx=13/0; seed-вход=0; баланс неизвестен,2,False,5,1068202.600000000,13,0,0.000000000,0,0.001049406,0.000000000,False,False,4,0,4,0,0.000000000,0.000000000,1.000000000,0.899937446,0.455706747,0.571828476,0.800000000,0.850000000,0.736896855
100000008151098100,peripheral,0.150000000,26,0.165764705,Гип. peripheral; d=4; контр. в/из=1/0; KZT в/из=30000/0; tx=1/0; роль не определена; обрыв d=4; дальнейший выход неизвестен,4,False,1,30000.000000000,1,0,0.000000000,0,0.000307631,,True,False,1,0,1,0,0.000000000,0.000000000,1.000000000,0.668331948,0.176291434,0.150190483,0.200000000,0.000000000,0.288286444
100000008165763100,coordinator,0.650000000,3,0.736998455,Гип. coordinator; d=1; контр. в/из=15/17; KZT в/из=1165815/1267858; tx=26/17; seed-пути=6; структура не доказывает управление,1,False,15,1165815.000000000,26,17,1267858.000000000,17,0.000904543,1.087529325,False,False,6,1,9,11,378435.000000000,0.324609822,0.906245845,0.911046157,0.735122060,0.819954673,1.000000000,1.000000000,0.893331460
100000008168850100,peripheral,0.150000000,6,0.228360473,Гип. peripheral; d=4; контр. в/из=1/0; KZT в/из=187910/0; tx=2/0; роль не определена; обрыв d=4; дальнейший выход неизвестен,4,False,1,187910.000000000,2,0,0.000000000,0,0.000529917,,True,False,3,0,2,0,0.000000000,0.000000000,1.000000000,0.787278064,0.176291434,0.238046284,0.600000000,0.000000000,0.397148649
100000008169544100,peripheral,0.200000000,5,0.268054908,Гип. peripheral; d=1; контр. в/из=1/4; KZT в/из=137104/42800; tx=2/7; роль не определена; баланс неизвестен,1,False,1,137104.000000000,2,4,42800.000000000,7,0.000298681,0.312171782,False,False,2,1,1,6,12300.000000000,0.089712919,1.000000000,0.766842249,0.409336034,0.498921986,0.400000000,0.000000000,0.446758180
100000008172352100,peripheral,0.200000000,32,0.294677228,Гип. peripheral; d=1; контр. в/из=3/7; KZT в/из=90265/289510; tx=3/8; роль не определена; выход>1.2 входа: пропуски/начальный остаток,1,False,3,90265.000000000,3,7,289510.000000000,8,0.000373111,3.207333961,False,True,2,1,2,6,78500.000000000,0.869661552,0.869661552,0.815299217,0.528874303,0.538427250,0.400000000,0.000000000,0.491128713
100000008172721100,peripheral,0.150000000,4,0.185052688,Гип. peripheral; d=4; контр. в/из=1/0; KZT в/из=168335/0; tx=1/0; роль не определена; обрыв d=4; дальнейший выход неизвестен,4,False,1,168335.000000000,1,0,0.000000000,0,0.000392957,,True,False,1,0,1,0,0.000000000,0.000000000,1.000000000,0.780146341,0.176291434,0.150190483,0.200000000,0.000000000,0.321830762
100000008173359100,peripheral,0.200000000,5,0.172404203,Гип. peripheral; d=1; контр. в/из=1/0; KZT в/из=6110/0; tx=1/0; роль не определена; баланс неизвестен,1,False,1,6110.000000000,1,0,0.000000000,0,0.000284690,0.000000000,False,False,2,1,1,0,0.000000000,0.000000000,1.000000000,0.565178264,0.176291434,0.150190483,0.400000000,0.000000000,0.287340338
100000008174521100,peripheral,0.200000000,5,0.220721107,Гип. peripheral; d=2; контр. в/из=1/0; KZT в/из=82110/0; tx=1/0; роль не определена; баланс неизвестен,2,False,1,82110.000000000,1,0,0.000000000,0,0.000437978,0.000000000,False,False,3,0,1,0,0.000000000,0.000000000,0.000000000,0.733605506,0.176291434,0.150190483,0.600000000,0.000000000,0.367868511
100000008175078100,peripheral,0.150000000,35,0.285200432,Гип. peripheral; d=4; контр. в/из=1/0; KZT в/из=1846711/0; tx=15/0; роль не определена; обрыв d=4; дальнейший выход неизвестен,4,False,1,1846711.000000000,15,0,0.000000000,0,0.000466336,,True,False,3,0,8,0,0.000000000,0.000000000,1.000000000,0.935427250,0.176291434,0.600761933,0.600000000,0.000000000,0.496000752
100000008183752100,peripheral,0.150000000,18,0.182991489,Гип. peripheral; d=4; контр. в/из=1/0; KZT в/из=140000/0; tx=1/0; роль не определена; обрыв d=4; дальнейший выход неизвестен,4,False,1,140000.000000000,1,0,0.000000000,0,0.000527059,,True,False,1,0,1,0,0.000000000,0.000000000,0.000000000,0.768197360,0.176291434,0.150190483,0.200000000,0.000000000,0.318246067
100000008188026100,peripheral,0.200000000,16,0.278583653,Гип. peripheral; d=1; контр. в/из=2/4; KZT в/из=86468/337983.17; tx=5/4; роль не определена; выход>1.2 входа: пропуски/начальный остаток,1,False,2,86468.000000000,5,4,337983.170000000,4,0.000297681,3.908765902,False,True,2,1,4,2,0.000000000,0.000000000,1.000000000,0.825335281,0.409336034,0.498921986,0.400000000,0.000000000,0.464306089
100000008190411100,peripheral,0.150000000,50,0.221874523,Гип. peripheral; d=4; контр. в/из=1/0; KZT в/из=198450/0; tx=12/0; роль не определена; обрыв d=4; дальнейший выход неизвестен,4,False,1,198450.000000000,12,0,0.000000000,0,0.000421697,,True,False,1,0,9,0,0.000000000,0.000000000,0.929453263,0.790816084,0.176291434,0.555770829,0.200000000,0.000000000,0.385868736
100000008190442100,peripheral,0.200000000,2,0.163213857,Гип. peripheral; d=3; контр. в/из=1/0; KZT в/из=13000/0; tx=1/0; роль не определена; баланс неизвестен,3,False,1,13000.000000000,1,0,0.000000000,0,0.000286051,0.000000000,False,False,1,0,1,0,0.000000000,0.000000000,1.000000000,0.614120783,0.176291434,0.150190483,0.200000000,0.000000000,0.272023094
100000008192264100,peripheral,0.200000000,6,0.243899311,Гип. peripheral; d=3; контр. в/из=1/1; KZT в/из=162810/187910; tx=1/2; роль не определена; баланс неизвестен,3,False,1,162810.000000000,1,1,187910.000000000,2,0.000289270,1.154167434,False,False,3,0,1,2,0.000000000,0.000000000,1.000000000,0.787278064,0.176291434,0.300380966,0.600000000,0.000000000,0.406498851
100000008193258100,peripheral,0.200000000,17,0.197181346,Гип. peripheral; d=3; контр. в/из=1/1; KZT в/из=75000/30000; tx=2/1; роль не определена; баланс неизвестен,3,False,1,75000.000000000,2,1,30000.000000000,1,0.000295756,0.400000000,False,False,1,0,2,1,0.000000000,0.000000000,1.000000000,0.727733814,0.176291434,0.300380966,0.200000000,0.000000000,0.328635576
100000008193577100,peripheral,0.200000000,41,0.286488672,Гип. peripheral; d=1; контр. в/из=2/5; KZT в/из=154300/480180; tx=6/16; роль не определена; выход>1.2 входа: пропуски/начальный остаток,1,False,2,154300.000000000,6,5,480180.000000000,16,0.001296619,3.111989631,False,True,1,1,3,12,43490.000000000,0.281853532,0.857420609,0.848101260,0.455706747,0.679395956,0.200000000,0.000000000,0.477481121
100000008200810100,peripheral,0.200000000,14,0.223203774,Гип. peripheral; d=3; контр. в/из=1/0; KZT в/из=475000/0; tx=1/0; роль не определена; баланс неизвестен,3,False,1,475000.000000000,1,0,0.000000000,0,0.000306500,0.000000000,False,False,2,0,1,0,0.000000000,0.000000000,1.000000000,0.847398100,0.176291434,0.150190483,0.400000000,0.000000000,0.372006289
100000008205000100,peripheral,0.050000000,85,0.000000000,Гип. peripheral; d=0; контр. в/из=0/0; KZT в/из=0/0; tx=0/0; роль не определена; нет рёбер; роль неизвестна; вход seed неполон,0,True,0,0.000000000,0,0,0.000000000,0,0.000284037,,False,False,0,0,0,0,0.000000000,0.000000000,0.000000000,0.000000000,0.000000000,0.000000000,0.000000000,0.000000000,0.000000000
100000008205937100,peripheral,0.200000000,13,0.260287801,Гип. peripheral; d=2; контр. в/из=1/0; KZT в/из=35000/0; tx=3/0; роль не определена; баланс неизвестен,2,False,1,35000.000000000,3,0,0.000000000,0,0.000329722,0.000000000,False,False,5,0,3,0,0.000000000,0.000000000,0.428571429,0.678325234,0.176291434,0.300380966,1.000000000,0.000000000,0.433813002
100000008213966100,consolidator,0.597500000,28,0.513775295,Гип. consolidator; d=2; контр. в/из=3/1; KZT в/из=187004/436900; tx=7/8; seed-вход=0; выход>1.2 входа: пропуски/начальный остаток,2,False,3,187004.000000000,7,1,436900.000000000,8,0.001933906,2.336313662,False,True,2,0,5,5,55000.000000000,0.294111356,0.625655066,0.841977642,0.352582869,0.600761933,0.400000000,0.850000000,0.643224156
100000008219168100,peripheral,0.200000000,7,0.187563667,Гип. peripheral; d=1; контр. в/из=1/0; KZT в/из=53200/0; tx=2/0; роль не определена; баланс неизвестен,1,False,1,53200.000000000,2,0,0.000000000,0,0.000287068,0.000000000,False,False,1,1,2,0,0.000000000,0.000000000,0.503571429,0.705469607,0.176291434,0.238046284,0.200000000,0.000000000,0.312606111
100000008221543100,peripheral,0.200000000,17,0.227025450,Гип. peripheral; d=1; контр. в/из=2/0; KZT в/из=542000/0; tx=2/0; роль не определена; баланс неизвестен,1,False,2,542000.000000000,2,0,0.000000000,0,0.000369324,0.000000000,False,False,1,1,2,0,0.000000000,0.000000000,1.000000000,0.855952484,0.279415313,0.238046284,0.200000000,0.000000000,0.378375750
100000008221765100,peripheral,0.150000000,6,0.218727001,Гип. peripheral; d=4; контр. в/из=1/0; KZT в/из=156354/0; tx=1/0; роль не определена; обрыв d=4; дальнейший выход неизвестен,4,False,1,156354.000000000,1,0,0.000000000,0,0.000537205,,True,False,3,0,1,0,0.000000000,0.000000000,1.000000000,0.775359750,0.176291434,0.150190483,0.600000000,0.000000000,0.380394784
100000008223661100,peripheral,0.200000000,10,0.276850772,Гип. peripheral; d=3; контр. в/из=2/5; KZT в/из=202000/262580; tx=2/5; роль не определена; выход>1.2 входа: пропуски/начальный остаток,3,False,2,202000.000000000,2,5,262580.000000000,5,0.000313058,1.299900990,False,True,2,0,1,5,15846.000000000,0.078445545,1.000000000,0.808969621,0.455706747,0.450571450,0.400000000,0.000000000,0.461417953
100000008223756100,peripheral,0.200000000,4,0.239294743,Гип. peripheral; d=3; контр. в/из=2/0; KZT в/из=331682/0; tx=2/0; роль не определена; баланс неизвестен,3,False,2,331682.000000000,2,0,0.000000000,0,0.000354204,0.000000000,False,False,2,0,2,0,0.000000000,0.000000000,1.000000000,0.824115220,0.279415313,0.238046284,0.400000000,0.000000000,0.398824571
100000008229700100,peripheral,0.200000000,11,0.178029362,Гип. peripheral; d=1; контр. в/из=1/1; KZT в/из=23500/7200; tx=1/1; роль не определена; баланс неизвестен,1,False,1,23500.000000000,1,1,7200.000000000,1,0.000287912,0.306382979,False,False,1,1,1,1,0.000000000,0.000000000,1.000000000,0.652501248,0.176291434,0.238046284,0.200000000,0.000000000,0.296715604
100000008232832100,peripheral,0.200000000,10,0.268715615,Гип. peripheral; d=1; контр. в/из=1/1; KZT в/из=337000/138000; tx=2/1; роль не определена; баланс неизвестен,1,False,1,337000.000000000,2,1,138000.000000000,1,0.000490549,0.409495549,False,False,4,1,1,1,0.000000000,0.000000000,1.000000000,0.825146420,0.176291434,0.300380966,0.800000000,0.000000000,0.447859358
100000008237827100,peripheral,0.200000000,3,0.230329140,Гип. peripheral; d=1; контр. в/из=1/0; KZT в/из=40001/0; tx=1/0; роль не определена; баланс неизвестен,1,False,1,40001.000000000,1,0,0.000000000,0,0.000291982,0.000000000,False,False,4,1,1,0,0.000000000,0.000000000,1.000000000,0.686983468,0.176291434,0.150190483,0.800000000,0.000000000,0.383881900
100000008238112100,peripheral,0.200000000,6,0.230511241,Гип. peripheral; d=3; контр. в/из=1/0; KZT в/из=190000/0; tx=1/0; роль не определена; баланс неизвестен,3,False,1,190000.000000000,1,0,0.000000000,0,0.000290144,0.000000000,False,False,3,0,1,0,0.000000000,0.000000000,1.000000000,0.787995142,0.176291434,0.150190483,0.600000000,0.000000000,0.384185402
100000008238989100,peripheral,0.200000000,22,0.203016822,Гип. peripheral; d=2; контр. в/из=1/0; KZT в/из=200000/0; tx=2/0; роль не определена; баланс неизвестен,2,False,1,200000.000000000,2,0,0.000000000,0,0.000321461,0.000000000,False,False,1,0,2,0,0.000000000,0.000000000,1.000000000,0.791320471,0.176291434,0.238046284,0.200000000,0.000000000,0.338361371
100000008244300100,peripheral,0.200000000,6,0.276031380,Гип. peripheral; d=1; контр. в/из=5/0; KZT в/из=65430/0; tx=6/0; роль не определена; баланс неизвестен,1,False,5,65430.000000000,6,0,0.000000000,0,0.000476471,0.000000000,False,False,3,1,6,0,0.000000000,0.000000000,1.000000000,0.718884171,0.455706747,0.421637992,0.600000000,0.000000000,0.460052299
100000008251939100,peripheral,0.150000000,8,0.187388783,Гип. peripheral; d=4; контр. в/из=1/0; KZT в/из=44360/0; tx=1/0; роль не определена; обрыв d=4; дальнейший выход неизвестен,4,False,1,44360.000000000,1,0,0.000000000,0,0.000300516,,True,False,2,0,1,0,0.000000000,0.000000000,1.000000000,0.693688920,0.176291434,0.150190483,0.400000000,0.000000000,0.325893535
100000008254069100,peripheral,0.200000000,20,0.304726199,Гип. peripheral; d=2; контр. в/из=1/5; KZT в/из=10200/107500; tx=2/6; роль не определена; выход>1.2 входа: пропуски/начальный остаток,2,False,1,10200.000000000,2,5,107500.000000000,6,0.000340569,10.539215686,False,True,4,0,1,4,0.000000000,0.000000000,1.000000000,0.751072543,0.455706747,0.476092568,0.800000000,0.000000000,0.507876998
100000008254576100,peripheral,0.200000000,34,0.188967310,Гип. peripheral; d=3; контр. в/из=1/1; KZT в/из=8000/60000; tx=1/1; роль не определена; выход>1.2 входа: пропуски/начальный остаток,3,False,1,8000.000000000,1,1,60000.000000000,1,0.000290079,7.500000000,False,True,1,0,1,1,0.000000000,0.000000000,0.000000000,0.713267625,0.176291434,0.238046284,0.200000000,0.000000000,0.314945517
100000008255655100,peripheral,0.150000000,17,0.146589501,Гип. peripheral; d=4; контр. в/из=1/0; KZT в/из=5400/0; tx=1/0; роль не определена; обрыв d=4; дальнейший выход неизвестен,4,False,1,5400.000000000,1,0,0.000000000,0,0.000528053,,True,False,1,0,1,0,0.000000000,0.000000000,1.000000000,0.557171345,0.176291434,0.150190483,0.200000000,0.000000000,0.254938263
100000008258083100,peripheral,0.200000000,30,0.320556429,Гип. peripheral; d=2; контр. в/из=2/2; KZT в/из=3149500/2045650; tx=13/6; роль не определена; баланс неизвестен,2,False,2,3149500.000000000,13,2,2045650.000000000,6,0.001041109,0.649515796,False,False,3,0,9,6,87500.000000000,0.027782188,1.000000000,0.970035940,0.279415313,0.649112469,0.600000000,0.000000000,0.534260715
100000008258458100,peripheral,0.200000000,63,0.270864126,Гип. peripheral; d=3; контр. в/из=1/2; KZT в/из=19000/1557988; tx=1/4; роль не определена; выход>1.2 входа: пропуски/начальный остаток,3,False,1,19000.000000000,1,2,1557988.000000000,4,0.000289691,81.999368421,False,True,2,0,1,3,0.000000000,0.000000000,1.000000000,0.924405439,0.279415313,0.388236767,0.400000000,0.000000000,0.451440209
100000008259451100,peripheral,0.200000000,15,0.180044935,Гип. peripheral; d=3; контр. в/из=1/0; KZT в/из=55000/0; tx=1/0; роль не определена; баланс неизвестен,3,False,1,55000.000000000,1,0,0.000000000,0,0.000299530,0.000000000,False,False,1,0,1,0,0.000000000,0.000000000,1.000000000,0.707626773,0.176291434,0.150190483,0.200000000,0.000000000,0.300074891
100000008279405100,peripheral,0.200000000,4,0.204885700,Гип. peripheral; d=3; контр. в/из=1/0; KZT в/из=234738/0; tx=2/0; роль не определена; баланс неизвестен,3,False,1,234738.000000000,2,0,0.000000000,0,0.000331421,0.000000000,False,False,1,0,2,0,0.000000000,0.000000000,0.402009900,0.801703124,0.176291434,0.238046284,0.200000000,0.000000000,0.341476167
100000008283183100,peripheral,0.200000000,2,0.172576269,Гип. peripheral; d=2; контр. в/из=1/0; KZT в/из=29000/0; tx=1/0; роль не определена; баланс неизвестен,2,False,1,29000.000000000,1,0,0.000000000,0,0.000293812,0.000000000,False,False,1,0,1,0,0.000000000,0.000000000,1.000000000,0.666134184,0.176291434,0.150190483,0.200000000,0.000000000,0.287627114
100000008289539100,peripheral,0.200000000,16,0.200814981,Гип. peripheral; d=2; контр. в/из=1/0; KZT в/из=14912/0; tx=1/0; роль не определена; баланс неизвестен,2,False,1,14912.000000000,1,0,0.000000000,0,0.000288745,0.000000000,False,False,3,0,1,0,0.000000000,0.000000000,0.000000000,0.623015921,0.176291434,0.150190483,0.600000000,0.000000000,0.334691636
100000008293431100,peripheral,0.200000000,1,0.262585062,Гип. peripheral; d=3; контр. в/из=1/5; KZT в/из=15000/297000; tx=1/7; роль не определена; выход>1.2 входа: пропуски/начальный остаток,3,False,1,15000.000000000,1,5,297000.000000000,7,0.000285357,19.800000000,False,True,1,0,1,6,0.000000000,0.000000000,0.000000000,0.816955120,0.455706747,0.476092568,0.200000000,0.000000000,0.437641770
100000008295429100,peripheral,0.200000000,6,0.237706652,Гип. peripheral; d=3; контр. в/из=1/0; KZT в/из=352000/0; tx=1/0; роль не определена; баланс неизвестен,3,False,1,352000.000000000,1,0,0.000000000,0,0.000295351,0.000000000,False,False,3,0,1,0,0.000000000,0.000000000,1.000000000,0.827969646,0.176291434,0.150190483,0.600000000,0.000000000,0.396177753
100000008297199100,peripheral,0.200000000,1,0.194972410,Гип. peripheral; d=3; контр. в/из=1/0; KZT в/из=42268/0; tx=1/0; роль не определена; баланс неизвестен,3,False,1,42268.000000000,1,0,0.000000000,0,0.000294973,0.000000000,False,False,2,0,1,0,0.000000000,0.000000000,1.000000000,0.690557192,0.176291434,0.150190483,0.400000000,0.000000000,0.324954017
100000008304115100,peripheral,0.200000000,11,0.179163823,Гип. peripheral; d=1; контр. в/из=1/0; KZT в/из=51000/0; tx=1/0; роль не определена; баланс неизвестен,1,False,1,51000.000000000,1,0,0.000000000,0,0.000292446,0.000000000,False,False,1,1,1,0,0.000000000,0.000000000,1.000000000,0.702731708,0.176291434,0.150190483,0.200000000,0.000000000,0.298606372
100000008304139100,distributor,0.600000000,3,0.630794871,Гип. distributor; d=1; контр. в/из=4/24; KZT в/из=189329.75/1692997; tx=4/43; дней выхода=21; выход>1.2 входа: пропуски/начальный остаток,1,False,4,189329.750000000,4,24,1692997.000000000,43,0.000311882,8.942054801,False,True,2,1,4,21,171228.750000000,0.904394317,0.756504194,0.929793141,0.818672069,0.838808217,0.400000000,0.800000000,0.788493589
100000008306857100,peripheral,0.200000000,14,0.207625172,Гип. peripheral; d=3; контр. в/из=1/0; KZT в/из=125000/0; tx=1/0; роль не определена; баланс неизвестен,3,False,1,125000.000000000,1,0,0.000000000,0,0.000289949,0.000000000,False,False,2,0,1,0,0.000000000,0.000000000,1.000000000,0.760850313,0.176291434,0.150190483,0.400000000,0.000000000,0.346041953
100000008308418100,peripheral,0.150000000,1,0.188727212,Гип. peripheral; d=4; контр. в/из=1/0; KZT в/из=50000/0; tx=1/0; роль не определена; обрыв d=4; дальнейший выход неизвестен,4,False,1,50000.000000000,1,0,0.000000000,0,0.000429105,,True,False,2,0,1,0,0.000000000,0.000000000,1.000000000,0.701447928,0.176291434,0.150190483,0.400000000,0.000000000,0.328221238
100000008309514100,peripheral,0.200000000,2,0.166480605,Гип. peripheral; d=3; контр. в/из=1/0; KZT в/из=17200/0; tx=1/0; роль не определена; баланс неизвестен,3,False,1,17200.000000000,1,0,0.000000000,0,0.000286702,0.000000000,False,False,1,0,1,0,0.000000000,0.000000000,1.000000000,0.632269384,0.176291434,0.150190483,0.200000000,0.000000000,0.277467675
100000008314203100,peripheral,0.200000000,10,0.299496723,Гип. peripheral; d=0; контр. в/из=2/2; KZT в/из=382076/327000; tx=10/13; роль не определена; seed: вход неполон; баланс неизвестен,0,True,2,382076.000000000,10,2,327000.000000000,13,0.000499232,,False,False,3,2,7,8,129000.000000000,0.337629163,1.000000000,0.833284941,0.279415313,0.688617734,0.600000000,0.000000000,0.499161205
100000008314863100,peripheral,0.200000000,3,0.180279880,Гип. peripheral; d=3; контр. в/из=1/0; KZT в/из=12000/0; tx=1/0; роль не определена; баланс неизвестен,3,False,1,12000.000000000,1,0,0.000000000,0,0.000513894,0.000000000,False,False,2,0,1,0,0.000000000,0.000000000,1.000000000,0.608932027,0.176291434,0.150190483,0.400000000,0.000000000,0.300466467
100000008321975100,peripheral,0.150000000,21,0.164829634,Гип. peripheral; d=4; контр. в/из=1/0; KZT в/из=5900/0; tx=1/0; роль не определена; обрыв d=4; дальнейший выход неизвестен,4,False,1,5900.000000000,1,0,0.000000000,0,0.000301570,,True,False,2,0,1,0,0.000000000,0.000000000,1.000000000,0.562911248,0.176291434,0.150190483,0.400000000,0.000000000,0.286660234
100000008324800100,transit,0.687749000,69,0.555563920,Гип. transit; d=2; контр. в/из=3/1; KZT в/из=526500/511000; tx=17/13; out/in=0.971; 1–2д=40%; баланс неизвестен,2,False,3,526500.000000000,17,1,511000.000000000,13,0.001945821,0.970560304,False,False,3,0,7,5,210000.000000000,0.398860399,1.000000000,0.854071465,0.352582869,0.744073138,0.600000000,0.650000000,0.658348984
100000008327791100,peripheral,0.150000000,17,0.154545239,Гип. peripheral; d=4; контр. в/из=1/0; KZT в/из=11000/0; tx=1/0; роль не определена; обрыв d=4; дальнейший выход неизвестен,4,False,1,11000.000000000,1,0,0.000000000,0,0.000533579,,True,False,1,0,1,0,0.000000000,0.000000000,0.000000000,0.603291567,0.176291434,0.150190483,0.200000000,0.000000000,0.268774330
100000008331280100,peripheral,0.150000000,26,0.176835511,Гип. peripheral; d=4; контр. в/из=1/0; KZT в/из=41000/0; tx=2/0; роль не определена; обрыв d=4; дальнейший выход неизвестен,4,False,1,41000.000000000,2,0,0.000000000,0,0.000316282,,True,False,1,0,2,0,0.000000000,0.000000000,0.243902439,0.688582631,0.176291434,0.238046284,0.200000000,0.000000000,0.307540019
100000008332511100,peripheral,0.200000000,7,0.241021242,Гип. peripheral; d=3; контр. в/из=1/0; KZT в/из=100000/0; tx=1/0; роль не определена; баланс неизвестен,3,False,1,100000.000000000,1,0,0.000000000,0,0.001104323,0.000000000,False,False,4,0,1,0,0.000000000,0.000000000,1.000000000,0.746384037,0.176291434,0.150190483,0.800000000,0.000000000,0.401702071
100000008333492100,peripheral,0.150000000,46,0.187861581,Гип. peripheral; d=4; контр. в/из=1/0; KZT в/из=216400/0; tx=1/0; роль не определена; обрыв d=4; дальнейший выход неизвестен,4,False,1,216400.000000000,1,0,0.000000000,0,0.000435484,,True,False,1,0,1,0,0.000000000,0.000000000,0.000000000,0.796429778,0.176291434,0.150190483,0.200000000,0.000000000,0.326715793
100000008335401100,terminal,0.480000000,8,0.341966191,Гип. terminal; d=2; контр. в/из=1/0; KZT в/из=150000/0; tx=3/0; out/in=0.000; до24.07=100%; остаток неизвестен; гипотеза в окне,2,False,1,150000.000000000,3,0,0.000000000,0,0.000547881,0.000000000,False,False,2,0,1,0,0.000000000,0.000000000,1.000000000,0.772670139,0.176291434,0.300380966,0.400000000,0.450000000,0.462116474
100000008336318100,peripheral,0.150000000,9,0.185162757,Гип. peripheral; d=4; контр. в/из=1/0; KZT в/из=170000/0; tx=1/0; роль не определена; обрыв d=4; дальнейший выход неизвестен,4,False,1,170000.000000000,1,0,0.000000000,0,0.000324919,,True,False,1,0,1,0,0.000000000,0.000000000,0.000000000,0.780784420,0.176291434,0.150190483,0.200000000,0.000000000,0.322022185
100000008337304100,peripheral,0.150000000,4,0.187401293,Гип. peripheral; d=4; контр. в/из=1/0; KZT в/из=105465/0; tx=2/0; роль не определена; обрыв d=4; дальнейший выход неизвестен,4,False,1,105465.000000000,2,0,0.000000000,0,0.000352277,,True,False,1,0,1,0,0.000000000,0.000000000,0.000000000,0.749833543,0.176291434,0.238046284,0.200000000,0.000000000,0.325915292
100000008343415100,peripheral,0.150000000,4,0.209432620,Гип. peripheral; d=4; контр. в/из=1/0; KZT в/из=100000/0; tx=3/0; роль не определена; обрыв d=4; дальнейший выход неизвестен,4,False,1,100000.000000000,3,0,0.000000000,0,0.000431467,,True,False,2,0,1,0,0.000000000,0.000000000,1.000000000,0.746384037,0.176291434,0.300380966,0.400000000,0.000000000,0.364230643
100000008343874100,peripheral,0.200000000,4,0.256591771,Гип. peripheral; d=3; контр. в/из=2/2; KZT в/из=283535/176400; tx=2/5; роль не определена; баланс неизвестен,3,False,2,283535.000000000,2,2,176400.000000000,5,0.000305960,0.622145414,False,False,2,0,2,3,143400.000000000,0.505757667,1.000000000,0.813947239,0.279415313,0.450571450,0.400000000,0.000000000,0.427652952
100000008346837100,coordinator,0.600000000,13,0.726379193,Гип. coordinator; d=2; контр. в/из=9/25; KZT в/из=254359/1258643; tx=12/26; seed-пути=6; выход>1.2 входа: пропуски/начальный остаток,2,False,9,254359.000000000,12,25,1258643.000000000,26,0.000544059,4.948293554,False,True,6,0,6,13,210550.000000000,0.827767054,1.000000000,0.910573241,0.828647260,0.793817113,1.000000000,1.000000000,0.907973991
100000008349675100,peripheral,0.200000000,7,0.191608065,Гип. peripheral; d=1; контр. в/из=1/1; KZT в/из=46520/36650; tx=1/2; роль не определена; баланс неизвестен,1,False,1,46520.000000000,1,1,36650.000000000,2,0.000286687,0.787833190,False,False,1,1,1,2,0.000000000,0.000000000,1.000000000,0.696771142,0.176291434,0.300380966,0.200000000,0.000000000,0.319346774
100000008349740100,peripheral,0.150000000,35,0.217317541,Гип. peripheral; d=4; контр. в/из=1/0; KZT в/из=70000/0; tx=2/0; роль не определена; обрыв d=4; дальнейший выход неизвестен,4,False,1,70000.000000000,2,0,0.000000000,0,0.000290947,,True,False,3,0,2,0,0.000000000,0.000000000,1.000000000,0.723261065,0.176291434,0.238046284,0.600000000,0.000000000,0.377943549
100000008352542100,peripheral,0.200000000,3,0.232983974,Гип. peripheral; d=2; контр. в/из=1/0; KZT в/из=50220/0; tx=1/0; роль не определена; баланс неизвестен,2,False,1,50220.000000000,1,0,0.000000000,0,0.000329632,0.000000000,False,False,4,0,1,0,0.000000000,0.000000000,1.000000000,0.701732549,0.176291434,0.150190483,0.800000000,0.000000000,0.388306624
100000008356606100,peripheral,0.200000000,13,0.213391777,Гип. peripheral; d=2; контр. в/из=2/0; KZT в/из=168500/0; tx=2/0; роль не определена; баланс неизвестен,2,False,2,168500.000000000,2,0,0.000000000,0,0.000623003,0.000000000,False,False,1,0,2,0,0.000000000,0.000000000,1.000000000,0.780209855,0.279415313,0.238046284,0.200000000,0.000000000,0.355652962
100000008376089100,peripheral,0.200000000,30,0.226523255,Гип. peripheral; d=2; контр. в/из=1/0; KZT в/из=135000/0; tx=1/0; роль не определена; баланс неизвестен,2,False,1,135000.000000000,1,0,0.000000000,0,0.000300749,0.000000000,False,False,3,0,1,0,0.000000000,0.000000000,1.000000000,0.765839661,0.176291434,0.150190483,0.600000000,0.000000000,0.377538758
100000008376785100,peripheral,0.150000000,6,0.230825523,Гип. peripheral; d=4; контр. в/из=1/0; KZT в/из=234250/0; tx=2/0; роль не определена; обрыв d=4; дальнейший выход неизвестен,4,False,1,234250.000000000,2,0,0.000000000,0,0.000528657,,True,False,3,0,2,0,0.000000000,0.000000000,0.504802561,0.801568208,0.176291434,0.238046284,0.600000000,0.000000000,0.401435692
100000008379273100,peripheral,0.200000000,8,0.246125929,Гип. peripheral; d=3; контр. в/из=2/4; KZT в/из=36000/38000; tx=2/4; роль не определена; баланс неизвестен,3,False,2,36000.000000000,2,4,38000.000000000,4,0.000297387,1.055555556,False,False,2,0,2,3,0.000000000,0.000000000,1.000000000,0.683656586,0.409336034,0.421637992,0.400000000,0.000000000,0.410209882
100000008383405100,peripheral,0.200000000,23,0.178751382,Гип. peripheral; d=1; контр. в/из=1/0; KZT в/из=25000/0; tx=2/0; роль не определена; баланс неизвестен,1,False,1,25000.000000000,2,0,0.000000000,0,0.000304360,0.000000000,False,False,1,1,2,0,0.000000000,0.000000000,1.000000000,0.656512467,0.176291434,0.238046284,0.200000000,0.000000000,0.297918970
100000008388049100,peripheral,0.200000000,14,0.223718011,Гип. peripheral; d=3; контр. в/из=1/0; KZT в/из=496400/0; tx=1/0; роль не определена; баланс неизвестен,3,False,1,496400.000000000,1,0,0.000000000,0,0.000307512,0.000000000,False,False,2,0,1,0,0.000000000,0.000000000,1.000000000,0.850254975,0.176291434,0.150190483,0.400000000,0.000000000,0.372863352
100000008389800100,peripheral,0.200000000,5,0.280496806,Гип. peripheral; d=2; контр. в/из=3/7; KZT в/из=189000/401620; tx=3/8; роль не определена; выход>1.2 входа: пропуски/начальный остаток,2,False,3,189000.000000000,3,7,401620.000000000,8,0.000502011,2.124973545,False,True,1,0,3,5,166400.000000000,0.880423280,1.000000000,0.836519097,0.528874303,0.538427250,0.200000000,0.000000000,0.467494677
100000008405209100,peripheral,0.200000000,17,0.179916935,Гип. peripheral; d=3; контр. в/из=1/0; KZT в/из=54400/0; tx=1/0; роль не определена; баланс неизвестен,3,False,1,54400.000000000,1,0,0.000000000,0,0.000292537,0.000000000,False,False,1,0,1,0,0.000000000,0.000000000,1.000000000,0.706915663,0.176291434,0.150190483,0.200000000,0.000000000,0.299861558
100000008406609100,peripheral,0.200000000,20,0.174432400,Гип. peripheral; d=2; контр. в/из=1/0; KZT в/из=34000/0; tx=1/0; роль не определена; баланс неизвестен,2,False,1,34000.000000000,1,0,0.000000000,0,0.000427913,0.000000000,False,False,1,0,1,0,0.000000000,0.000000000,1.000000000,0.676446025,0.176291434,0.150190483,0.200000000,0.000000000,0.290720667
100000008413748100,distributor,0.600000000,17,0.598393394,Гип. distributor; d=2; контр. в/из=2/18; KZT в/из=26480/1377320.22; tx=2/21; дней выхода=4; выход>1.2 входа: пропуски/начальный остаток,2,False,2,26480.000000000,2,18,1377320.220000000,21,0.000388663,52.013603474,False,True,2,0,1,4,26480.000000000,1.000000000,1.000000000,0.916414785,0.748873235,0.688617734,0.400000000,0.800000000,0.747991743
100000008416433100,peripheral,0.200000000,15,0.168240523,Гип. peripheral; d=3; контр. в/из=1/0; KZT в/из=20000/0; tx=1/0; роль не определена; баланс неизвестен,3,False,1,20000.000000000,1,0,0.000000000,0,0.000289671,0.000000000,False,False,1,0,1,0,0.000000000,0.000000000,1.000000000,0.642046710,0.176291434,0.150190483,0.200000000,0.000000000,0.280400872
100000008417029100,peripheral,0.200000000,9,0.205021242,Гип. peripheral; d=3; контр. в/из=1/0; KZT в/из=100000/0; tx=1/0; роль не определена; баланс неизвестен,3,False,1,100000.000000000,1,0,0.000000000,0,0.000304958,0.000000000,False,False,2,0,1,0,0.000000000,0.000000000,0.000000000,0.746384037,0.176291434,0.150190483,0.400000000,0.000000000,0.341702071
100000008417359100,peripheral,0.200000000,17,0.222012823,Гип. peripheral; d=3; контр. в/из=1/2; KZT в/из=40810/110760; tx=2/3; роль не определена; выход>1.2 входа: пропуски/начальный остаток,3,False,1,40810.000000000,2,2,110760.000000000,3,0.000290414,2.714040676,False,True,1,0,2,3,30810.000000000,0.754962019,0.754962019,0.753009313,0.279415313,0.388236767,0.200000000,0.000000000,0.370021372
100000008418835100,peripheral,0.200000000,60,0.315963895,Гип. peripheral; d=0; контр. в/из=1/4; KZT в/из=1372000/186179; tx=67/6; роль не определена; seed: вход неполон; баланс неизвестен,0,True,1,1372000.000000000,67,4,186179.000000000,6,0.000525469,,False,False,1,1,16,5,93624.000000000,0.068239067,0.975947522,0.916163880,0.409336034,0.932600802,0.200000000,0.000000000,0.526606491
100000008418934100,peripheral,0.200000000,9,0.201968896,Гип. peripheral; d=2; контр. в/из=1/0; KZT в/из=360000/0; tx=1/0; роль не определена; баланс неизвестен,2,False,1,360000.000000000,1,0,0.000000000,0,0.000317687,0.000000000,False,False,1,0,1,0,0.000000000,0.000000000,0.000000000,0.829426558,0.176291434,0.150190483,0.200000000,0.000000000,0.336614827
100000008422226100,peripheral,0.200000000,1,0.203456357,Гип. peripheral; d=3; контр. в/из=1/0; KZT в/из=87450/0; tx=1/0; роль не определена; баланс неизвестен,3,False,1,87450.000000000,1,0,0.000000000,0,0.000288928,0.000000000,False,False,2,0,1,0,0.000000000,0.000000000,1.000000000,0.737690229,0.176291434,0.150190483,0.400000000,0.000000000,0.339093928
100000008427027100,peripheral,0.200000000,3,0.217841318,Гип. peripheral; d=3; контр. в/из=1/0; KZT в/из=300000/0; tx=1/0; роль не определена; баланс неизвестен,3,False,1,300000.000000000,1,0,0.000000000,0,0.000547930,0.000000000,False,False,2,0,1,0,0.000000000,0.000000000,1.000000000,0.817606681,0.176291434,0.150190483,0.400000000,0.000000000,0.363068864
100000008430691100,peripheral,0.200000000,51,0.233916837,Гип. peripheral; d=3; контр. в/из=1/2; KZT в/из=20000/604900; tx=1/2; роль не определена; выход>1.2 входа: пропуски/начальный остаток,3,False,1,20000.000000000,1,2,604900.000000000,2,0.000305287,30.245000000,False,True,1,0,1,2,0.000000000,0.000000000,1.000000000,0.863070625,0.279415313,0.300380966,0.200000000,0.000000000,0.389861395
100000008432942100,peripheral,0.200000000,1,0.203490921,Гип. peripheral; d=3; контр. в/из=1/0; KZT в/из=44542/0; tx=2/0; роль не определена; баланс неизвестен,3,False,1,44542.000000000,2,0,0.000000000,0,0.000286528,0.000000000,False,False,2,0,2,0,0.000000000,0.000000000,0.633783844,0.693954354,0.176291434,0.238046284,0.400000000,0.000000000,0.339151536
100000008436257100,peripheral,0.200000000,17,0.195052545,Гип. peripheral; d=3; контр. в/из=2/0; KZT в/из=35000/0; tx=2/0; роль не определена; баланс неизвестен,3,False,2,35000.000000000,2,0,0.000000000,0,0.000292983,0.000000000,False,False,1,0,1,0,0.000000000,0.000000000,1.000000000,0.678325234,0.279415313,0.238046284,0.200000000,0.000000000,0.325087575
100000008438656100,peripheral,0.200000000,3,0.282309328,Гип. peripheral; d=1; контр. в/из=2/1; KZT в/из=80000/5000; tx=2/1; роль не определена; баланс неизвестен,1,False,2,80000.000000000,2,1,5000.000000000,1,0.000295765,0.062500000,False,False,5,1,2,1,0.000000000,0.000000000,1.000000000,0.731917795,0.279415313,0.300380966,1.000000000,0.000000000,0.470515546
100000008443341100,peripheral,0.200000000,11,0.224517991,Гип. peripheral; d=1; контр. в/из=2/3; KZT в/из=34500/50000; tx=2/4; роль не определена; выход>1.2 входа: пропуски/начальный остаток,1,False,2,34500.000000000,2,3,50000.000000000,4,0.000664449,1.449275362,False,True,1,1,2,3,7000.000000000,0.202898551,1.000000000,0.701447928,0.352582869,0.421637992,0.200000000,0.000000000,0.374196651
100000008454065100,peripheral,0.200000000,15,0.170392296,Гип. peripheral; d=3; контр. в/из=1/0; KZT в/из=24050/0; tx=1/0; роль не определена; баланс неизвестен,3,False,1,24050.000000000,1,0,0.000000000,0,0.000290812,0.000000000,False,False,1,0,1,0,0.000000000,0.000000000,1.000000000,0.654001000,0.176291434,0.150190483,0.200000000,0.000000000,0.283987159
100000008459449100,peripheral,0.200000000,1,0.197765805,Гип. peripheral; d=3; контр. в/из=1/0; KZT в/из=53700/0; tx=1/0; роль не определена; баланс неизвестен,3,False,1,53700.000000000,1,0,0.000000000,0,0.000297931,0.000000000,False,False,2,0,1,0,0.000000000,0.000000000,1.000000000,0.706076055,0.176291434,0.150190483,0.400000000,0.000000000,0.329609676
100000008460102100,distributor,0.600000000,8,0.589636858,Гип. distributor; d=3; контр. в/из=1/31; KZT в/из=17500/476570; tx=1/34; дней выхода=9; выход>1.2 входа: пропуски/начальный остаток,3,False,1,17500.000000000,1,31,476570.000000000,34,0.000298064,27.232571429,False,True,1,0,1,9,17500.000000000,1.000000000,0.000000000,0.847612026,0.881457172,0.776473534,0.200000000,0.800000000,0.737046072
100000008461217100,peripheral,0.150000000,49,0.160052298,Гип. peripheral; d=4; контр. в/из=1/0; KZT в/из=18000/0; tx=1/0; роль не определена; обрыв d=4; дальнейший выход неизвестен,4,False,1,18000.000000000,1,0,0.000000000,0,0.000542322,,True,False,1,0,1,0,0.000000000,0.000000000,1.000000000,0.635216544,0.176291434,0.150190483,0.200000000,0.000000000,0.278351823
100000008461532100,peripheral,0.200000000,26,0.323569128,Гип. peripheral; d=2; контр. в/из=2/8; KZT в/из=565300/2530090; tx=2/9; роль не определена; выход>1.2 входа: пропуски/начальный остаток,2,False,2,565300.000000000,2,8,2530090.000000000,9,0.000739797,4.475658942,False,True,2,0,2,3,0.000000000,0.000000000,0.009375553,0.955838891,0.558830625,0.538427250,0.400000000,0.000000000,0.539281880
100000008463968100,peripheral,0.200000000,2,0.160152491,Гип. peripheral; d=3; контр. в/из=1/0; KZT в/из=10000/0; tx=1/0; роль не определена; баланс неизвестен,3,False,1,10000.000000000,1,0,0.000000000,0,0.000285587,0.000000000,False,False,1,0,1,0,0.000000000,0.000000000,0.000000000,0.597113194,0.176291434,0.150190483,0.200000000,0.000000000,0.266920818
100000008465789100,distributor,0.600000000,10,0.616451546,Гип. distributor; d=3; контр. в/из=1/16; KZT в/из=30099/1858100; tx=1/17; дней выхода=7; выход>1.2 входа: пропуски/начальный остаток,3,False,1,30099.000000000,1,16,1858100.000000000,17,0.000288328,61.732947938,False,True,3,0,1,7,30099.000000000,1.000000000,1.000000000,0.935825841,0.720584687,0.637998286,0.600000000,0.800000000,0.770564433
100000008466579100,distributor,0.600000000,10,0.600360126,Гип. distributor; d=2; контр. в/из=2/17; KZT в/из=36952/1933000; tx=2/20; дней выхода=8; выход>1.2 входа: пропуски/начальный остаток,2,False,2,36952.000000000,2,17,1933000.000000000,20,0.000354014,52.311106300,False,True,2,0,2,8,30000.000000000,0.811864040,1.000000000,0.938387841,0.735122060,0.679395956,0.400000000,0.800000000,0.750450158
100000008468762100,peripheral,0.200000000,18,0.231495199,Гип. peripheral; d=3; контр. в/из=2/0; KZT в/из=170000/0; tx=2/0; роль не определена; баланс неизвестен,3,False,2,170000.000000000,2,0,0.000000000,0,0.000308710,0.000000000,False,False,2,0,1,0,0.000000000,0.000000000,0.000000000,0.780784420,0.279415313,0.238046284,0.400000000,0.000000000,0.385825331
100000008469048100,peripheral,0.150000000,1,0.250543594,Гип. peripheral; d=4; контр. в/из=1/0; KZT в/из=265200/0; tx=7/0; роль не определена; обрыв d=4; дальнейший выход неизвестен,4,False,1,265200.000000000,7,0,0.000000000,0,0.000575193,,True,False,3,0,6,0,0.000000000,0.000000000,0.948340875,0.809613281,0.176291434,0.450571450,0.600000000,0.000000000,0.435727989
100000008470470100,peripheral,0.200000000,2,0.174275882,Гип. peripheral; d=1; контр. в/из=1/0; KZT в/из=33547/0; tx=1/0; роль не определена; баланс неизвестен,1,False,1,33547.000000000,1,0,0.000000000,0,0.000291025,0.000000000,False,False,1,1,1,0,0.000000000,0.000000000,1.000000000,0.675576480,0.176291434,0.150190483,0.200000000,0.000000000,0.290459803
100000008471634100,peripheral,0.150000000,25,0.161230502,Гип. peripheral; d=4; контр. в/из=1/0; KZT в/из=20000/0; tx=1/0; роль не определена; обрыв d=4; дальнейший выход неизвестен,4,False,1,20000.000000000,1,0,0.000000000,0,0.001116064,,True,False,1,0,1,0,0.000000000,0.000000000,1.000000000,0.642046710,0.176291434,0.150190483,0.200000000,0.000000000,0.280400872
100000008472324100,peripheral,0.200000000,6,0.231409326,Гип. peripheral; d=3; контр. в/из=1/0; KZT в/из=205200/0; tx=1/0; роль не определена; баланс неизвестен,3,False,1,205200.000000000,1,0,0.000000000,0,0.000290633,0.000000000,False,False,3,0,1,0,0.000000000,0.000000000,1.000000000,0.792984504,0.176291434,0.150190483,0.600000000,0.000000000,0.385682210
100000008473207100,terminal,0.490000000,4,0.421042469,Гип. terminal; d=2; контр. в/из=1/0; KZT в/из=202000/0; tx=4/0; out/in=0.000; до24.07=100%; остаток неизвестен; гипотеза в окне,2,False,1,202000.000000000,4,0,0.000000000,0,0.000552632,0.000000000,False,False,8,0,4,0,0.000000000,0.000000000,1.000000000,0.791965548,0.176291434,0.348731503,1.000000000,0.450000000,0.565157677
100000008473765100,peripheral,0.200000000,4,0.172971866,Гип. peripheral; d=3; контр. в/из=1/0; KZT в/из=30000/0; tx=1/0; роль не определена; баланс неизвестен,3,False,1,30000.000000000,1,0,0.000000000,0,0.000290093,0.000000000,False,False,1,0,1,0,0.000000000,0.000000000,1.000000000,0.668331948,0.176291434,0.150190483,0.200000000,0.000000000,0.288286444
100000008474308100,peripheral,0.200000000,11,0.177595732,Гип. peripheral; d=2; контр. в/из=1/1; KZT в/из=14000/10000; tx=2/1; роль не определена; баланс неизвестен,2,False,1,14000.000000000,2,1,10000.000000000,1,0.000442176,0.714285714,False,False,1,0,2,1,0.000000000,0.000000000,1.000000000,0.618924850,0.176291434,0.300380966,0.200000000,0.000000000,0.295992887
100000008474391100,peripheral,0.200000000,22,0.186240523,Гип. peripheral; d=3; контр. в/из=1/0; KZT в/из=20000/0; tx=1/0; роль не определена; баланс неизвестен,3,False,1,20000.000000000,1,0,0.000000000,0,0.000405037,0.000000000,False,False,2,0,1,0,0.000000000,0.000000000,1.000000000,0.642046710,0.176291434,0.150190483,0.400000000,0.000000000,0.310400872
100000008477350100,coordinator,0.600000000,1,0.722019646,Гип. coordinator; d=2; контр. в/из=11/39; KZT в/из=610100/3374866; tx=14/44; seed-пути=3; выход>1.2 входа: пропуски/начальный остаток,2,False,11,610100.000000000,14,39,3374866.000000000,44,0.001027282,5.531660384,False,True,3,0,9,15,308200.000000000,0.505163088,0.570562203,0.974516466,0.938210338,0.883517002,0.600000000,1.000000000,0.902524558
100000008478414100,peripheral,0.200000000,2,0.160152491,Гип. peripheral; d=2; контр. в/из=1/0; KZT в/из=10000/0; tx=1/0; роль не определена; баланс неизвестен,2,False,1,10000.000000000,1,0,0.000000000,0,0.000287408,0.000000000,False,False,1,0,1,0,0.000000000,0.000000000,1.000000000,0.597113194,0.176291434,0.150190483,0.200000000,0.000000000,0.266920818
100000008486520100,peripheral,0.200000000,5,0.206525415,Гип. peripheral; d=1; контр. в/из=1/1; KZT в/из=35720/14000; tx=2/1; роль не определена; баланс неизвестен,1,False,1,35720.000000000,2,1,14000.000000000,1,0.000287853,0.391937290,False,False,2,1,1,1,0.000000000,0.000000000,1.000000000,0.679645311,0.176291434,0.300380966,0.400000000,0.000000000,0.344209025
100000008488166100,peripheral,0.200000000,2,0.153387269,Гип. peripheral; d=3; контр. в/из=1/0; KZT в/из=5600/0; tx=1/0; роль не определена; баланс неизвестен,3,False,1,5600.000000000,1,0,0.000000000,0,0.000284905,0.000000000,False,False,1,0,1,0,0.000000000,0.000000000,1.000000000,0.559528632,0.176291434,0.150190483,0.200000000,0.000000000,0.255645449
100000008489604100,peripheral,0.200000000,2,0.161264598,Гип. peripheral; d=3; контр. в/из=1/0; KZT в/из=11000/0; tx=1/0; роль не определена; баланс неизвестен,3,False,1,11000.000000000,1,0,0.000000000,0,0.000285742,0.000000000,False,False,1,0,1,0,0.000000000,0.000000000,1.000000000,0.603291567,0.176291434,0.150190483,0.200000000,0.000000000,0.268774330
100000008489922100,distributor,0.600000000,9,0.682739258,Гип. distributor; d=3; контр. в/из=3/36; KZT в/из=262010/3789900; tx=5/41; дней выхода=13; выход>1.2 входа: пропуски/начальный остаток,3,False,3,262010.000000000,5,36,3789900.000000000,41,0.000582521,14.464715087,False,True,3,0,3,13,233000.000000000,0.889279035,1.000000000,0.982035712,0.918382006,0.834246384,0.600000000,0.800000000,0.853424073
100000008490127100,peripheral,0.200000000,6,0.322131769,Гип. peripheral; d=3; контр. в/из=1/6; KZT в/из=431755/923000; tx=2/9; роль не определена; выход>1.2 входа: пропуски/начальный остаток,3,False,1,431755.000000000,2,6,923000.000000000,9,0.000297914,2.137786476,False,True,3,0,1,6,0.000000000,0.000000000,1.000000000,0.890465563,0.494912626,0.538427250,0.600000000,0.000000000,0.536886282
100000008491390100,peripheral,0.200000000,1,0.193099386,Гип. peripheral; d=3; контр. в/из=1/0; KZT в/из=36000/0; tx=1/0; роль не определена; баланс неизвестен,3,False,1,36000.000000000,1,0,0.000000000,0,0.000286051,0.000000000,False,False,2,0,1,0,0.000000000,0.000000000,1.000000000,0.680151501,0.176291434,0.150190483,0.400000000,0.000000000,0.321832310
100000008493007100,peripheral,0.200000000,2,0.179276174,Гип. peripheral; d=3; контр. в/из=1/1; KZT в/из=26150/26150; tx=1/1; роль не определена; баланс неизвестен,3,False,1,26150.000000000,1,1,26150.000000000,1,0.000288089,1.000000000,False,False,1,0,1,1,26150.000000000,1.000000000,0.000000000,0.659427978,0.176291434,0.238046284,0.200000000,0.000000000,0.298793623
100000008497298100,peripheral,0.200000000,9,0.207929915,Гип. peripheral; d=2; контр. в/из=1/0; KZT в/из=600000/0; tx=1/0; роль не определена; баланс неизвестен,2,False,1,600000.000000000,1,0,0.000000000,0,0.000340120,0.000000000,False,False,1,0,1,0,0.000000000,0.000000000,0.000000000,0.862543331,0.176291434,0.150190483,0.200000000,0.000000000,0.346549859
100000008501413100,peripheral,0.200000000,12,0.178203102,Гип. peripheral; d=3; контр. в/из=1/1; KZT в/из=5000/5100; tx=1/1; роль не определена; баланс неизвестен,3,False,1,5000.000000000,1,1,5100.000000000,1,0.000364554,1.020000000,False,False,2,0,1,1,5000.000000000,1.000000000,0.000000000,0.553466469,0.176291434,0.238046284,0.400000000,0.000000000,0.297005170
100000008502995100,peripheral,0.200000000,1,0.178751382,Гип. peripheral; d=3; контр. в/из=1/0; KZT в/из=25000/0; tx=2/0; роль не определена; баланс неизвестен,3,False,1,25000.000000000,2,0,0.000000000,0,0.000721240,0.000000000,False,False,1,0,2,0,0.000000000,0.000000000,1.000000000,0.656512467,0.176291434,0.238046284,0.200000000,0.000000000,0.297918970
100000008503177100,peripheral,0.200000000,4,0.174415571,Гип. peripheral; d=3; контр. в/из=1/0; KZT в/из=33951/0; tx=1/0; роль не определена; баланс неизвестен,3,False,1,33951.000000000,1,0,0.000000000,0,0.000290890,0.000000000,False,False,1,0,1,0,0.000000000,0.000000000,0.000000000,0.676352529,0.176291434,0.150190483,0.200000000,0.000000000,0.290692618
100000008507703100,peripheral,0.200000000,2,0.172373324,Гип. peripheral; d=3; контр. в/из=1/0; KZT в/из=28500/0; tx=1/0; роль не определена; баланс неизвестен,3,False,1,28500.000000000,1,0,0.000000000,0,0.000288453,0.000000000,False,False,1,0,1,0,0.000000000,0.000000000,1.000000000,0.665006716,0.176291434,0.150190483,0.200000000,0.000000000,0.287288874
100000008512552100,peripheral,0.200000000,17,0.319061960,Гип. peripheral; d=2; контр. в/из=4/6; KZT в/из=394360/1302275; tx=9/11; роль не определена; выход>1.2 входа: пропуски/начальный остаток,2,False,4,394360.000000000,9,6,1302275.000000000,11,0.000423350,3.302249214,False,True,2,0,7,9,346860.000000000,0.879551679,1.000000000,0.912782555,0.494912626,0.659684276,0.400000000,0.000000000,0.531769933
100000008512827100,peripheral,0.200000000,14,0.383627773,Гип. peripheral; d=2; контр. в/из=3/10; KZT в/из=107949/1944500; tx=3/10; роль не определена; выход>1.2 входа: пропуски/начальный остаток,2,False,3,107949.000000000,3,10,1944500.000000000,10,0.000333393,18.013135833,False,True,5,0,3,5,97949.000000000,0.907363662,0.092636338,0.938772391,0.609868162,0.571828476,1.000000000,0.000000000,0.639379621
100000008513251100,peripheral,0.050000000,86,0.000000000,Гип. peripheral; d=0; контр. в/из=0/0; KZT в/из=0/0; tx=0/0; роль не определена; нет рёбер; роль неизвестна; вход seed неполон,0,True,0,0.000000000,0,0,0.000000000,0,0.000284037,,False,False,0,0,0,0,0.000000000,0.000000000,0.000000000,0.000000000,0.000000000,0.000000000,0.000000000,0.000000000,0.000000000
100000008514970100,peripheral,0.200000000,4,0.210505805,Гип. peripheral; d=3; контр. в/из=1/1; KZT в/из=379966/31000; tx=1/1; роль не определена; баланс неизвестен,3,False,1,379966.000000000,1,1,31000.000000000,1,0.000310910,0.081586247,False,False,1,0,1,1,0.000000000,0.000000000,1.000000000,0.832925928,0.176291434,0.238046284,0.200000000,0.000000000,0.350843008
100000008516839100,peripheral,0.200000000,20,0.267159040,Гип. peripheral; d=0; контр. в/из=3/0; KZT в/из=155000/0; tx=4/0; роль не определена; seed: вход неполон; баланс неизвестен,0,True,3,155000.000000000,4,0,0.000000000,0,0.001062671,,False,False,3,1,2,0,0.000000000,0.000000000,1.000000000,0.774795891,0.352582869,0.348731503,0.600000000,0.000000000,0.445265066
100000008517061100,peripheral,0.150000000,15,0.228946379,Гип. peripheral; d=4; контр. в/из=1/0; KZT в/из=1844000/0; tx=4/0; роль не определена; обрыв d=4; дальнейший выход неизвестен,4,False,1,1844000.000000000,4,0,0.000000000,0,0.000410794,,True,False,1,0,1,0,0.000000000,0.000000000,1.000000000,0.935332009,0.176291434,0.348731503,0.200000000,0.000000000,0.398167615
100000008517538100,distributor,0.600000000,9,0.597936267,Гип. distributor; d=3; контр. в/из=3/17; KZT в/из=155500/1439000; tx=6/18; дней выхода=10; выход>1.2 входа: пропуски/начальный остаток,3,False,3,155500.000000000,6,17,1439000.000000000,18,0.000305396,9.254019293,False,True,2,0,5,10,154500.000000000,0.993569132,0.774919614,0.919254902,0.735122060,0.697463005,0.400000000,0.800000000,0.747420333
100000008522127100,peripheral,0.200000000,62,0.186874276,Гип. peripheral; d=0; контр. в/из=0/1; KZT в/из=0/145000; tx=0/3; роль не определена; seed: вход неполон; баланс неизвестен,0,True,0,0.000000000,0,1,145000.000000000,3,0.000284037,,False,True,0,0,0,3,0.000000000,0.000000000,0.000000000,0.770472315,0.176291434,0.300380966,0.000000000,0.000000000,0.311457126
100000008524903100,peripheral,0.150000000,1,0.175263487,Гип. peripheral; d=4; контр. в/из=1/0; KZT в/из=15000/0; tx=1/0; роль не определена; обрыв d=4; дальнейший выход неизвестен,4,False,1,15000.000000000,1,0,0.000000000,0,0.000329939,,True,False,2,0,1,0,0.000000000,0.000000000,1.000000000,0.623397351,0.176291434,0.150190483,0.400000000,0.000000000,0.304806065
100000008525136100,peripheral,0.150000000,1,0.191821571,Гип. peripheral; d=4; контр. в/из=1/0; KZT в/из=14100/0; tx=1/0; роль не определена; обрыв d=4; дальнейший выход неизвестен,4,False,1,14100.000000000,1,0,0.000000000,0,0.000286969,,True,False,3,0,1,0,0.000000000,0.000000000,1.000000000,0.619386242,0.176291434,0.150190483,0.600000000,0.000000000,0.333602732
100000008531133100,peripheral,0.200000000,5,0.231402788,Гип. peripheral; d=2; контр. в/из=1/3; KZT в/из=25000/158271.68; tx=1/3; роль не определена; выход>1.2 входа: пропуски/начальный остаток,2,False,1,25000.000000000,1,3,158271.680000000,3,0.000529600,6.330867200,False,True,1,0,1,3,0.000000000,0.000000000,1.000000000,0.776150048,0.352582869,0.348731503,0.200000000,0.000000000,0.385671313
100000008531186100,peripheral,0.200000000,3,0.225625172,Гип. peripheral; d=2; контр. в/из=1/0; KZT в/из=125000/0; tx=1/0; роль не определена; баланс неизвестен,2,False,1,125000.000000000,1,0,0.000000000,0,0.000359840,0.000000000,False,False,3,0,1,0,0.000000000,0.000000000,1.000000000,0.760850313,0.176291434,0.150190483,0.600000000,0.000000000,0.376041953
100000008532050100,peripheral,0.200000000,6,0.240705787,Гип. peripheral; d=3; контр. в/из=1/0; KZT в/из=455156/0; tx=1/0; роль не определена; баланс неизвестен,3,False,1,455156.000000000,1,0,0.000000000,0,0.000298666,0.000000000,False,False,3,0,1,0,0.000000000,0.000000000,1.000000000,0.844631510,0.176291434,0.150190483,0.600000000,0.000000000,0.401176312
100000008536546100,peripheral,0.200000000,18,0.235995629,Гип. peripheral; d=3; контр. в/из=2/0; KZT в/из=250000/0; tx=2/0; роль не определена; баланс неизвестен,3,False,2,250000.000000000,2,0,0.000000000,0,0.000315511,0.000000000,False,False,2,0,1,0,0.000000000,0.000000000,0.000000000,0.805786811,0.279415313,0.238046284,0.400000000,0.000000000,0.393326048
100000008537380100,peripheral,0.200000000,2,0.157548829,Гип. peripheral; d=3; контр. в/из=1/0; KZT в/из=8000/0; tx=1/0; роль не определена; баланс неизвестен,3,False,1,8000.000000000,1,0,0.000000000,0,0.000285277,0.000000000,False,False,1,0,1,0,0.000000000,0.000000000,1.000000000,0.582648410,0.176291434,0.150190483,0.200000000,0.000000000,0.262581382
100000008545727100,peripheral,0.200000000,8,0.306739133,Гип. peripheral; d=2; контр. в/из=1/6; KZT в/из=30000/1866500; tx=1/7; роль не определена; выход>1.2 входа: пропуски/начальный остаток,2,False,1,30000.000000000,1,6,1866500.000000000,7,0.000336806,62.216666667,False,True,2,0,1,5,0.000000000,0.000000000,1.000000000,0.936118260,0.494912626,0.476092568,0.400000000,0.000000000,0.511231888
100000008546855100,peripheral,0.200000000,19,0.290632788,Гип. peripheral; d=2; контр. в/из=6/2; KZT в/из=71790/10000; tx=8/2; роль не определена; баланс неизвестен,2,False,6,71790.000000000,8,2,10000.000000000,2,0.001414099,0.139295166,False,False,3,0,2,2,10000.000000000,0.139295166,0.000000000,0.724897997,0.494912626,0.519573706,0.600000000,0.000000000,0.484387980
100000008547295100,peripheral,0.200000000,7,0.164883639,Гип. peripheral; d=3; контр. в/из=1/0; KZT в/из=15000/0; tx=1/0; роль не определена; баланс неизвестен,3,False,1,15000.000000000,1,0,0.000000000,0,0.000558802,0.000000000,False,False,1,0,1,0,0.000000000,0.000000000,0.000000000,0.623397351,0.176291434,0.150190483,0.200000000,0.000000000,0.274806065
100000008547844100,distributor,0.600000000,10,0.631670707,Гип. distributor; d=2; контр. в/из=3/19; KZT в/из=177600/2042199; tx=3/21; дней выхода=10; выход>1.2 входа: пропуски/начальный остаток,2,False,3,177600.000000000,3,19,2042199.000000000,21,0.000342460,11.498868243,False,True,3,0,3,10,177600.000000000,1.000000000,1.000000000,0.941950507,0.761918903,0.697463005,0.600000000,0.800000000,0.789588383
100000008547948100,distributor,0.600000000,9,0.669377404,Гип. distributor; d=2; контр. в/из=6/26; KZT в/из=212665/5185600; tx=7/31; дней выхода=12; выход>1.2 входа: пропуски/начальный остаток,2,False,6,212665.000000000,7,26,5185600.000000000,31,0.000427668,24.383890156,False,True,3,0,3,12,212665.000000000,1.000000000,1.000000000,1.000000000,0.838245938,0.793817113,0.600000000,0.800000000,0.836721755
100000008548853100,peripheral,0.200000000,2,0.164078589,Гип. peripheral; d=3; контр. в/из=1/0; KZT в/из=14000/0; tx=1/0; роль не определена; баланс неизвестен,3,False,1,14000.000000000,1,0,0.000000000,0,0.000286206,0.000000000,False,False,1,0,1,0,0.000000000,0.000000000,1.000000000,0.618924850,0.176291434,0.150190483,0.200000000,0.000000000,0.273464314
100000008551752100,peripheral,0.150000000,39,0.219725853,Гип. peripheral; d=4; контр. в/из=1/0; KZT в/из=406000/0; tx=2/0; роль не определена; обрыв d=4; дальнейший выход неизвестен,4,False,1,406000.000000000,2,0,0.000000000,0,0.000339660,,True,False,2,0,2,0,0.000000000,0.000000000,1.000000000,0.837222293,0.176291434,0.238046284,0.400000000,0.000000000,0.382131917
100000008554390100,peripheral,0.150000000,8,0.157241981,Гип. peripheral; d=4; контр. в/из=1/0; KZT в/из=14000/0; tx=1/0; роль не определена; обрыв d=4; дальнейший выход неизвестен,4,False,1,14000.000000000,1,0,0.000000000,0,0.000291480,,True,False,1,0,1,0,0.000000000,0.000000000,1.000000000,0.618924850,0.176291434,0.150190483,0.200000000,0.000000000,0.273464314
100000008555233100,peripheral,0.200000000,18,0.204326500,Гип. peripheral; d=3; контр. в/из=1/0; KZT в/из=440600/0; tx=1/0; роль не определена; баланс неизвестен,3,False,1,440600.000000000,1,0,0.000000000,0,0.000361356,0.000000000,False,False,1,0,1,0,0.000000000,0.000000000,0.000000000,0.842524358,0.176291434,0.150190483,0.200000000,0.000000000,0.340544167
100000008555918100,peripheral,0.200000000,3,0.270773698,Гип. peripheral; d=1; контр. в/из=1/2; KZT в/из=139211/43300; tx=1/2; роль не определена; баланс неизвестен,1,False,1,139211.000000000,1,2,43300.000000000,2,0.000311687,0.311038639,False,False,4,1,1,2,0.000000000,0.000000000,1.000000000,0.767830965,0.279415313,0.300380966,0.800000000,0.000000000,0.451289497
100000008556318100,peripheral,0.200000000,3,0.286170754,Гип. peripheral; d=1; контр. в/из=2/0; KZT в/из=180132/0; tx=2/0; роль не определена; баланс неизвестен,1,False,2,180132.000000000,2,0,0.000000000,0,0.000557125,0.000000000,False,False,5,1,2,0,0.000000000,0.000000000,1.000000000,0.784537505,0.279415313,0.238046284,1.000000000,0.000000000,0.476951257
100000008557672100,peripheral,0.200000000,2,0.178726724,Гип. peripheral; d=2; контр. в/из=1/0; KZT в/из=49125/0; tx=1/0; роль не определена; баланс неизвестен,2,False,1,49125.000000000,1,0,0.000000000,0,0.000300596,0.000000000,False,False,1,0,1,0,0.000000000,0.000000000,1.000000000,0.700303381,0.176291434,0.150190483,0.200000000,0.000000000,0.297877874
100000008560263100,peripheral,0.150000000,6,0.213728691,Гип. peripheral; d=4; контр. в/из=1/0; KZT в/из=100000/0; tx=1/0; роль не определена; обрыв d=4; дальнейший выход неизвестен,4,False,1,100000.000000000,1,0,0.000000000,0,0.000311473,,True,False,3,0,1,0,0.000000000,0.000000000,1.000000000,0.746384037,0.176291434,0.150190483,0.600000000,0.000000000,0.371702071
100000008560717100,consolidator,0.672500000,6,0.585395478,Гип. consolidator; d=1; контр. в/из=7/1; KZT в/из=529000/25000; tx=9/1; seed-вход=1; баланс неизвестен,1,False,7,529000.000000000,9,1,25000.000000000,1,0.000328947,0.047258979,False,False,3,1,7,1,0.000000000,0.000000000,1.000000000,0.854378571,0.528874303,0.519573706,0.600000000,0.850000000,0.700024488
100000008561016100,transit,0.695833000,9,0.419196232,Гип. transit; d=3; контр. в/из=1/1; KZT в/из=180000/185000; tx=2/4; out/in=1.028; 1–2д=44%; баланс неизвестен,3,False,1,180000.000000000,2,1,185000.000000000,4,0.000293248,1.027777778,False,False,1,0,2,2,80000.000000000,0.444444444,0.000000000,0.786266248,0.176291434,0.421637992,0.200000000,0.650000000,0.494383860
100000008566737100,peripheral,0.200000000,1,0.271022619,Гип. peripheral; d=1; контр. в/из=2/0; KZT в/из=230000/0; tx=2/0; роль не определена; баланс неизвестен,1,False,2,230000.000000000,2,0,0.000000000,0,0.000347468,0.000000000,False,False,4,1,1,0,0.000000000,0.000000000,1.000000000,0.800381201,0.279415313,0.238046284,0.800000000,0.000000000,0.451704365
100000008568512100,peripheral,0.200000000,6,0.231088777,Гип. peripheral; d=3; контр. в/из=1/0; KZT в/из=199640/0; tx=1/0; роль не определена; баланс неизвестен,3,False,1,199640.000000000,1,0,0.000000000,0,0.000290454,0.000000000,False,False,3,0,1,0,0.000000000,0.000000000,1.000000000,0.791203672,0.176291434,0.150190483,0.600000000,0.000000000,0.385147961
100000008571243100,peripheral,0.200000000,8,0.190436494,Гип. peripheral; d=3; контр. в/из=1/0; KZT в/из=134000/0; tx=1/0; роль не определена; баланс неизвестен,3,False,1,134000.000000000,1,0,0.000000000,0,0.000304590,0.000000000,False,False,1,0,1,0,0.000000000,0.000000000,1.000000000,0.765357655,0.176291434,0.150190483,0.200000000,0.000000000,0.317394156
100000008571433100,peripheral,0.200000000,52,0.233896411,Гип. peripheral; d=0; контр. в/из=2/2; KZT в/из=350000/1434000; tx=2/3; роль не определена; seed: вход неполон; баланс неизвестен,0,True,2,350000.000000000,2,2,1434000.000000000,3,0.001627673,,False,True,0,0,2,3,350000.000000000,1.000000000,1.000000000,0.919029249,0.279415313,0.388236767,0.000000000,0.000000000,0.389827352
100000008571443100,peripheral,0.200000000,13,0.238276212,Гип. peripheral; d=2; контр. в/из=2/0; KZT в/из=65000/0; tx=2/0; роль не определена; баланс неизвестен,2,False,2,65000.000000000,2,0,0.000000000,0,0.000313012,0.000000000,False,False,3,0,2,0,0.000000000,0.000000000,1.000000000,0.718456714,0.279415313,0.238046284,0.600000000,0.000000000,0.397127019
100000008575624100,peripheral,0.200000000,47,0.210305888,Гип. peripheral; d=0; контр. в/из=0/3; KZT в/из=0/89500; tx=0/5; роль не определена; seed: вход неполон; баланс неизвестен,0,True,0,0.000000000,0,3,89500.000000000,5,0.000284037,,False,True,0,0,0,4,0.000000000,0.000000000,0.000000000,0.739192416,0.352582869,0.388236767,0.000000000,0.000000000,0.350509814
100000008576243100,peripheral,0.200000000,1,0.251079215,Гип. peripheral; d=3; контр. в/из=2/0; KZT в/из=82920/0; tx=4/0; роль не определена; баланс неизвестен,3,False,2,82920.000000000,4,0,0.000000000,0,0.001638781,0.000000000,False,False,3,0,3,0,0.000000000,0.000000000,1.000000000,0.734241900,0.279415313,0.348731503,0.600000000,0.000000000,0.418465358
100000008576528100,peripheral,0.200000000,6,0.208166788,Гип. peripheral; d=3; контр. в/из=1/0; KZT в/из=28000/0; tx=1/0; роль не определена; баланс неизвестен,3,False,1,28000.000000000,1,0,0.000000000,0,0.000284937,0.000000000,False,False,3,0,1,0,0.000000000,0.000000000,0.000000000,0.663859292,0.176291434,0.150190483,0.600000000,0.000000000,0.346944647
100000008579978100,peripheral,0.200000000,6,0.247005592,Гип. peripheral; d=3; контр. в/из=1/1; KZT в/из=34000/77000; tx=1/6; роль не определена; выход>1.2 входа: пропуски/начальный остаток,3,False,1,34000.000000000,1,1,77000.000000000,6,0.000285130,2.264705882,False,True,3,0,1,3,17000.000000000,0.500000000,1.000000000,0.729439944,0.176291434,0.450571450,0.600000000,0.000000000,0.411675987
100000008582730100,peripheral,0.200000000,19,0.159972063,Гип. peripheral; d=3; контр. в/из=1/1; KZT в/из=5000/5000; tx=1/1; роль не определена; баланс неизвестен,3,False,1,5000.000000000,1,1,5000.000000000,1,0.000885029,1.000000000,False,False,1,0,1,1,0.000000000,0.000000000,0.000000000,0.552182918,0.176291434,0.238046284,0.200000000,0.000000000,0.266620105
100000008583360100,peripheral,0.200000000,8,0.201120333,Гип. peripheral; d=3; контр. в/из=1/1; KZT в/из=112843/170000; tx=1/1; роль не определена; выход>1.2 входа: пропуски/начальный остаток,3,False,1,112843.000000000,1,1,170000.000000000,1,0.000325788,1.506517905,False,True,1,0,1,1,0.000000000,0.000000000,1.000000000,0.780784420,0.176291434,0.238046284,0.200000000,0.000000000,0.335200555
100000008583971100,peripheral,0.150000000,1,0.208385473,Гип. peripheral; d=4; контр. в/из=2/0; KZT в/из=51000/0; tx=2/0; роль не определена; обрыв d=4; дальнейший выход неизвестен,4,False,2,51000.000000000,2,0,0.000000000,0,0.000327895,,True,False,2,0,2,0,0.000000000,0.000000000,0.784313725,0.702731708,0.279415313,0.238046284,0.400000000,0.000000000,0.362409517
100000008586731100,peripheral,0.200000000,11,0.162279880,Гип. peripheral; d=1; контр. в/из=1/0; KZT в/из=12000/0; tx=1/0; роль не определена; баланс неизвестен,1,False,1,12000.000000000,1,0,0.000000000,0,0.000286016,0.000000000,False,False,1,1,1,0,0.000000000,0.000000000,1.000000000,0.608932027,0.176291434,0.150190483,0.200000000,0.000000000,0.270466467
100000008587459100,peripheral,0.200000000,1,0.264306650,Гип. peripheral; d=2; контр. в/из=2/2; KZT в/из=181507/686500; tx=2/4; роль не определена; выход>1.2 входа: пропуски/начальный остаток,2,False,2,181507.000000000,2,2,686500.000000000,4,0.000299121,3.782223275,False,True,2,0,2,3,0.000000000,0.000000000,1.000000000,0.871274404,0.279415313,0.421637992,0.400000000,0.000000000,0.440511083
100000008588665100,peripheral,0.150000000,1,0.180975845,Гип. peripheral; d=4; контр. в/из=1/0; KZT в/из=25000/0; tx=1/0; роль не определена; обрыв d=4; дальнейший выход неизвестен,4,False,1,25000.000000000,1,0,0.000000000,0,0.000350467,,True,False,2,0,1,0,0.000000000,0.000000000,1.000000000,0.656512467,0.176291434,0.150190483,0.400000000,0.000000000,0.314740599
100000008595687100,peripheral,0.200000000,5,0.207792224,Гип. peripheral; d=3; контр. в/из=1/1; KZT в/из=64395/10400; tx=1/1; роль не определена; баланс неизвестен,3,False,1,64395.000000000,1,1,10400.000000000,1,0.000303198,0.161503222,False,False,2,0,1,1,10400.000000000,0.161503222,1.000000000,0.717850479,0.176291434,0.238046284,0.400000000,0.000000000,0.346320373
100000008596924100,peripheral,0.200000000,7,0.187021242,Гип. peripheral; d=3; контр. в/из=1/0; KZT в/из=100000/0; tx=1/0; роль не определена; баланс неизвестен,3,False,1,100000.000000000,1,0,0.000000000,0,0.000413633,0.000000000,False,False,1,0,1,0,0.000000000,0.000000000,0.000000000,0.746384037,0.176291434,0.150190483,0.200000000,0.000000000,0.311702071
100000008598972100,peripheral,0.200000000,4,0.189148807,Гип. peripheral; d=3; контр. в/из=1/0; KZT в/из=120000/0; tx=1/0; роль не определена; баланс неизвестен,3,False,1,120000.000000000,1,0,0.000000000,0,0.000292524,0.000000000,False,False,1,0,1,0,0.000000000,0.000000000,1.000000000,0.758203843,0.176291434,0.150190483,0.200000000,0.000000000,0.315248012
100000008599354100,peripheral,0.200000000,1,0.225201328,Гип. peripheral; d=3; контр. в/из=1/1; KZT в/из=177000/38200; tx=1/2; роль не определена; баланс неизвестен,3,False,1,177000.000000000,1,1,38200.000000000,2,0.000329833,0.215819209,False,False,2,0,1,2,0.000000000,0.000000000,1.000000000,0.783400381,0.176291434,0.300380966,0.400000000,0.000000000,0.375335546
100000008601794100,peripheral,0.200000000,56,0.253421098,Гип. peripheral; d=0; контр. в/из=2/1; KZT в/из=494400/871400; tx=8/13; роль не определена; seed: вход неполон; баланс неизвестен,0,True,2,494400.000000000,8,1,871400.000000000,13,0.002440313,,False,True,0,0,8,12,13200.000000000,0.026699029,0.287621359,0.886736017,0.279415313,0.669764190,0.000000000,0.000000000,0.422368496
100000008603331100,peripheral,0.200000000,10,0.280025545,Гип. peripheral; d=2; контр. в/из=2/6; KZT в/из=39500/741774; tx=3/6; роль не определена; выход>1.2 входа: пропуски/начальный остаток,2,False,2,39500.000000000,3,6,741774.000000000,6,0.000342319,18.779088608,False,True,1,0,3,5,5000.000000000,0.126582278,1.000000000,0.876294731,0.494912626,0.498921986,0.200000000,0.000000000,0.466709242
100000008603629100,coordinator,0.600000000,4,0.775956860,Гип. coordinator; d=2; контр. в/из=19/61; KZT в/из=1817300/4986156; tx=45/74; seed-пути=4; выход>1.2 входа: пропуски/начальный остаток,2,False,19,1817300.000000000,45,61,4986156.000000000,74,0.001184100,2.743716503,False,True,4,0,18,22,1686917.000000000,0.928254553,0.692538381,0.999820250,1.000000000,1.000000000,0.800000000,1.000000000,0.969946075
100000008612257100,peripheral,0.200000000,17,0.159553990,Гип. peripheral; d=3; контр. в/из=1/0; KZT в/из=9500/0; tx=1/0; роль не определена; баланс неизвестен,3,False,1,9500.000000000,1,0,0.000000000,0,0.000286316,0.000000000,False,False,1,0,1,0,0.000000000,0.000000000,1.000000000,0.593788189,0.176291434,0.150190483,0.200000000,0.000000000,0.265923316
100000008619159100,peripheral,0.150000000,63,0.203536712,Гип. peripheral; d=4; контр. в/из=1/0; KZT в/из=446400/0; tx=2/0; роль не определена; обрыв d=4; дальнейший выход неизвестен,4,False,1,446400.000000000,2,0,0.000000000,0,0.000354590,,True,False,1,0,1,0,0.000000000,0.000000000,1.000000000,0.843372202,0.176291434,0.238046284,0.200000000,0.000000000,0.353976890
100000008619857100,peripheral,0.200000000,1,0.216468278,Гип. peripheral; d=3; контр. в/из=1/2; KZT в/из=29000/13000; tx=1/2; роль не определена; баланс неизвестен,3,False,1,29000.000000000,1,2,13000.000000000,2,0.000285659,0.448275862,False,False,2,0,1,2,0.000000000,0.000000000,0.000000000,0.666134184,0.279415313,0.300380966,0.400000000,0.000000000,0.360780463
100000008620570100,peripheral,0.200000000,4,0.275600690,Гип. peripheral; d=3; контр. в/из=2/2; KZT в/из=145000/31800; tx=2/2; роль не определена; баланс неизвестен,3,False,2,145000.000000000,2,2,31800.000000000,2,0.000346564,0.219310345,False,False,4,0,2,2,0.000000000,0.000000000,1.000000000,0.770472315,0.279415313,0.348731503,0.800000000,0.000000000,0.459334483
100000008624978100,peripheral,0.200000000,18,0.242026875,Гип. peripheral; d=2; контр. в/из=1/0; KZT в/из=109000/0; tx=1/0; роль не определена; баланс неизвестен,2,False,1,109000.000000000,1,0,0.000000000,0,0.000336150,0.000000000,False,False,4,0,1,0,0.000000000,0.000000000,1.000000000,0.751970887,0.176291434,0.150190483,0.800000000,0.000000000,0.403378125
100000008625905100,peripheral,0.200000000,16,0.288483524,Гип. peripheral; d=3; контр. в/из=1/2; KZT в/из=197800/635000; tx=1/2; роль не определена; выход>1.2 входа: пропуски/начальный остаток,3,False,1,197800.000000000,1,2,635000.000000000,2,0.000542044,3.210313448,False,True,4,0,1,1,0.000000000,0.000000000,0.000000000,0.866218886,0.279415313,0.300380966,0.800000000,0.000000000,0.480805873
100000008628231100,peripheral,0.200000000,65,0.320689053,Гип. peripheral; d=1; контр. в/из=1/2; KZT в/из=50000/627870; tx=1/19; роль не определена; выход>1.2 входа: пропуски/начальный остаток,1,False,1,50000.000000000,1,2,627870.000000000,19,0.000293968,12.557400000,False,True,4,1,1,6,22000.000000000,0.440000000,1.000000000,0.865486835,0.279415313,0.659684276,0.800000000,0.000000000,0.534481755
100000008628818100,peripheral,0.150000000,8,0.187869870,Гип. peripheral; d=4; контр. в/из=1/0; KZT в/из=46310/0; tx=1/0; роль не определена; обрыв d=4; дальнейший выход неизвестен,4,False,1,46310.000000000,1,0,0.000000000,0,0.000301241,,True,False,2,0,1,0,0.000000000,0.000000000,0.000000000,0.696477831,0.176291434,0.150190483,0.400000000,0.000000000,0.326730209
100000008629504100,peripheral,0.150000000,1,0.161230502,Гип. peripheral; d=4; контр. в/из=1/0; KZT в/из=20000/0; tx=1/0; роль не определена; обрыв d=4; дальнейший выход неизвестен,4,False,1,20000.000000000,1,0,0.000000000,0,0.000300371,,True,False,1,0,1,0,0.000000000,0.000000000,1.000000000,0.642046710,0.176291434,0.150190483,0.200000000,0.000000000,0.280400872
100000008629581100,peripheral,0.200000000,3,0.197870509,Гип. peripheral; d=2; контр. в/из=1/0; KZT в/из=54184/0; tx=1/0; роль не определена; баланс неизвестен,2,False,1,54184.000000000,1,0,0.000000000,0,0.000313597,0.000000000,False,False,2,0,1,0,0.000000000,0.000000000,0.000000000,0.706657742,0.176291434,0.150190483,0.400000000,0.000000000,0.329784182
100000008631800100,peripheral,0.150000000,8,0.156283502,Гип. peripheral; d=4; контр. в/из=1/0; KZT в/из=12850/0; tx=1/0; роль не определена; обрыв d=4; дальнейший выход неизвестен,4,False,1,12850.000000000,1,0,0.000000000,0,0.000290869,,True,False,1,0,1,0,0.000000000,0.000000000,0.000000000,0.613368453,0.176291434,0.150190483,0.200000000,0.000000000,0.271797395
100000008632060100,peripheral,0.200000000,1,0.288342147,Гип. peripheral; d=3; контр. в/из=1/9; KZT в/из=6000/339200; tx=1/12; роль не определена; выход>1.2 входа: пропуски/начальный остаток,3,False,1,6000.000000000,1,9,339200.000000000,12,0.000286476,56.533333333,False,True,1,0,1,10,0.000000000,0.000000000,1.000000000,0.825568266,0.585627469,0.571828476,0.200000000,0.000000000,0.480570245
100000008633099100,peripheral,0.200000000,7,0.175832952,Гип. peripheral; d=3; контр. в/из=1/1; KZT в/из=19468/13500; tx=1/1; роль не определена; баланс неизвестен,3,False,1,19468.000000000,1,1,13500.000000000,1,0.000290383,0.693445654,False,False,1,0,1,1,0.000000000,0.000000000,1.000000000,0.640298969,0.176291434,0.238046284,0.200000000,0.000000000,0.293054920
100000008634520100,peripheral,0.200000000,10,0.221791761,Гип. peripheral; d=3; контр. в/из=1/0; KZT в/из=90000/0; tx=1/0; роль не определена; баланс неизвестен,3,False,1,90000.000000000,1,0,0.000000000,0,0.000296866,0.000000000,False,False,3,0,1,0,0.000000000,0.000000000,1.000000000,0.739553583,0.176291434,0.150190483,0.600000000,0.000000000,0.369652934
100000008636603100,peripheral,0.200000000,5,0.280080568,Гип. peripheral; d=2; контр. в/из=2/6; KZT в/из=35460/159375; tx=2/7; роль не определена; выход>1.2 входа: пропуски/начальный остаток,2,False,2,35460.000000000,2,6,159375.000000000,7,0.000336807,4.494500846,False,True,2,0,2,6,31210.000000000,0.880146644,1.000000000,0.776600411,0.494912626,0.498921986,0.400000000,0.000000000,0.466800946
100000008637537100,peripheral,0.200000000,10,0.362931825,Гип. peripheral; d=0; контр. в/из=3/3; KZT в/из=619890/2351495; tx=22/30; роль не определена; seed: вход неполон; баланс неизвестен,0,True,3,619890.000000000,22,3,2351495.000000000,30,0.000822011,,False,True,4,2,10,11,455505.000000000,0.734815854,1.000000000,0.951093102,0.352582869,0.860279141,0.800000000,0.000000000,0.604886376
100000008638859100,peripheral,0.150000000,19,0.218914383,Гип. peripheral; d=4; контр. в/из=1/0; KZT в/из=34000/0; tx=1/0; роль не определена; обрыв d=4; дальнейший выход неизвестен,4,False,1,34000.000000000,1,0,0.000000000,0,0.000536126,,True,False,4,0,1,0,0.000000000,0.000000000,1.000000000,0.676446025,0.176291434,0.150190483,0.800000000,0.000000000,0.380720667
100000008647905100,peripheral,0.200000000,19,0.227337916,Гип. peripheral; d=2; контр. в/из=1/2; KZT в/из=50000/344222; tx=1/2; роль не определена; выход>1.2 входа: пропуски/начальный остаток,2,False,1,50000.000000000,1,2,344222.000000000,2,0.000326895,6.884440000,False,True,1,0,1,2,50000.000000000,1.000000000,1.000000000,0.826521064,0.279415313,0.300380966,0.200000000,0.000000000,0.378896527
100000008648783100,peripheral,0.150000000,8,0.146167524,Гип. peripheral; d=4; контр. в/из=1/0; KZT в/из=5200/0; tx=1/0; роль не определена; обрыв d=4; дальнейший выход неизвестен,4,False,1,5200.000000000,1,0,0.000000000,0,0.000286802,,True,False,1,0,1,0,0.000000000,0.000000000,0.000000000,0.554725100,0.176291434,0.150190483,0.200000000,0.000000000,0.254204389
100000008649416100,peripheral,0.150000000,17,0.145728998,Гип. peripheral; d=4; контр. в/из=1/0; KZT в/из=5000/0; tx=1/0; роль не определена; обрыв d=4; дальнейший выход неизвестен,4,False,1,5000.000000000,1,0,0.000000000,0,0.000530566,,True,False,1,0,1,0,0.000000000,0.000000000,1.000000000,0.552182918,0.176291434,0.150190483,0.200000000,0.000000000,0.253441735
100000008650785100,peripheral,0.200000000,5,0.273404028,Гип. peripheral; d=0; контр. в/из=2/2; KZT в/из=92000/120120; tx=2/2; роль не определена; seed: вход неполон; баланс неизвестен,0,True,2,92000.000000000,2,2,120120.000000000,2,0.000608727,,False,True,4,1,2,2,56500.000000000,0.614130435,1.000000000,0.758268640,0.279415313,0.348731503,0.800000000,0.000000000,0.455673380
100000008652094100,peripheral,0.200000000,1,0.192770658,Гип. peripheral; d=3; контр. в/из=1/0; KZT в/из=35000/0; tx=1/0; роль не определена; баланс неизвестен,3,False,1,35000.000000000,1,0,0.000000000,0,0.000285995,0.000000000,False,False,2,0,1,0,0.000000000,0.000000000,1.000000000,0.678325234,0.176291434,0.150190483,0.400000000,0.000000000,0.321284429
100000008653041100,peripheral,0.200000000,2,0.172166788,Гип. peripheral; d=3; контр. в/из=1/0; KZT в/из=28000/0; tx=1/0; роль не определена; баланс неизвестен,3,False,1,28000.000000000,1,0,0.000000000,0,0.000288375,0.000000000,False,False,1,0,1,0,0.000000000,0.000000000,1.000000000,0.663859292,0.176291434,0.150190483,0.200000000,0.000000000,0.286944647
100000008654653100,peripheral,0.200000000,5,0.161830815,Гип. peripheral; d=0; контр. в/из=0/1; KZT в/из=0/54000; tx=0/1; роль не определена; seed: вход неполон; баланс неизвестен,0,True,0,0.000000000,0,1,54000.000000000,1,0.000284037,,False,True,0,0,0,1,0.000000000,0.000000000,0.000000000,0.706437219,0.176291434,0.150190483,0.000000000,0.000000000,0.269718025
100000008655035100,peripheral,0.200000000,7,0.190971866,Гип. peripheral; d=2; контр. в/из=1/0; KZT в/из=30000/0; tx=1/0; роль не определена; баланс неизвестен,2,False,1,30000.000000000,1,0,0.000000000,0,0.000536934,0.000000000,False,False,2,0,1,0,0.000000000,0.000000000,1.000000000,0.668331948,0.176291434,0.150190483,0.400000000,0.000000000,0.318286444
100000008655779100,peripheral,0.200000000,28,0.204102717,Гип. peripheral; d=3; контр. в/из=1/2; KZT в/из=47000/24704; tx=1/2; роль не определена; баланс неизвестен,3,False,1,47000.000000000,1,2,24704.000000000,2,0.000394451,0.525617021,False,False,1,0,1,2,0.000000000,0.000000000,1.000000000,0.697436626,0.279415313,0.300380966,0.200000000,0.000000000,0.340171195
100000008656043100,peripheral,0.200000000,2,0.171391442,Гип. peripheral; d=2; контр. в/из=1/0; KZT в/из=26200/0; tx=1/0; роль не определена; баланс неизвестен,2,False,1,26200.000000000,1,0,0.000000000,0,0.000292869,0.000000000,False,False,1,0,1,0,0.000000000,0.000000000,0.000000000,0.659551813,0.176291434,0.150190483,0.200000000,0.000000000,0.285652403
100000008659445100,peripheral,0.200000000,41,0.272319436,Гип. peripheral; d=0; контр. в/из=3/4; KZT в/из=138490/875150; tx=7/18; роль не определена; seed: вход неполон; баланс неизвестен,0,True,3,138490.000000000,7,4,875150.000000000,18,0.002546658,,False,True,0,0,6,10,96900.000000000,0.699689508,0.389125569,0.887014409,0.409336034,0.705961313,0.000000000,0.000000000,0.453865726
100000008659950100,peripheral,0.200000000,10,0.233525522,Гип. peripheral; d=3; контр. в/из=1/0; KZT в/из=246000/0; tx=1/0; роль не определена; баланс неизвестен,3,False,1,246000.000000000,1,0,0.000000000,0,0.000319102,0.000000000,False,False,3,0,1,0,0.000000000,0.000000000,1.000000000,0.804741147,0.176291434,0.150190483,0.600000000,0.000000000,0.389209203
100000008661550100,peripheral,0.200000000,2,0.169769474,Гип. peripheral; d=3; контр. в/из=1/0; KZT в/из=22800/0; tx=1/0; роль не определена; баланс неизвестен,3,False,1,22800.000000000,1,0,0.000000000,0,0.000287570,0.000000000,False,False,1,0,1,0,0.000000000,0.000000000,1.000000000,0.650540879,0.176291434,0.150190483,0.200000000,0.000000000,0.282949123
100000008661585100,peripheral,0.200000000,2,0.177210968,Гип. peripheral; d=1; контр. в/из=1/0; KZT в/из=43141/0; tx=1/0; роль не определена; баланс неизвестен,1,False,1,43141.000000000,1,0,0.000000000,0,0.000293024,0.000000000,False,False,1,1,1,0,0.000000000,0.000000000,1.000000000,0.691882515,0.176291434,0.150190483,0.200000000,0.000000000,0.295351614
100000008662216100,peripheral,0.200000000,2,0.171391442,Гип. peripheral; d=3; контр. в/из=1/0; KZT в/из=26200/0; tx=1/0; роль не определена; баланс неизвестен,3,False,1,26200.000000000,1,0,0.000000000,0,0.000288097,0.000000000,False,False,1,0,1,0,0.000000000,0.000000000,1.000000000,0.659551813,0.176291434,0.150190483,0.200000000,0.000000000,0.285652403
100000008662805100,peripheral,0.200000000,2,0.165995781,Гип. peripheral; d=3; контр. в/из=1/0; KZT в/из=16500/0; tx=1/0; роль не определена; баланс неизвестен,3,False,1,16500.000000000,1,0,0.000000000,0,0.000286594,0.000000000,False,False,1,0,1,0,0.000000000,0.000000000,1.000000000,0.629575921,0.176291434,0.150190483,0.200000000,0.000000000,0.276659636
100000008663007100,peripheral,0.200000000,2,0.164078589,Гип. peripheral; d=1; контр. в/из=1/0; KZT в/из=14000/0; tx=1/0; роль не определена; баланс неизвестен,1,False,1,14000.000000000,1,0,0.000000000,0,0.000286954,0.000000000,False,False,1,1,1,0,0.000000000,0.000000000,1.000000000,0.618924850,0.176291434,0.150190483,0.200000000,0.000000000,0.273464314
100000008663723100,peripheral,0.200000000,2,0.165341291,Гип. peripheral; d=3; контр. в/из=1/0; KZT в/из=15600/0; tx=1/0; роль не определена; баланс неизвестен,3,False,1,15600.000000000,1,0,0.000000000,0,0.000286454,0.000000000,False,False,1,0,1,0,0.000000000,0.000000000,1.000000000,0.625939865,0.176291434,0.150190483,0.200000000,0.000000000,0.275568819
100000008664469100,peripheral,0.200000000,3,0.224844360,Гип. peripheral; d=1; контр. в/из=1/0; KZT в/из=25000/0; tx=1/0; роль не определена; баланс неизвестен,1,False,1,25000.000000000,1,0,0.000000000,0,0.000289003,0.000000000,False,False,4,1,1,0,0.000000000,0.000000000,1.000000000,0.656512467,0.176291434,0.150190483,0.800000000,0.000000000,0.374740599
100000008664774100,peripheral,0.200000000,2,0.165853478,Гип. peripheral; d=3; контр. в/из=1/0; KZT в/из=16300/0; tx=1/0; роль не определена; баланс неизвестен,3,False,1,16300.000000000,1,0,0.000000000,0,0.000286563,0.000000000,False,False,1,0,1,0,0.000000000,0.000000000,1.000000000,0.628785349,0.176291434,0.150190483,0.200000000,0.000000000,0.276422464
100000008665380100,peripheral,0.200000000,1,0.226600110,Гип. peripheral; d=1; контр. в/из=2/1; KZT в/из=69100/18200; tx=2/1; роль не определена; баланс неизвестен,1,False,2,69100.000000000,2,1,18200.000000000,1,0.000289204,0.263386397,False,False,2,1,2,1,18200.000000000,0.263386397,1.000000000,0.722422143,0.279415313,0.300380966,0.400000000,0.000000000,0.377666851
100000008666075100,peripheral,0.200000000,2,0.171399011,Гип. peripheral; d=1; контр. в/из=1/0; KZT в/из=26217/0; tx=1/0; роль не определена; баланс неизвестен,1,False,1,26217.000000000,1,0,0.000000000,0,0.000289498,0.000000000,False,False,1,1,1,0,0.000000000,0.000000000,1.000000000,0.659593863,0.176291434,0.150190483,0.200000000,0.000000000,0.285665018
100000008667058100,peripheral,0.200000000,2,0.166705023,Гип. peripheral; d=1; контр. в/из=1/0; KZT в/из=17534/0; tx=1/0; роль не определена; баланс неизвестен,1,False,1,17534.000000000,1,0,0.000000000,0,0.000287690,0.000000000,False,False,1,1,1,0,0.000000000,0.000000000,1.000000000,0.633516154,0.176291434,0.150190483,0.200000000,0.000000000,0.277841706
100000008667795100,peripheral,0.200000000,2,0.174432400,Гип. peripheral; d=3; контр. в/из=1/0; KZT в/из=34000/0; tx=1/0; роль не определена; баланс неизвестен,3,False,1,34000.000000000,1,0,0.000000000,0,0.000289305,0.000000000,False,False,1,0,1,0,0.000000000,0.000000000,1.000000000,0.676446025,0.176291434,0.150190483,0.200000000,0.000000000,0.290720667
100000008667799100,peripheral,0.200000000,2,0.174432400,Гип. peripheral; d=3; контр. в/из=1/0; KZT в/из=34000/0; tx=1/0; роль не определена; баланс неизвестен,3,False,1,34000.000000000,1,0,0.000000000,0,0.000289305,0.000000000,False,False,1,0,1,0,0.000000000,0.000000000,1.000000000,0.676446025,0.176291434,0.150190483,0.200000000,0.000000000,0.290720667
100000008668099100,peripheral,0.200000000,2,0.165415852,Гип. peripheral; d=3; контр. в/из=1/0; KZT в/из=15700/0; tx=1/0; роль не определена; баланс неизвестен,3,False,1,15700.000000000,1,0,0.000000000,0,0.000286470,0.000000000,False,False,1,0,1,0,0.000000000,0.000000000,1.000000000,0.626354090,0.176291434,0.150190483,0.200000000,0.000000000,0.275693086
100000008669037100,peripheral,0.050000000,87,0.000000000,Гип. peripheral; d=0; контр. в/из=0/0; KZT в/из=0/0; tx=0/0; роль не определена; нет рёбер; роль неизвестна; вход seed неполон,0,True,0,0.000000000,0,0,0.000000000,0,0.000284037,,False,False,0,0,0,0,0.000000000,0.000000000,0.000000000,0.000000000,0.000000000,0.000000000,0.000000000,0.000000000,0.000000000
100000008669310100,peripheral,0.200000000,1,0.206882792,Гип. peripheral; d=3; контр. в/из=1/0; KZT в/из=59567/0; tx=2/0; роль не определена; баланс неизвестен,3,False,1,59567.000000000,2,0,0.000000000,0,0.000287369,0.000000000,False,False,2,0,2,0,0.000000000,0.000000000,0.218241644,0.712798080,0.176291434,0.238046284,0.400000000,0.000000000,0.344804653
100000008670667100,peripheral,0.200000000,2,0.165291819,Гип. peripheral; d=1; контр. в/из=1/0; KZT в/из=15534/0; tx=1/0; роль не определена; баланс неизвестен,1,False,1,15534.000000000,1,0,0.000000000,0,0.000287273,0.000000000,False,False,1,1,1,0,0.000000000,0.000000000,1.000000000,0.625665020,0.176291434,0.150190483,0.200000000,0.000000000,0.275486365
100000008671026100,peripheral,0.200000000,2,0.170139211,Гип. peripheral; d=1; контр. в/из=1/0; KZT в/из=23534/0; tx=1/0; роль не определена; баланс неизвестен,1,False,1,23534.000000000,1,0,0.000000000,0,0.000288940,0.000000000,False,False,1,1,1,0,0.000000000,0.000000000,1.000000000,0.652594973,0.176291434,0.150190483,0.200000000,0.000000000,0.283565351
100000008671081100,peripheral,0.200000000,2,0.175482013,Гип. peripheral; d=3; контр. в/из=1/0; KZT в/из=37200/0; tx=1/0; роль не определена; баланс неизвестен,3,False,1,37200.000000000,1,0,0.000000000,0,0.000289801,0.000000000,False,False,1,0,1,0,0.000000000,0.000000000,1.000000000,0.682277209,0.176291434,0.150190483,0.200000000,0.000000000,0.292470022
100000008671129100,peripheral,0.200000000,2,0.171391442,Гип. peripheral; d=3; контр. в/из=1/0; KZT в/из=26200/0; tx=1/0; роль не определена; баланс неизвестен,3,False,1,26200.000000000,1,0,0.000000000,0,0.000288097,0.000000000,False,False,1,0,1,0,0.000000000,0.000000000,1.000000000,0.659551813,0.176291434,0.150190483,0.200000000,0.000000000,0.285652403
100000008671929100,peripheral,0.200000000,3,0.245571224,Гип. peripheral; d=1; контр. в/из=1/0; KZT в/из=75000/0; tx=2/0; роль не определена; баланс неизвестен,1,False,1,75000.000000000,2,0,0.000000000,0,0.000298933,0.000000000,False,False,4,1,2,0,0.000000000,0.000000000,1.000000000,0.727733814,0.176291434,0.238046284,0.800000000,0.000000000,0.409285374
100000008672162100,peripheral,0.200000000,2,0.165303832,Гип. peripheral; d=1; контр. в/из=1/0; KZT в/из=15550/0; tx=1/0; роль не определена; баланс неизвестен,1,False,1,15550.000000000,1,0,0.000000000,0,0.000287276,0.000000000,False,False,1,1,1,0,0.000000000,0.000000000,1.000000000,0.625731756,0.176291434,0.150190483,0.200000000,0.000000000,0.275506386
100000008672200100,peripheral,0.200000000,2,0.158271287,Гип. peripheral; d=1; контр. в/из=1/0; KZT в/из=8511/0; tx=1/0; роль не определена; баланс неизвестен,1,False,1,8511.000000000,1,0,0.000000000,0,0.000285810,0.000000000,False,False,1,1,1,0,0.000000000,0.000000000,1.000000000,0.586662063,0.176291434,0.150190483,0.200000000,0.000000000,0.263785478
100000008672480100,peripheral,0.200000000,2,0.163213857,Гип. peripheral; d=2; контр. в/из=1/0; KZT в/из=13000/0; tx=1/0; роль не определена; баланс неизвестен,2,False,1,13000.000000000,1,0,0.000000000,0,0.000288419,0.000000000,False,False,1,0,1,0,0.000000000,0.000000000,1.000000000,0.614120783,0.176291434,0.150190483,0.200000000,0.000000000,0.272023094
100000008672493100,peripheral,0.200000000,2,0.164078589,Гип. peripheral; d=3; контр. в/из=1/0; KZT в/из=14000/0; tx=1/0; роль не определена; баланс неизвестен,3,False,1,14000.000000000,1,0,0.000000000,0,0.000286206,0.000000000,False,False,1,0,1,0,0.000000000,0.000000000,1.000000000,0.618924850,0.176291434,0.150190483,0.200000000,0.000000000,0.273464314
100000008672603100,peripheral,0.200000000,3,0.186920454,Гип. peripheral; d=2; контр. в/из=1/0; KZT в/из=21200/0; tx=1/0; роль не определена; баланс неизвестен,2,False,1,21200.000000000,1,0,0.000000000,0,0.000295603,0.000000000,False,False,2,0,1,0,0.000000000,0.000000000,1.000000000,0.645824102,0.176291434,0.150190483,0.400000000,0.000000000,0.311534090
100000008672762100,peripheral,0.200000000,2,0.163213857,Гип. peripheral; d=2; контр. в/из=1/0; KZT в/из=13000/0; tx=1/0; роль не определена; баланс неизвестен,2,False,1,13000.000000000,1,0,0.000000000,0,0.000288419,0.000000000,False,False,1,0,1,0,0.000000000,0.000000000,1.000000000,0.614120783,0.176291434,0.150190483,0.200000000,0.000000000,0.272023094
100000008673001100,peripheral,0.200000000,20,0.184417319,Гип. peripheral; d=0; контр. в/из=1/0; KZT в/из=80000/0; tx=1/0; роль не определена; seed: вход неполон; баланс неизвестен,0,True,1,80000.000000000,1,0,0.000000000,0,0.000466250,,False,False,1,1,1,0,0.000000000,0.000000000,1.000000000,0.731917795,0.176291434,0.150190483,0.200000000,0.000000000,0.307362198
100000008675322100,peripheral,0.150000000,35,0.244538477,Гип. peripheral; d=4; контр. в/из=1/0; KZT в/из=340000/0; tx=4/0; роль не определена; обрыв d=4; дальнейший выход неизвестен,4,False,1,340000.000000000,4,0,0.000000000,0,0.000317600,,True,False,3,0,4,0,0.000000000,0.000000000,1.000000000,0.825720987,0.176291434,0.348731503,0.600000000,0.000000000,0.425284308
100000008676812100,peripheral,0.200000000,19,0.196781250,Гип. peripheral; d=3; контр. в/из=1/0; KZT в/из=230800/0; tx=1/0; роль не определена; баланс неизвестен,3,False,1,230800.000000000,1,0,0.000000000,0,0.000470342,0.000000000,False,False,1,0,1,0,0.000000000,0.000000000,1.000000000,0.800606304,0.176291434,0.150190483,0.200000000,0.000000000,0.327968751
100000008677215100,peripheral,0.200000000,22,0.176923125,Гип. peripheral; d=3; контр. в/из=1/0; KZT в/из=9000/0; tx=1/0; роль не определена; баланс неизвестен,3,False,1,9000.000000000,1,0,0.000000000,0,0.000302937,0.000000000,False,False,2,0,1,0,0.000000000,0.000000000,1.000000000,0.590283388,0.176291434,0.150190483,0.400000000,0.000000000,0.294871876
100000008677368100,peripheral,0.150000000,7,0.156835304,Гип. peripheral; d=4; контр. в/из=1/0; KZT в/из=13500/0; tx=1/0; роль не определена; обрыв d=4; дальнейший выход неизвестен,4,False,1,13500.000000000,1,0,0.000000000,0,0.000530863,,True,False,1,0,1,0,0.000000000,0.000000000,1.000000000,0.616567305,0.176291434,0.150190483,0.200000000,0.000000000,0.272757051
100000008677518100,peripheral,0.200000000,2,0.178625330,Гип. peripheral; d=3; контр. в/из=1/0; KZT в/из=48700/0; tx=1/0; роль не определена; баланс неизвестен,3,False,1,48700.000000000,1,0,0.000000000,0,0.000291583,0.000000000,False,False,1,0,1,0,0.000000000,0.000000000,1.000000000,0.699740082,0.176291434,0.150190483,0.200000000,0.000000000,0.297708884
100000008679986100,peripheral,0.200000000,2,0.167641992,Гип. peripheral; d=1; контр. в/из=1/0; KZT в/из=19000/0; tx=1/0; роль не определена; баланс неизвестен,1,False,1,19000.000000000,1,0,0.000000000,0,0.000287995,0.000000000,False,False,1,1,1,0,0.000000000,0.000000000,1.000000000,0.638721535,0.176291434,0.150190483,0.200000000,0.000000000,0.279403320
100000008680061100,peripheral,0.150000000,6,0.176917039,Гип. peripheral; d=4; контр. в/из=1/0; KZT в/из=41300/0; tx=2/0; роль не определена; обрыв d=4; дальнейший выход неизвестен,4,False,1,41300.000000000,2,0,0.000000000,0,0.000308957,,True,False,1,0,2,0,0.000000000,0.000000000,1.000000000,0.689055258,0.176291434,0.238046284,0.200000000,0.000000000,0.307681807
100000008680451100,peripheral,0.200000000,2,0.170139211,Гип. peripheral; d=1; контр. в/из=1/0; KZT в/из=23534/0; tx=1/0; роль не определена; баланс неизвестен,1,False,1,23534.000000000,1,0,0.000000000,0,0.000288940,0.000000000,False,False,1,1,1,0,0.000000000,0.000000000,1.000000000,0.652594973,0.176291434,0.150190483,0.200000000,0.000000000,0.283565351
100000008680731100,distributor,0.600000000,11,0.572046911,Гип. distributor; d=0; контр. в/из=0/27; KZT в/из=0/1464354; tx=0/28; дней выхода=6; seed: вход неполон; баланс неизвестен,0,True,0,0.000000000,0,27,1464354.000000000,28,0.000284037,,False,True,0,0,0,6,0.000000000,0.000000000,0.000000000,0.920387207,0.847495495,0.729622513,0.000000000,0.800000000,0.715058638
100000008680912100,peripheral,0.200000000,1,0.191249424,Гип. peripheral; d=3; контр. в/из=1/1; KZT в/из=45112/5990.85; tx=2/1; роль не определена; баланс неизвестен,3,False,1,45112.000000000,2,1,5990.850000000,1,0.000541486,0.132799477,False,False,1,0,2,1,5990.850000000,0.132799477,1.000000000,0.694778697,0.176291434,0.300380966,0.200000000,0.000000000,0.318749041
100000008682426100,peripheral,0.200000000,15,0.168240523,Гип. peripheral; d=3; контр. в/из=1/0; KZT в/из=20000/0; tx=1/0; роль не определена; баланс неизвестен,3,False,1,20000.000000000,1,0,0.000000000,0,0.000289671,0.000000000,False,False,1,0,1,0,0.000000000,0.000000000,1.000000000,0.642046710,0.176291434,0.150190483,0.200000000,0.000000000,0.280400872
100000008683818100,peripheral,0.200000000,2,0.166615505,Гип. peripheral; d=2; контр. в/из=1/0; KZT в/из=17400/0; tx=1/0; роль не определена; баланс неизвестен,2,False,1,17400.000000000,1,0,0.000000000,0,0.000289902,0.000000000,False,False,1,0,1,0,0.000000000,0.000000000,1.000000000,0.633018830,0.176291434,0.150190483,0.200000000,0.000000000,0.277692508
100000008684452100,peripheral,0.200000000,2,0.179345448,Гип. peripheral; d=3; контр. в/из=1/0; KZT в/из=51800/0; tx=1/0; роль не определена; баланс неизвестен,3,False,1,51800.000000000,1,0,0.000000000,0,0.000292063,0.000000000,False,False,1,0,1,0,0.000000000,0.000000000,1.000000000,0.703740736,0.176291434,0.150190483,0.200000000,0.000000000,0.298909080
100000008684767100,peripheral,0.200000000,2,0.173392073,Гип. peripheral; d=3; контр. в/из=1/0; KZT в/из=31100/0; tx=1/0; роль не определена; баланс неизвестен,3,False,1,31100.000000000,1,0,0.000000000,0,0.000288856,0.000000000,False,False,1,0,1,0,0.000000000,0.000000000,1.000000000,0.670666430,0.176291434,0.150190483,0.200000000,0.000000000,0.288986788
100000008684951100,peripheral,0.200000000,2,0.166480605,Гип. peripheral; d=3; контр. в/из=1/0; KZT в/из=17200/0; tx=1/0; роль не определена; баланс неизвестен,3,False,1,17200.000000000,1,0,0.000000000,0,0.000286702,0.000000000,False,False,1,0,1,0,0.000000000,0.000000000,1.000000000,0.632269384,0.176291434,0.150190483,0.200000000,0.000000000,0.277467675
100000008686214100,peripheral,0.200000000,4,0.188844360,Гип. peripheral; d=3; контр. в/из=1/0; KZT в/из=25000/0; tx=1/0; роль не определена; баланс неизвестен,3,False,1,25000.000000000,1,0,0.000000000,0,0.000296114,0.000000000,False,False,2,0,1,0,0.000000000,0.000000000,1.000000000,0.656512467,0.176291434,0.150190483,0.400000000,0.000000000,0.314740599
100000008686234100,peripheral,0.200000000,1,0.176263904,Гип. peripheral; d=1; контр. в/из=1/0; KZT в/из=39778/0; tx=1/0; роль не определена; баланс неизвестен,1,False,1,39778.000000000,1,0,0.000000000,0,0.000291443,0.000000000,False,False,1,1,1,0,0.000000000,0.000000000,1.000000000,0.686621048,0.176291434,0.150190483,0.200000000,0.000000000,0.293773174
100000008686247100,peripheral,0.200000000,23,0.182869827,Гип. peripheral; d=3; контр. в/из=1/1; KZT в/из=22000/5000; tx=2/1; роль не определена; баланс неизвестен,3,False,1,22000.000000000,2,1,5000.000000000,1,0.000311929,0.227272727,False,False,1,0,2,1,0.000000000,0.000000000,1.000000000,0.648225378,0.176291434,0.300380966,0.200000000,0.000000000,0.304783045
100000008686313100,coordinator,0.555000000,1,0.612383325,Гип. coordinator; d=1; контр. в/из=6/7; KZT в/из=1912716/333800; tx=16/13; seed-пути=3; структура не доказывает управление,1,False,6,1912716.000000000,16,7,333800.000000000,13,0.000464706,0.174516238,False,False,3,1,15,10,198095.000000000,0.103567388,0.593435722,0.937703950,0.528874303,0.736968270,0.600000000,1.000000000,0.787631286
100000008686494100,peripheral,0.200000000,2,0.165415852,Гип. peripheral; d=3; контр. в/из=1/0; KZT в/из=15700/0; tx=1/0; роль не определена; баланс неизвестен,3,False,1,15700.000000000,1,0,0.000000000,0,0.000286470,0.000000000,False,False,1,0,1,0,0.000000000,0.000000000,1.000000000,0.626354090,0.176291434,0.150190483,0.200000000,0.000000000,0.275693086
100000008687492100,peripheral,0.200000000,2,0.164883639,Гип. peripheral; d=2; контр. в/из=1/0; KZT в/из=15000/0; tx=1/0; роль не определена; баланс неизвестен,2,False,1,15000.000000000,1,0,0.000000000,0,0.000289093,0.000000000,False,False,1,0,1,0,0.000000000,0.000000000,1.000000000,0.623397351,0.176291434,0.150190483,0.200000000,0.000000000,0.274806065
100000008687617100,peripheral,0.200000000,2,0.185174386,Гип. peripheral; d=3; контр. в/из=1/0; KZT в/из=43350/0; tx=2/0; роль не определена; баланс неизвестен,3,False,1,43350.000000000,2,0,0.000000000,0,0.000290754,0.000000000,False,False,1,0,2,0,0.000000000,0.000000000,1.000000000,0.692195824,0.176291434,0.238046284,0.200000000,0.000000000,0.308623977
100000008687671100,peripheral,0.200000000,2,0.175575741,Гип. peripheral; d=1; контр. в/из=1/0; KZT в/из=37500/0; tx=1/0; роль не определена; баланс неизвестен,1,False,1,37500.000000000,1,0,0.000000000,0,0.000291849,0.000000000,False,False,1,1,1,0,0.000000000,0.000000000,1.000000000,0.682797921,0.176291434,0.150190483,0.200000000,0.000000000,0.292626236
100000008687733100,peripheral,0.200000000,2,0.164608144,Гип. peripheral; d=3; контр. в/из=1/0; KZT в/из=14650/0; tx=1/0; роль не определена; баланс неизвестен,3,False,1,14650.000000000,1,0,0.000000000,0,0.000286307,0.000000000,False,False,1,0,1,0,0.000000000,0.000000000,1.000000000,0.621866826,0.176291434,0.150190483,0.200000000,0.000000000,0.274346907
100000008687990100,peripheral,0.200000000,2,0.166748863,Гип. peripheral; d=3; контр. в/из=1/0; KZT в/из=17600/0; tx=1/0; роль не определена; баланс неизвестен,3,False,1,17600.000000000,1,0,0.000000000,0,0.000286764,0.000000000,False,False,1,0,1,0,0.000000000,0.000000000,1.000000000,0.633759710,0.176291434,0.150190483,0.200000000,0.000000000,0.277914772
100000008688109100,peripheral,0.200000000,2,0.163032946,Гип. peripheral; d=3; контр. в/из=1/0; KZT в/из=12800/0; tx=1/0; роль не определена; баланс неизвестен,3,False,1,12800.000000000,1,0,0.000000000,0,0.000286020,0.000000000,False,False,1,0,1,0,0.000000000,0.000000000,1.000000000,0.613115724,0.176291434,0.150190483,0.200000000,0.000000000,0.271721577
100000008688155100,peripheral,0.200000000,2,0.170171890,Гип. peripheral; d=3; контр. в/из=1/0; KZT в/из=23600/0; tx=1/0; роль не определена; баланс неизвестен,3,False,1,23600.000000000,1,0,0.000000000,0,0.000287694,0.000000000,False,False,1,0,1,0,0.000000000,0.000000000,1.000000000,0.652776523,0.176291434,0.150190483,0.200000000,0.000000000,0.283619816
100000008688476100,peripheral,0.200000000,2,0.170368011,Гип. peripheral; d=2; контр. в/из=1/0; KZT в/из=24000/0; tx=1/0; роль не определена; баланс неизвестен,2,False,1,24000.000000000,1,0,0.000000000,0,0.000292127,0.000000000,False,False,1,0,1,0,0.000000000,0.000000000,1.000000000,0.653866083,0.176291434,0.150190483,0.200000000,0.000000000,0.283946684
100000008688881100,peripheral,0.200000000,2,0.177496860,Гип. peripheral; d=2; контр. в/из=1/0; KZT в/из=44211/0; tx=1/0; роль не определена; баланс неизвестен,2,False,1,44211.000000000,1,0,0.000000000,0,0.000298940,0.000000000,False,False,1,0,1,0,0.000000000,0.000000000,1.000000000,0.693470802,0.176291434,0.150190483,0.200000000,0.000000000,0.295828100
100000008690762100,peripheral,0.200000000,2,0.171633865,Гип. peripheral; d=3; контр. в/из=1/0; KZT в/из=26750/0; tx=1/0; роль не определена; баланс неизвестен,3,False,1,26750.000000000,1,0,0.000000000,0,0.000288182,0.000000000,False,False,1,0,1,0,0.000000000,0.000000000,1.000000000,0.660898610,0.176291434,0.150190483,0.200000000,0.000000000,0.286056442
100000008690932100,peripheral,0.200000000,2,0.169871386,Гип. peripheral; d=1; контр. в/из=1/0; KZT в/из=23000/0; tx=1/0; роль не определена; баланс неизвестен,1,False,1,23000.000000000,1,0,0.000000000,0,0.000288828,0.000000000,False,False,1,1,1,0,0.000000000,0.000000000,1.000000000,0.651107060,0.176291434,0.150190483,0.200000000,0.000000000,0.283118977
100000008691027100,peripheral,0.200000000,2,0.166705023,Гип. peripheral; d=1; контр. в/из=1/0; KZT в/из=17534/0; tx=1/0; роль не определена; баланс неизвестен,1,False,1,17534.000000000,1,0,0.000000000,0,0.000287690,0.000000000,False,False,1,1,1,0,0.000000000,0.000000000,1.000000000,0.633516154,0.176291434,0.150190483,0.200000000,0.000000000,0.277841706
100000008691168100,peripheral,0.200000000,2,0.170368011,Гип. peripheral; d=2; контр. в/из=1/0; KZT в/из=24000/0; tx=1/0; роль не определена; баланс неизвестен,2,False,1,24000.000000000,1,0,0.000000000,0,0.000292127,0.000000000,False,False,1,0,1,0,0.000000000,0.000000000,1.000000000,0.653866083,0.176291434,0.150190483,0.200000000,0.000000000,0.283946684
100000008691330100,peripheral,0.200000000,2,0.169051812,Гип. peripheral; d=1; контр. в/из=1/0; KZT в/из=21440/0; tx=1/0; роль не определена; баланс неизвестен,1,False,1,21440.000000000,1,0,0.000000000,0,0.000288503,0.000000000,False,False,1,1,1,0,0.000000000,0.000000000,1.000000000,0.646553870,0.176291434,0.150190483,0.200000000,0.000000000,0.281753020
100000008691495100,peripheral,0.200000000,2,0.171742415,Гип. peripheral; d=1; контр. в/из=1/0; KZT в/из=27000/0; tx=1/0; роль не определена; баланс неизвестен,1,False,1,27000.000000000,1,0,0.000000000,0,0.000289662,0.000000000,False,False,1,1,1,0,0.000000000,0.000000000,1.000000000,0.661501662,0.176291434,0.150190483,0.200000000,0.000000000,0.286237358
100000008692291100,transit,0.650937000,10,0.484400201,Гип. transit; d=3; контр. в/из=3/3; KZT в/из=160000/156000; tx=3/3; out/in=0.975; 1–2д=13%; баланс неизвестен,3,False,3,160000.000000000,3,3,156000.000000000,3,0.000306286,0.975000000,False,False,3,0,2,3,21000.000000000,0.131250000,0.937500000,0.776854147,0.352582869,0.421637992,0.600000000,0.650000000,0.586818517
100000008693069100,peripheral,0.200000000,2,0.168240523,Гип. peripheral; d=1; контр. в/из=1/0; KZT в/из=20000/0; tx=1/0; роль не определена; баланс неизвестен,1,False,1,20000.000000000,1,0,0.000000000,0,0.000288203,0.000000000,False,False,1,1,1,0,0.000000000,0.000000000,1.000000000,0.642046710,0.176291434,0.150190483,0.200000000,0.000000000,0.280400872
100000008695133100,peripheral,0.200000000,2,0.175295456,Гип. peripheral; d=3; контр. в/из=1/0; KZT в/из=36610/0; tx=1/0; роль не определена; баланс неизвестен,3,False,1,36610.000000000,1,0,0.000000000,0,0.000289709,0.000000000,False,False,1,0,1,0,0.000000000,0.000000000,1.000000000,0.681240777,0.176291434,0.150190483,0.200000000,0.000000000,0.292159093
100000008695157100,peripheral,0.150000000,4,0.208378050,Гип. peripheral; d=4; контр. в/из=1/0; KZT в/из=425546/0; tx=3/0; роль не определена; обрыв d=4; дальнейший выход неизвестен,4,False,1,425546.000000000,3,0,0.000000000,0,0.000494567,,True,False,1,0,3,0,0.000000000,0.000000000,0.487716957,0.840270587,0.176291434,0.300380966,0.200000000,0.000000000,0.362396608
100000008695495100,peripheral,0.200000000,2,0.168809848,Гип. peripheral; d=1; контр. в/из=1/0; KZT в/из=21000/0; tx=1/0; роль не определена; баланс неизвестен,1,False,1,21000.000000000,1,0,0.000000000,0,0.000288412,0.000000000,False,False,1,1,1,0,0.000000000,0.000000000,1.000000000,0.645209624,0.176291434,0.150190483,0.200000000,0.000000000,0.281349747
100000008695566100,peripheral,0.200000000,2,0.174328981,Гип. peripheral; d=3; контр. в/из=1/0; KZT в/из=33700/0; tx=1/0; роль не определена; баланс неизвестен,3,False,1,33700.000000000,1,0,0.000000000,0,0.000289259,0.000000000,False,False,1,0,1,0,0.000000000,0.000000000,1.000000000,0.675871474,0.176291434,0.150190483,0.200000000,0.000000000,0.290548301
100000008695689100,peripheral,0.200000000,2,0.171391442,Гип. peripheral; d=3; контр. в/из=1/0; KZT в/из=26200/0; tx=1/0; роль не определена; баланс неизвестен,3,False,1,26200.000000000,1,0,0.000000000,0,0.000288097,0.000000000,False,False,1,0,1,0,0.000000000,0.000000000,1.000000000,0.659551813,0.176291434,0.150190483,0.200000000,0.000000000,0.285652403
100000008696692100,peripheral,0.200000000,2,0.167641992,Гип. peripheral; d=2; контр. в/из=1/0; KZT в/из=19000/0; tx=1/0; роль не определена; баланс неизвестен,2,False,1,19000.000000000,1,0,0.000000000,0,0.000290442,0.000000000,False,False,1,0,1,0,0.000000000,0.000000000,1.000000000,0.638721535,0.176291434,0.150190483,0.200000000,0.000000000,0.279403320
100000008696919100,peripheral,0.200000000,2,0.173704895,Гип. peripheral; d=1; контр. в/из=1/0; KZT в/из=31945/0; tx=1/0; роль не определена; баланс неизвестен,1,False,1,31945.000000000,1,0,0.000000000,0,0.000290692,0.000000000,False,False,1,1,1,0,0.000000000,0.000000000,1.000000000,0.672404329,0.176291434,0.150190483,0.200000000,0.000000000,0.289508158
100000008697670100,peripheral,0.200000000,2,0.171006592,Гип. peripheral; d=3; контр. в/из=1/0; KZT в/из=25350/0; tx=1/0; роль не определена; баланс неизвестен,3,False,1,25350.000000000,1,0,0.000000000,0,0.000287965,0.000000000,False,False,1,0,1,0,0.000000000,0.000000000,1.000000000,0.657413757,0.176291434,0.150190483,0.200000000,0.000000000,0.285010986
100000008699083100,peripheral,0.150000000,14,0.188949037,Гип. peripheral; d=4; контр. в/из=1/0; KZT в/из=238500/0; tx=1/0; роль не определена; обрыв d=4; дальнейший выход неизвестен,4,False,1,238500.000000000,1,0,0.000000000,0,0.000304734,,True,False,1,0,1,0,0.000000000,0.000000000,0.000000000,0.802733873,0.176291434,0.150190483,0.200000000,0.000000000,0.328607021
100000008701222100,peripheral,0.050000000,88,0.000000000,Гип. peripheral; d=0; контр. в/из=0/0; KZT в/из=0/0; tx=0/0; роль не определена; нет рёбер; роль неизвестна; вход seed неполон,0,True,0,0.000000000,0,0,0.000000000,0,0.000284037,,False,False,0,0,0,0,0.000000000,0.000000000,0.000000000,0.000000000,0.000000000,0.000000000,0.000000000,0.000000000,0.000000000
100000008701256100,peripheral,0.200000000,1,0.198714874,Гип. peripheral; d=2; контр. в/из=1/0; KZT в/из=58250/0; tx=1/0; роль не определена; баланс неизвестен,2,False,1,58250.000000000,1,0,0.000000000,0,0.000302089,0.000000000,False,False,2,0,1,0,0.000000000,0.000000000,1.000000000,0.711348658,0.176291434,0.150190483,0.400000000,0.000000000,0.331191457
100000008701944100,peripheral,0.200000000,60,0.197418210,Гип. peripheral; d=1; контр. в/из=1/0; KZT в/из=52124/0; tx=1/0; роль не определена; баланс неизвестен,1,False,1,52124.000000000,1,0,0.000000000,0,0.000409084,0.000000000,False,False,2,1,1,0,0.000000000,0.000000000,1.000000000,0.704144966,0.176291434,0.150190483,0.400000000,0.000000000,0.329030349
100000008703533100,peripheral,0.150000000,10,0.176011527,Гип. peripheral; d=4; контр. в/из=1/0; KZT в/из=75000/0; tx=1/0; роль не определена; обрыв d=4; дальнейший выход неизвестен,4,False,1,75000.000000000,1,0,0.000000000,0,0.000293930,,True,False,1,0,1,0,0.000000000,0.000000000,1.000000000,0.727733814,0.176291434,0.150190483,0.200000000,0.000000000,0.306107004
100000008706846100,peripheral,0.200000000,2,0.164244103,Гип. peripheral; d=3; контр. в/из=1/0; KZT в/из=14200/0; tx=1/0; роль не определена; баланс неизвестен,3,False,1,14200.000000000,1,0,0.000000000,0,0.000286237,0.000000000,False,False,1,0,1,0,0.000000000,0.000000000,1.000000000,0.619844375,0.176291434,0.150190483,0.200000000,0.000000000,0.273740172
100000008706947100,peripheral,0.200000000,2,0.166480605,Гип. peripheral; d=3; контр. в/из=1/0; KZT в/из=17200/0; tx=1/0; роль не определена; баланс неизвестен,3,False,1,17200.000000000,1,0,0.000000000,0,0.000286702,0.000000000,False,False,1,0,1,0,0.000000000,0.000000000,1.000000000,0.632269384,0.176291434,0.150190483,0.200000000,0.000000000,0.277467675
100000008707810100,peripheral,0.200000000,2,0.171391442,Гип. peripheral; d=3; контр. в/из=1/0; KZT в/из=26200/0; tx=1/0; роль не определена; баланс неизвестен,3,False,1,26200.000000000,1,0,0.000000000,0,0.000288097,0.000000000,False,False,1,0,1,0,0.000000000,0.000000000,1.000000000,0.659551813,0.176291434,0.150190483,0.200000000,0.000000000,0.285652403
100000008708025100,peripheral,0.200000000,28,0.160152491,Гип. peripheral; d=3; контр. в/из=1/0; KZT в/из=10000/0; tx=1/0; роль не определена; баланс неизвестен,3,False,1,10000.000000000,1,0,0.000000000,0,0.000307530,0.000000000,False,False,1,0,1,0,0.000000000,0.000000000,0.000000000,0.597113194,0.176291434,0.150190483,0.200000000,0.000000000,0.266920818
100000008708061100,peripheral,0.200000000,2,0.158460308,Гип. peripheral; d=3; контр. в/из=1/0; KZT в/из=8650/0; tx=1/0; роль не определена; баланс неизвестен,3,False,1,8650.000000000,1,0,0.000000000,0,0.000285377,0.000000000,False,False,1,0,1,0,0.000000000,0.000000000,1.000000000,0.587712179,0.176291434,0.150190483,0.200000000,0.000000000,0.264100513
100000008708207100,peripheral,0.200000000,9,0.261237367,Гип. peripheral; d=3; контр. в/из=2/0; KZT в/из=465000/0; tx=2/0; роль не определена; баланс неизвестен,3,False,2,465000.000000000,2,0,0.000000000,0,0.000357750,0.000000000,False,False,3,0,1,0,0.000000000,0.000000000,0.000000000,0.846018688,0.279415313,0.238046284,0.600000000,0.000000000,0.435395611
100000008708368100,peripheral,0.200000000,2,0.170209900,Гип. peripheral; d=1; контр. в/из=1/0; KZT в/из=23677/0; tx=1/0; роль не определена; баланс неизвестен,1,False,1,23677.000000000,1,0,0.000000000,0,0.000288969,0.000000000,False,False,1,1,1,0,0.000000000,0.000000000,1.000000000,0.652987692,0.176291434,0.150190483,0.200000000,0.000000000,0.283683167
100000008708595100,peripheral,0.200000000,2,0.166480605,Гип. peripheral; d=3; контр. в/из=1/0; KZT в/из=17200/0; tx=1/0; роль не определена; баланс неизвестен,3,False,1,17200.000000000,1,0,0.000000000,0,0.000286702,0.000000000,False,False,1,0,1,0,0.000000000,0.000000000,1.000000000,0.632269384,0.176291434,0.150190483,0.200000000,0.000000000,0.277467675
100000008708743100,peripheral,0.200000000,2,0.165303832,Гип. peripheral; d=3; контр. в/из=1/0; KZT в/из=15550/0; tx=1/0; роль не определена; баланс неизвестен,3,False,1,15550.000000000,1,0,0.000000000,0,0.000286447,0.000000000,False,False,1,0,1,0,0.000000000,0.000000000,1.000000000,0.625731756,0.176291434,0.150190483,0.200000000,0.000000000,0.275506386
100000008710791100,distributor,0.600000000,9,0.704881040,Гип. distributor; d=2; контр. в/из=3/23; KZT в/из=181510/5521511; tx=3/25; дней выхода=9; выход>1.2 входа: пропуски/начальный остаток,2,False,3,181510.000000000,3,23,5521511.000000000,25,0.000332412,30.419872183,False,True,5,0,3,9,169510.000000000,0.933887940,0.066112060,1.000000000,0.808289616,0.729622513,1.000000000,0.800000000,0.881101300
100000008710843100,peripheral,0.200000000,18,0.360132485,Гип. peripheral; d=2; контр. в/из=2/13; KZT в/из=33944/1985500; tx=3/14; роль не определена; выход>1.2 входа: пропуски/начальный остаток,2,False,2,33944.000000000,3,13,1985500.000000000,14,0.000291294,58.493400896,False,True,3,0,3,10,0.000000000,0.000000000,1.000000000,0.940125127,0.671204060,0.626283051,0.600000000,0.000000000,0.600220808
100000008710913100,peripheral,0.150000000,9,0.174491981,Гип. peripheral; d=4; контр. в/из=1/0; KZT в/из=14000/0; tx=1/0; роль не определена; обрыв d=4; дальнейший выход неизвестен,4,False,1,14000.000000000,1,0,0.000000000,0,0.000286563,,True,False,2,0,1,0,0.000000000,0.000000000,1.000000000,0.618924850,0.176291434,0.150190483,0.400000000,0.000000000,0.303464314
100000008712036100,peripheral,0.200000000,2,0.168809848,Гип. peripheral; d=3; контр. в/из=1/0; KZT в/из=21000/0; tx=1/0; роль не определена; баланс неизвестен,3,False,1,21000.000000000,1,0,0.000000000,0,0.000287291,0.000000000,False,False,1,0,1,0,0.000000000,0.000000000,1.000000000,0.645209624,0.176291434,0.150190483,0.200000000,0.000000000,0.281349747
100000008712184100,peripheral,0.200000000,2,0.167011094,Гип. peripheral; d=3; контр. в/из=1/0; KZT в/из=18000/0; tx=1/0; роль не определена; баланс неизвестен,3,False,1,18000.000000000,1,0,0.000000000,0,0.000286826,0.000000000,False,False,1,0,1,0,0.000000000,0.000000000,1.000000000,0.635216544,0.176291434,0.150190483,0.200000000,0.000000000,0.278351823
100000008712827100,peripheral,0.200000000,2,0.183818764,Гип. peripheral; d=3; контр. в/из=1/0; KZT в/из=76000/0; tx=1/0; роль не определена; баланс неизвестен,3,False,1,76000.000000000,1,0,0.000000000,0,0.000295812,0.000000000,False,False,1,0,1,0,0.000000000,0.000000000,1.000000000,0.728592491,0.176291434,0.150190483,0.200000000,0.000000000,0.306364607
100000008712991100,peripheral,0.200000000,2,0.182190151,Гип. peripheral; d=3; контр. в/из=1/0; KZT в/из=66100/0; tx=1/0; роль не определена; баланс неизвестен,3,False,1,66100.000000000,1,0,0.000000000,0,0.000294278,0.000000000,False,False,1,0,1,0,0.000000000,0.000000000,1.000000000,0.719544641,0.176291434,0.150190483,0.200000000,0.000000000,0.303650252
100000008713270100,peripheral,0.200000000,7,0.233534905,Гип. peripheral; d=2; контр. в/из=1/3; KZT в/из=30000/190000; tx=1/3; роль не определена; выход>1.2 входа: пропуски/начальный остаток,2,False,1,30000.000000000,1,3,190000.000000000,3,0.000289685,6.333333333,False,True,1,0,1,2,30000.000000000,1.000000000,0.000000000,0.787995142,0.352582869,0.348731503,0.200000000,0.000000000,0.389224842
100000008713685100,peripheral,0.200000000,2,0.178862517,Гип. peripheral; d=3; контр. в/из=1/0; KZT в/из=49700/0; tx=1/0; роль не определена; баланс неизвестен,3,False,1,49700.000000000,1,0,0.000000000,0,0.000291738,0.000000000,False,False,1,0,1,0,0.000000000,0.000000000,1.000000000,0.701057784,0.176291434,0.150190483,0.200000000,0.000000000,0.298104195
100000008714412100,peripheral,0.200000000,8,0.193144465,Гип. peripheral; d=3; контр. в/из=1/0; KZT в/из=169000/0; tx=1/0; роль не определена; баланс неизвестен,3,False,1,169000.000000000,1,0,0.000000000,0,0.000309959,0.000000000,False,False,1,0,1,0,0.000000000,0.000000000,1.000000000,0.780401943,0.176291434,0.150190483,0.200000000,0.000000000,0.321907442
100000008715513100,peripheral,0.150000000,8,0.166659809,Гип. peripheral; d=4; контр. в/из=1/0; KZT в/из=32500/0; tx=1/0; роль не определена; обрыв d=4; дальнейший выход неизвестен,4,False,1,32500.000000000,1,0,0.000000000,0,0.000301315,,True,False,1,0,1,0,0.000000000,0.000000000,0.000000000,0.673520954,0.176291434,0.150190483,0.200000000,0.000000000,0.289843145
100000008715887100,peripheral,0.200000000,2,0.167011094,Гип. peripheral; d=3; контр. в/из=1/0; KZT в/из=18000/0; tx=1/0; роль не определена; баланс неизвестен,3,False,1,18000.000000000,1,0,0.000000000,0,0.000286826,0.000000000,False,False,1,0,1,0,0.000000000,0.000000000,1.000000000,0.635216544,0.176291434,0.150190483,0.200000000,0.000000000,0.278351823
100000008716072100,peripheral,0.200000000,2,0.162376715,Гип. peripheral; d=3; контр. в/из=1/0; KZT в/из=12100/0; tx=1/0; роль не определена; баланс неизвестен,3,False,1,12100.000000000,1,0,0.000000000,0,0.000285912,0.000000000,False,False,1,0,1,0,0.000000000,0.000000000,1.000000000,0.609469994,0.176291434,0.150190483,0.200000000,0.000000000,0.270627858
100000008716222100,peripheral,0.200000000,2,0.167011094,Гип. peripheral; d=1; контр. в/из=1/0; KZT в/из=18000/0; tx=1/0; роль не определена; баланс неизвестен,1,False,1,18000.000000000,1,0,0.000000000,0,0.000287787,0.000000000,False,False,1,1,1,0,0.000000000,0.000000000,1.000000000,0.635216544,0.176291434,0.150190483,0.200000000,0.000000000,0.278351823
100000008716439100,peripheral,0.200000000,2,0.162536657,Гип. peripheral; d=1; контр. в/из=1/0; KZT в/из=12267/0; tx=1/0; роль не определена; баланс неизвестен,1,False,1,12267.000000000,1,0,0.000000000,0,0.000286593,0.000000000,False,False,1,1,1,0,0.000000000,0.000000000,1.000000000,0.610358564,0.176291434,0.150190483,0.200000000,0.000000000,0.270894429
100000008716773100,peripheral,0.200000000,2,0.165398745,Гип. peripheral; d=1; контр. в/из=1/0; KZT в/из=15677/0; tx=1/0; роль не определена; баланс неизвестен,1,False,1,15677.000000000,1,0,0.000000000,0,0.000287303,0.000000000,False,False,1,1,1,0,0.000000000,0.000000000,1.000000000,0.626259052,0.176291434,0.150190483,0.200000000,0.000000000,0.275664575
100000008717340100,peripheral,0.200000000,2,0.176758435,Гип. peripheral; d=1; контр. в/из=1/0; KZT в/из=41500/0; tx=1/0; роль не определена; баланс неизвестен,1,False,1,41500.000000000,1,0,0.000000000,0,0.000292682,0.000000000,False,False,1,1,1,0,0.000000000,0.000000000,1.000000000,0.689368440,0.176291434,0.150190483,0.200000000,0.000000000,0.294597391
100000008717341100,peripheral,0.200000000,2,0.164589811,Гип. peripheral; d=1; контр. в/из=1/0; KZT в/из=14627/0; tx=1/0; роль не определена; баланс неизвестен,1,False,1,14627.000000000,1,0,0.000000000,0,0.000287084,0.000000000,False,False,1,1,1,0,0.000000000,0.000000000,1.000000000,0.621764972,0.176291434,0.150190483,0.200000000,0.000000000,0.274316351
100000008717375100,peripheral,0.200000000,3,0.190778117,Гип. peripheral; d=2; контр. в/из=1/0; KZT в/из=29506/0; tx=1/0; роль не определена; баланс неизвестен,2,False,1,29506.000000000,1,0,0.000000000,0,0.000300134,0.000000000,False,False,2,0,1,0,0.000000000,0.000000000,1.000000000,0.667255563,0.176291434,0.150190483,0.400000000,0.000000000,0.317963528
100000008717802100,peripheral,0.200000000,2,0.171369152,Гип. peripheral; d=3; контр. в/из=1/0; KZT в/из=26150/0; tx=1/0; роль не определена; баланс неизвестен,3,False,1,26150.000000000,1,0,0.000000000,0,0.000288089,0.000000000,False,False,1,0,1,0,0.000000000,0.000000000,1.000000000,0.659427978,0.176291434,0.150190483,0.200000000,0.000000000,0.285615253
100000008718089100,peripheral,0.200000000,2,0.165291819,Гип. peripheral; d=1; контр. в/из=1/0; KZT в/из=15534/0; tx=1/0; роль не определена; баланс неизвестен,1,False,1,15534.000000000,1,0,0.000000000,0,0.000287273,0.000000000,False,False,1,1,1,0,0.000000000,0.000000000,1.000000000,0.625665020,0.176291434,0.150190483,0.200000000,0.000000000,0.275486365
100000008718811100,peripheral,0.200000000,2,0.183396655,Гип. peripheral; d=3; контр. в/из=1/0; KZT в/из=73300/0; tx=1/0; роль не определена; баланс неизвестен,3,False,1,73300.000000000,1,0,0.000000000,0,0.000295394,0.000000000,False,False,1,0,1,0,0.000000000,0.000000000,1.000000000,0.726247443,0.176291434,0.150190483,0.200000000,0.000000000,0.305661092
100000008720668100,peripheral,0.200000000,2,0.165636716,Гип. peripheral; d=3; контр. в/из=1/0; KZT в/из=16000/0; tx=1/0; роль не определена; баланс неизвестен,3,False,1,16000.000000000,1,0,0.000000000,0,0.000286516,0.000000000,False,False,1,0,1,0,0.000000000,0.000000000,1.000000000,0.627581116,0.176291434,0.150190483,0.200000000,0.000000000,0.276061194
100000008720798100,peripheral,0.200000000,2,0.165291819,Гип. peripheral; d=1; контр. в/из=1/0; KZT в/из=15534/0; tx=1/0; роль не определена; баланс неизвестен,1,False,1,15534.000000000,1,0,0.000000000,0,0.000287273,0.000000000,False,False,1,1,1,0,0.000000000,0.000000000,1.000000000,0.625665020,0.176291434,0.150190483,0.200000000,0.000000000,0.275486365
100000008720856100,peripheral,0.200000000,6,0.191476893,Гип. peripheral; d=3; контр. в/из=1/1; KZT в/из=18105/46000; tx=1/2; роль не определена; выход>1.2 входа: пропуски/начальный остаток,3,False,1,18105.000000000,1,1,46000.000000000,2,0.000317559,2.540734604,False,True,1,0,1,2,0.000000000,0.000000000,0.000000000,0.696042408,0.176291434,0.300380966,0.200000000,0.000000000,0.319128154
100000008721637100,peripheral,0.200000000,7,0.215702412,Гип. peripheral; d=3; контр. в/из=1/2; KZT в/из=24041/127000; tx=1/2; роль не определена; выход>1.2 входа: пропуски/начальный остаток,3,False,1,24041.000000000,1,2,127000.000000000,2,0.000288890,5.282642153,False,True,1,0,1,2,0.000000000,0.000000000,1.000000000,0.761879374,0.279415313,0.300380966,0.200000000,0.000000000,0.359504020
100000008722328100,peripheral,0.200000000,2,0.170209900,Гип. peripheral; d=1; контр. в/из=1/0; KZT в/из=23677/0; tx=1/0; роль не определена; баланс неизвестен,1,False,1,23677.000000000,1,0,0.000000000,0,0.000288969,0.000000000,False,False,1,1,1,0,0.000000000,0.000000000,1.000000000,0.652987692,0.176291434,0.150190483,0.200000000,0.000000000,0.283683167
100000008722417100,peripheral,0.200000000,6,0.294246755,Гип. peripheral; d=3; контр. в/из=1/3; KZT в/из=331900/720000; tx=1/6; роль не определена; выход>1.2 входа: пропуски/начальный остаток,3,False,1,331900.000000000,1,3,720000.000000000,6,0.000294705,2.169328111,False,True,3,0,1,6,0.000000000,0.000000000,1.000000000,0.874363226,0.352582869,0.450571450,0.600000000,0.000000000,0.490411259
100000008722541100,peripheral,0.150000000,6,0.242367202,Гип. peripheral; d=4; контр. в/из=1/0; KZT в/из=280000/0; tx=4/0; роль не определена; обрыв d=4; дальнейший выход неизвестен,4,False,1,280000.000000000,4,0,0.000000000,0,0.000381454,,True,False,3,0,4,0,0.000000000,0.000000000,0.214285714,0.813133886,0.176291434,0.348731503,0.600000000,0.000000000,0.421508178
100000008723830100,peripheral,0.200000000,5,0.248715876,Гип. peripheral; d=1; контр. в/из=2/1; KZT в/из=459785/455000; tx=2/1; роль не определена; баланс неизвестен,1,False,2,459785.000000000,2,1,455000.000000000,1,0.000338335,0.989592962,False,False,2,1,2,1,454000.000000000,0.987418032,1.000000000,0.845287509,0.279415313,0.300380966,0.400000000,0.000000000,0.414526460
100000008724279100,peripheral,0.200000000,5,0.180034220,Гип. peripheral; d=1; контр. в/из=1/0; KZT в/из=11750/0; tx=1/0; роль не определена; баланс неизвестен,1,False,1,11750.000000000,1,0,0.000000000,0,0.000285292,0.000000000,False,False,2,1,1,0,0.000000000,0.000000000,1.000000000,0.607567249,0.176291434,0.150190483,0.400000000,0.000000000,0.300057034
100000008724461100,peripheral,0.200000000,9,0.197989873,Гип. peripheral; d=3; контр. в/из=1/1; KZT в/из=100111/130000; tx=1/1; роль не определена; выход>1.2 входа: пропуски/начальный остаток,3,False,1,100111.000000000,1,1,130000.000000000,1,0.000289160,1.298558600,False,True,1,0,1,1,0.000000000,0.000000000,1.000000000,0.763392973,0.176291434,0.238046284,0.200000000,0.000000000,0.329983121
100000008727982100,peripheral,0.150000000,27,0.173342268,Гип. peripheral; d=4; контр. в/из=1/0; KZT в/из=30000/0; tx=2/0; роль не определена; обрыв d=4; дальнейший выход неизвестен,4,False,1,30000.000000000,2,0,0.000000000,0,0.000512700,,True,False,1,0,1,0,0.000000000,0.000000000,0.000000000,0.668331948,0.176291434,0.238046284,0.200000000,0.000000000,0.301464814
100000008728457100,peripheral,0.200000000,12,0.249703274,Гип. peripheral; d=1; контр. в/из=1/0; KZT в/из=45000/0; tx=1/0; роль не определена; баланс неизвестен,1,False,1,45000.000000000,1,0,0.000000000,0,0.000290824,0.000000000,False,False,5,1,1,0,0.000000000,0.000000000,1.000000000,0.694617546,0.176291434,0.150190483,1.000000000,0.000000000,0.416172123
100000008729597100,peripheral,0.200000000,4,0.184859557,Гип. peripheral; d=3; контр. в/из=1/0; KZT в/из=83090/0; tx=1/0; роль не определена; баланс неизвестен,3,False,1,83090.000000000,1,0,0.000000000,0,0.000300809,0.000000000,False,False,1,0,1,0,0.000000000,0.000000000,1.000000000,0.734374675,0.176291434,0.150190483,0.200000000,0.000000000,0.308099262
100000008729801100,peripheral,0.200000000,2,0.166705023,Гип. peripheral; d=1; контр. в/из=1/0; KZT в/из=17534/0; tx=1/0; роль не определена; баланс неизвестен,1,False,1,17534.000000000,1,0,0.000000000,0,0.000287690,0.000000000,False,False,1,1,1,0,0.000000000,0.000000000,1.000000000,0.633516154,0.176291434,0.150190483,0.200000000,0.000000000,0.277841706
100000008730021100,peripheral,0.200000000,60,0.215267380,Гип. peripheral; d=1; контр. в/из=1/0; KZT в/из=75555/0; tx=3/0; роль не определена; баланс неизвестен,1,False,1,75555.000000000,3,0,0.000000000,0,0.000465296,0.000000000,False,False,2,1,2,0,0.000000000,0.000000000,1.000000000,0.728211784,0.176291434,0.300380966,0.400000000,0.000000000,0.358778967
100000008730238100,peripheral,0.150000000,10,0.180595460,Гип. peripheral; d=4; контр. в/из=1/0; KZT в/из=113000/0; tx=1/0; роль не определена; обрыв d=4; дальнейший выход неизвестен,4,False,1,113000.000000000,1,0,0.000000000,0,0.000559843,,True,False,1,0,1,0,0.000000000,0.000000000,1.000000000,0.754307336,0.176291434,0.150190483,0.200000000,0.000000000,0.314079060
100000008730371100,terminal,0.476154000,1,0.374146024,Гип. terminal; d=3; контр. в/из=2/0; KZT в/из=520000/0; tx=3/0; out/in=0.000; до24.07=96%; остаток неизвестен; гипотеза в окне,3,False,2,520000.000000000,3,0,0.000000000,0,0.000852487,0.000000000,False,False,2,0,3,0,0.000000000,0.000000000,0.961538462,0.853266114,0.279415313,0.300380966,0.400000000,0.450000000,0.506920042
100000008730846100,consolidator,0.600000000,12,0.587918668,Гип. consolidator; d=2; контр. в/из=7/3; KZT в/из=155042/363370; tx=11/4; seed-вход=0; выход>1.2 входа: пропуски/начальный остаток,2,False,7,155042.000000000,11,3,363370.000000000,4,0.000532845,2.343687517,False,True,4,0,3,3,155042.000000000,1.000000000,1.000000000,0.830030615,0.528874303,0.600761933,0.800000000,0.850000000,0.734898335
100000008731444100,peripheral,0.200000000,1,0.336809303,Гип. peripheral; d=2; контр. в/из=3/9; KZT в/из=439000/879767.8; tx=5/9; роль не определена; выход>1.2 входа: пропуски/начальный остаток,2,False,3,439000.000000000,5,9,879767.800000000,9,0.000351372,2.004026879,False,True,3,0,5,7,354967.800000000,0.808582688,0.328018223,0.887355590,0.585627469,0.586777786,0.600000000,0.000000000,0.561348839
100000008732098100,peripheral,0.200000000,2,0.165398745,Гип. peripheral; d=1; контр. в/из=1/0; KZT в/из=15677/0; tx=1/0; роль не определена; баланс неизвестен,1,False,1,15677.000000000,1,0,0.000000000,0,0.000287303,0.000000000,False,False,1,1,1,0,0.000000000,0.000000000,1.000000000,0.626259052,0.176291434,0.150190483,0.200000000,0.000000000,0.275664575
100000008732488100,peripheral,0.200000000,4,0.198601887,Гип. peripheral; d=3; контр. в/из=1/1; KZT в/из=137000/10000; tx=1/1; роль не определена; баланс неизвестен,3,False,1,137000.000000000,1,1,10000.000000000,1,0.000311692,0.072992701,False,False,1,0,1,1,0.000000000,0.000000000,0.000000000,0.766793054,0.176291434,0.238046284,0.200000000,0.000000000,0.331003146
100000008733049100,peripheral,0.200000000,16,0.196152491,Гип. peripheral; d=2; контр. в/из=1/0; KZT в/из=10000/0; tx=1/0; роль не определена; баланс неизвестен,2,False,1,10000.000000000,1,0,0.000000000,0,0.000287194,0.000000000,False,False,3,0,1,0,0.000000000,0.000000000,1.000000000,0.597113194,0.176291434,0.150190483,0.600000000,0.000000000,0.326920818
100000008733194100,peripheral,0.200000000,13,0.334186956,Гип. peripheral; d=2; контр. в/из=4/8; KZT в/из=251424/159695; tx=4/8; роль не определена; баланс неизвестен,2,False,4,251424.000000000,4,8,159695.000000000,8,0.000467906,0.635162117,False,False,4,0,3,6,43000.000000000,0.171025837,1.000000000,0.806155034,0.558830625,0.555770829,0.800000000,0.000000000,0.556978260
100000008734279100,peripheral,0.150000000,4,0.166363442,Гип. peripheral; d=4; контр. в/из=1/0; KZT в/из=31650/0; tx=1/0; роль не определена; обрыв d=4; дальнейший выход неизвестен,4,False,1,31650.000000000,1,0,0.000000000,0,0.000299695,,True,False,1,0,1,0,0.000000000,0.000000000,1.000000000,0.671802885,0.176291434,0.150190483,0.200000000,0.000000000,0.289327725
100000008734364100,peripheral,0.200000000,2,0.171391442,Гип. peripheral; d=2; контр. в/из=1/0; KZT в/из=26200/0; tx=1/0; роль не определена; баланс неизвестен,2,False,1,26200.000000000,1,0,0.000000000,0,0.000292869,0.000000000,False,False,1,0,1,0,0.000000000,0.000000000,1.000000000,0.659551813,0.176291434,0.150190483,0.200000000,0.000000000,0.285652403
100000008735384100,peripheral,0.200000000,2,0.176099053,Гип. peripheral; d=1; контр. в/из=1/0; KZT в/из=39220/0; tx=1/0; роль не определена; баланс неизвестен,1,False,1,39220.000000000,1,0,0.000000000,0,0.000292207,0.000000000,False,False,1,1,1,0,0.000000000,0.000000000,1.000000000,0.685705205,0.176291434,0.150190483,0.200000000,0.000000000,0.293498421
100000008735802100,peripheral,0.150000000,1,0.202238794,Гип. peripheral; d=4; контр. в/из=1/0; KZT в/из=85000/0; tx=2/0; роль не определена; обрыв d=4; дальнейший выход неизвестен,4,False,1,85000.000000000,2,0,0.000000000,0,0.000505714,,True,False,2,0,2,0,0.000000000,0.000000000,0.470588235,0.735848043,0.176291434,0.238046284,0.400000000,0.000000000,0.351719643
100000008735832100,peripheral,0.200000000,2,0.166748863,Гип. peripheral; d=3; контр. в/из=1/0; KZT в/из=17600/0; tx=1/0; роль не определена; баланс неизвестен,3,False,1,17600.000000000,1,0,0.000000000,0,0.000286764,0.000000000,False,False,1,0,1,0,0.000000000,0.000000000,1.000000000,0.633759710,0.176291434,0.150190483,0.200000000,0.000000000,0.277914772
100000008736173100,peripheral,0.200000000,2,0.173377055,Гип. peripheral; d=1; контр. в/из=1/0; KZT в/из=31060/0; tx=1/0; роль не определена; баланс неизвестен,1,False,1,31060.000000000,1,0,0.000000000,0,0.000290507,0.000000000,False,False,1,1,1,0,0.000000000,0.000000000,1.000000000,0.670582996,0.176291434,0.150190483,0.200000000,0.000000000,0.288961758
100000008736394100,peripheral,0.200000000,2,0.165636716,Гип. peripheral; d=2; контр. в/из=1/0; KZT в/из=16000/0; tx=1/0; роль не определена; баланс неизвестен,2,False,1,16000.000000000,1,0,0.000000000,0,0.000289430,0.000000000,False,False,1,0,1,0,0.000000000,0.000000000,1.000000000,0.627581116,0.176291434,0.150190483,0.200000000,0.000000000,0.276061194
100000008736760100,peripheral,0.200000000,2,0.179993264,Гип. peripheral; d=1; контр. в/из=1/0; KZT в/из=54757/0; tx=1/0; роль не определена; баланс неизвестен,1,False,1,54757.000000000,1,0,0.000000000,0,0.000295444,0.000000000,False,False,1,1,1,0,0.000000000,0.000000000,1.000000000,0.707339712,0.176291434,0.150190483,0.200000000,0.000000000,0.299988773
100000008736940100,peripheral,0.200000000,41,0.270659025,Гип. peripheral; d=1; контр. в/из=3/3; KZT в/из=451090/182100; tx=13/6; роль не определена; баланс неизвестен,1,False,3,451090.000000000,13,3,182100.000000000,6,0.002538320,0.403688843,False,False,1,1,7,3,92490.000000000,0.205036689,0.246048460,0.844049770,0.352582869,0.649112469,0.200000000,0.000000000,0.451098375
100000008737422100,peripheral,0.200000000,2,0.183956596,Гип. peripheral; d=1; контр. в/из=1/0; KZT в/из=76903/0; tx=1/0; роль не определена; баланс неизвестен,1,False,1,76903.000000000,1,0,0.000000000,0,0.000300057,0.000000000,False,False,1,1,1,0,0.000000000,0.000000000,1.000000000,0.729358224,0.176291434,0.150190483,0.200000000,0.000000000,0.306594327
100000008737514100,peripheral,0.200000000,16,0.221124763,Гип. peripheral; d=2; контр. в/из=1/0; KZT в/из=85000/0; tx=1/0; роль не определена; баланс неизвестен,2,False,1,85000.000000000,1,0,0.000000000,0,0.000310871,0.000000000,False,False,3,0,1,0,0.000000000,0.000000000,0.000000000,0.735848043,0.176291434,0.150190483,0.600000000,0.000000000,0.368541272
100000008737958100,peripheral,0.200000000,2,0.199976418,Гип. peripheral; d=1; контр. в/из=2/0; KZT в/из=53373/0; tx=2/0; роль не определена; баланс неизвестен,1,False,2,53373.000000000,2,0,0.000000000,0,0.000297988,0.000000000,False,False,1,1,2,0,0.000000000,0.000000000,0.587806569,0.705680080,0.279415313,0.238046284,0.200000000,0.000000000,0.333294029
100000008738325100,peripheral,0.200000000,20,0.187737837,Гип. peripheral; d=0; контр. в/из=1/1; KZT в/из=36550/54000; tx=1/1; роль не определена; seed: вход неполон; баланс неизвестен,0,True,1,36550.000000000,1,1,54000.000000000,1,0.000525469,,False,True,1,1,1,1,0.000000000,0.000000000,1.000000000,0.706437219,0.176291434,0.238046284,0.200000000,0.000000000,0.312896395
100000008738526100,peripheral,0.200000000,18,0.198854662,Гип. peripheral; d=3; контр. в/из=1/1; KZT в/из=15000/140000; tx=1/1; роль не определена; выход>1.2 входа: пропуски/начальный остаток,3,False,1,15000.000000000,1,1,140000.000000000,1,0.000285908,9.333333333,False,True,1,0,1,1,0.000000000,0.000000000,1.000000000,0.768197360,0.176291434,0.238046284,0.200000000,0.000000000,0.331424437
100000008738658100,peripheral,0.200000000,2,0.172940707,Гип. peripheral; d=3; контр. в/из=1/0; KZT в/из=29920/0; tx=1/0; роль не определена; баланс неизвестен,3,False,1,29920.000000000,1,0,0.000000000,0,0.000288673,0.000000000,False,False,1,0,1,0,0.000000000,0.000000000,1.000000000,0.668158843,0.176291434,0.150190483,0.200000000,0.000000000,0.288234512
100000008739887100,peripheral,0.200000000,4,0.251909506,Гип. peripheral; d=3; контр. в/из=2/2; KZT в/из=214000/307000; tx=3/2; роль не определена; выход>1.2 входа: пропуски/начальный остаток,3,False,2,214000.000000000,3,2,307000.000000000,2,0.000331386,1.434579439,False,True,2,0,3,2,73000.000000000,0.341121495,0.658878505,0.819101999,0.279415313,0.388236767,0.400000000,0.000000000,0.419849177
100000008740295100,peripheral,0.150000000,9,0.208764597,Гип. peripheral; d=4; контр. в/из=1/0; KZT в/из=300000/0; tx=1/0; роль не определена; обрыв d=4; дальнейший выход неизвестен,4,False,1,300000.000000000,1,0,0.000000000,0,0.000323232,,True,False,2,0,1,0,0.000000000,0.000000000,0.000000000,0.817606681,0.176291434,0.150190483,0.400000000,0.000000000,0.363068864
100000008740793100,peripheral,0.200000000,2,0.168809848,Гип. peripheral; d=3; контр. в/из=1/0; KZT в/из=21000/0; tx=1/0; роль не определена; баланс неизвестен,3,False,1,21000.000000000,1,0,0.000000000,0,0.000287291,0.000000000,False,False,1,0,1,0,0.000000000,0.000000000,1.000000000,0.645209624,0.176291434,0.150190483,0.200000000,0.000000000,0.281349747
100000008741372100,peripheral,0.200000000,2,0.175091279,Гип. peripheral; d=1; контр. в/из=1/0; KZT в/из=35975/0; tx=1/0; роль не определена; баланс неизвестен,1,False,1,35975.000000000,1,0,0.000000000,0,0.000291531,0.000000000,False,False,1,1,1,0,0.000000000,0.000000000,1.000000000,0.680106466,0.176291434,0.150190483,0.200000000,0.000000000,0.291818799
100000008742053100,peripheral,0.200000000,14,0.338935192,Гип. peripheral; d=3; контр. в/из=1/12; KZT в/из=10000/2789000; tx=1/12; роль не определена; выход>1.2 входа: пропуски/начальный остаток,3,False,1,10000.000000000,1,12,2789000.000000000,12,0.000284738,278.900000000,False,True,2,0,1,6,0.000000000,0.000000000,1.000000000,0.962155164,0.652355826,0.571828476,0.400000000,0.000000000,0.564891986
100000008742266100,peripheral,0.200000000,2,0.168809848,Гип. peripheral; d=2; контр. в/из=1/0; KZT в/из=21000/0; tx=1/0; роль не определена; баланс неизвестен,2,False,1,21000.000000000,1,0,0.000000000,0,0.000291116,0.000000000,False,False,1,0,1,0,0.000000000,0.000000000,1.000000000,0.645209624,0.176291434,0.150190483,0.200000000,0.000000000,0.281349747
100000008743913100,peripheral,0.200000000,18,0.394196763,Гип. peripheral; d=2; контр. в/из=3/13; KZT в/из=149300/1850600; tx=3/13; роль не определена; выход>1.2 входа: пропуски/начальный остаток,2,False,3,149300.000000000,3,13,1850600.000000000,13,0.000330270,12.395177495,False,True,6,0,2,5,99000.000000000,0.663094441,0.060281313,0.935563632,0.671204060,0.613898019,1.000000000,0.000000000,0.656994605
100000008744364100,peripheral,0.200000000,2,0.170221230,Гип. peripheral; d=3; контр. в/из=1/0; KZT в/из=23700/0; tx=1/0; роль не определена; баланс неизвестен,3,False,1,23700.000000000,1,0,0.000000000,0,0.000287709,0.000000000,False,False,1,0,1,0,0.000000000,0.000000000,1.000000000,0.653050635,0.176291434,0.150190483,0.200000000,0.000000000,0.283702050
100000008744799100,peripheral,0.200000000,2,0.162849186,Гип. peripheral; d=3; контр. в/из=1/0; KZT в/из=12600/0; tx=1/0; роль не определена; баланс неизвестен,3,False,1,12600.000000000,1,0,0.000000000,0,0.000285989,0.000000000,False,False,1,0,1,0,0.000000000,0.000000000,1.000000000,0.612094838,0.176291434,0.150190483,0.200000000,0.000000000,0.271415311
100000008744849100,peripheral,0.200000000,2,0.177558460,Гип. peripheral; d=1; контр. в/из=1/0; KZT в/из=44445/0; tx=1/0; роль не определена; баланс неизвестен,1,False,1,44445.000000000,1,0,0.000000000,0,0.000293296,0.000000000,False,False,1,1,1,0,0.000000000,0.000000000,1.000000000,0.693813022,0.176291434,0.150190483,0.200000000,0.000000000,0.295930766
100000008745474100,peripheral,0.200000000,2,0.176490795,Гип. peripheral; d=1; контр. в/из=1/0; KZT в/из=40559/0; tx=1/0; роль не определена; баланс неизвестен,1,False,1,40559.000000000,1,0,0.000000000,0,0.000292486,0.000000000,False,False,1,1,1,0,0.000000000,0.000000000,1.000000000,0.687881552,0.176291434,0.150190483,0.200000000,0.000000000,0.294151325
100000008745489100,peripheral,0.200000000,2,0.180158736,Гип. peripheral; d=1; контр. в/из=1/0; KZT в/из=55539/0; tx=1/0; роль не определена; баланс неизвестен,1,False,1,55539.000000000,1,0,0.000000000,0,0.000295607,0.000000000,False,False,1,1,1,0,0.000000000,0.000000000,1.000000000,0.708259003,0.176291434,0.150190483,0.200000000,0.000000000,0.300264560
100000008745643100,peripheral,0.200000000,2,0.168421726,Гип. peripheral; d=1; контр. в/из=1/0; KZT в/из=20313/0; tx=1/0; роль не определена; баланс неизвестен,1,False,1,20313.000000000,1,0,0.000000000,0,0.000288269,0.000000000,False,False,1,1,1,0,0.000000000,0.000000000,1.000000000,0.643053393,0.176291434,0.150190483,0.200000000,0.000000000,0.280702877
100000008745676100,peripheral,0.150000000,2,0.167342864,Гип. peripheral; d=4; контр. в/из=1/0; KZT в/из=34547/0; tx=1/0; роль не определена; обрыв d=4; дальнейший выход неизвестен,4,False,1,34547.000000000,1,0,0.000000000,0,0.000527191,,True,False,1,0,1,0,0.000000000,0.000000000,1.000000000,0.677480695,0.176291434,0.150190483,0.200000000,0.000000000,0.291031068
100000008745725100,peripheral,0.200000000,2,0.178225596,Гип. peripheral; d=1; контр. в/из=1/0; KZT в/из=47060/0; tx=1/0; роль не определена; баланс неизвестен,1,False,1,47060.000000000,1,0,0.000000000,0,0.000293840,0.000000000,False,False,1,1,1,0,0.000000000,0.000000000,1.000000000,0.697519333,0.176291434,0.150190483,0.200000000,0.000000000,0.297042659
100000008745863100,peripheral,0.200000000,2,0.169820541,Гип. peripheral; d=3; контр. в/из=1/0; KZT в/из=22900/0; tx=1/0; роль не определена; баланс неизвестен,3,False,1,22900.000000000,1,0,0.000000000,0,0.000287585,0.000000000,False,False,1,0,1,0,0.000000000,0.000000000,1.000000000,0.650824588,0.176291434,0.150190483,0.200000000,0.000000000,0.283034236
100000008745884100,peripheral,0.200000000,2,0.168240523,Гип. peripheral; d=3; контр. в/из=1/0; KZT в/из=20000/0; tx=1/0; роль не определена; баланс неизвестен,3,False,1,20000.000000000,1,0,0.000000000,0,0.000287136,0.000000000,False,False,1,0,1,0,0.000000000,0.000000000,1.000000000,0.642046710,0.176291434,0.150190483,0.200000000,0.000000000,0.280400872
100000008746025100,peripheral,0.200000000,2,0.169352684,Гип. peripheral; d=1; контр. в/из=1/0; KZT в/из=22000/0; tx=1/0; роль не определена; баланс неизвестен,1,False,1,22000.000000000,1,0,0.000000000,0,0.000288620,0.000000000,False,False,1,1,1,0,0.000000000,0.000000000,1.000000000,0.648225378,0.176291434,0.150190483,0.200000000,0.000000000,0.282254473
100000008746449100,peripheral,0.200000000,9,0.336966010,Гип. peripheral; d=3; контр. в/из=1/10; KZT в/из=10000/1009000; tx=1/10; роль не определена; выход>1.2 входа: пропуски/начальный остаток,3,False,1,10000.000000000,1,10,1009000.000000000,10,0.000285463,100.900000000,False,True,3,0,1,4,0.000000000,0.000000000,1.000000000,0.896240992,0.609868162,0.538427250,0.600000000,0.000000000,0.561610017
100000008746673100,peripheral,0.200000000,2,0.179623257,Гип. peripheral; d=1; контр. в/из=1/0; KZT в/из=53048/0; tx=1/0; роль не определена; баланс неизвестен,1,False,1,53048.000000000,1,0,0.000000000,0,0.000295088,0.000000000,False,False,1,1,1,0,0.000000000,0.000000000,1.000000000,0.705284116,0.176291434,0.150190483,0.200000000,0.000000000,0.299372094
100000008747113100,peripheral,0.200000000,6,0.287262673,Гип. peripheral; d=1; контр. в/из=2/0; KZT в/из=197801/0; tx=2/0; роль не определена; баланс неизвестен,1,False,2,197801.000000000,2,0,0.000000000,0,0.000305809,0.000000000,False,False,5,1,1,0,0.000000000,0.000000000,0.000000000,0.790603721,0.279415313,0.238046284,1.000000000,0.000000000,0.478771121
100000008748408100,distributor,0.600000000,7,0.582747824,Гип. distributor; d=1; контр. в/из=1/21; KZT в/из=360000/1499960; tx=2/22; дней выхода=6; выход>1.2 входа: пропуски/начальный остаток,1,False,1,360000.000000000,2,21,1499960.000000000,22,0.000332206,4.166555556,False,True,1,1,2,6,360000.000000000,1.000000000,0.000000000,0.921944699,0.786159597,0.697463005,0.200000000,0.800000000,0.728434780
100000008748795100,peripheral,0.200000000,1,0.196224852,Гип. peripheral; d=3; контр. в/из=1/0; KZT в/из=47057/0; tx=1/0; роль не определена; баланс неизвестен,3,False,1,47057.000000000,1,0,0.000000000,0,0.000286669,0.000000000,False,False,2,0,1,0,0.000000000,0.000000000,1.000000000,0.697515200,0.176291434,0.150190483,0.400000000,0.000000000,0.327041419
100000008748914100,distributor,0.600000000,3,0.586944453,Гип. distributor; d=1; контр. в/из=2/13; KZT в/из=180000/4471847; tx=9/21; дней выхода=7; выход>1.2 входа: пропуски/начальный остаток,1,False,2,180000.000000000,9,13,4471847.000000000,21,0.000785948,24.843594444,False,True,1,1,5,7,180000.000000000,1.000000000,0.000000000,0.992762610,0.671204060,0.744073138,0.200000000,0.800000000,0.733680566
100000008749063100,peripheral,0.200000000,2,0.167641992,Гип. peripheral; d=1; контр. в/из=1/0; KZT в/из=19000/0; tx=1/0; роль не определена; баланс неизвестен,1,False,1,19000.000000000,1,0,0.000000000,0,0.000287995,0.000000000,False,False,1,1,1,0,0.000000000,0.000000000,1.000000000,0.638721535,0.176291434,0.150190483,0.200000000,0.000000000,0.279403320
100000008749405100,peripheral,0.200000000,2,0.175466318,Гип. peripheral; d=3; контр. в/из=1/0; KZT в/из=37150/0; tx=1/0; роль не определена; баланс неизвестен,3,False,1,37150.000000000,1,0,0.000000000,0,0.000289793,0.000000000,False,False,1,0,1,0,0.000000000,0.000000000,1.000000000,0.682190015,0.176291434,0.150190483,0.200000000,0.000000000,0.292443864
100000008749406100,peripheral,0.200000000,2,0.166442552,Гип. peripheral; d=1; контр. в/из=1/0; KZT в/из=17144/0; tx=1/0; роль не определена; баланс неизвестен,1,False,1,17144.000000000,1,0,0.000000000,0,0.000287609,0.000000000,False,False,1,1,1,0,0.000000000,0.000000000,1.000000000,0.632057978,0.176291434,0.150190483,0.200000000,0.000000000,0.277404253
100000008749618100,peripheral,0.200000000,2,0.178280020,Гип. peripheral; d=1; контр. в/из=1/0; KZT в/из=47280/0; tx=1/0; роль не определена; баланс неизвестен,1,False,1,47280.000000000,1,0,0.000000000,0,0.000293886,0.000000000,False,False,1,1,1,0,0.000000000,0.000000000,1.000000000,0.697821693,0.176291434,0.150190483,0.200000000,0.000000000,0.297133367
100000008749900100,peripheral,0.200000000,2,0.166446635,Гип. peripheral; d=3; контр. в/из=1/0; KZT в/из=17150/0; tx=1/0; роль не определена; баланс неизвестен,3,False,1,17150.000000000,1,0,0.000000000,0,0.000286694,0.000000000,False,False,1,0,1,0,0.000000000,0.000000000,1.000000000,0.632080662,0.176291434,0.150190483,0.200000000,0.000000000,0.277411058
100000008749989100,peripheral,0.200000000,2,0.165636716,Гип. peripheral; d=2; контр. в/из=1/0; KZT в/из=16000/0; tx=1/0; роль не определена; баланс неизвестен,2,False,1,16000.000000000,1,0,0.000000000,0,0.000289430,0.000000000,False,False,1,0,1,0,0.000000000,0.000000000,1.000000000,0.627581116,0.176291434,0.150190483,0.200000000,0.000000000,0.276061194
100000008750464100,peripheral,0.200000000,2,0.158256197,Гип. peripheral; d=3; контр. в/из=1/0; KZT в/из=8500/0; tx=1/0; роль не определена; баланс неизвестен,3,False,1,8500.000000000,1,0,0.000000000,0,0.000285354,0.000000000,False,False,1,0,1,0,0.000000000,0.000000000,1.000000000,0.586578230,0.176291434,0.150190483,0.200000000,0.000000000,0.263760328
100000008751349100,peripheral,0.200000000,26,0.161914441,Гип. peripheral; d=3; контр. в/из=1/0; KZT в/из=11630/0; tx=1/0; роль не определена; баланс неизвестен,3,False,1,11630.000000000,1,0,0.000000000,0,0.000286928,0.000000000,False,False,1,0,1,0,0.000000000,0.000000000,1.000000000,0.606901807,0.176291434,0.150190483,0.200000000,0.000000000,0.269857402
100000008751380100,peripheral,0.200000000,9,0.275780493,Гип. peripheral; d=3; контр. в/из=2/0; KZT в/из=345780/0; tx=2/0; роль не определена; баланс неизвестен,3,False,2,345780.000000000,2,0,0.000000000,0,0.000311180,0.000000000,False,False,4,0,2,0,0.000000000,0.000000000,0.022499855,0.826813831,0.279415313,0.238046284,0.800000000,0.000000000,0.459634154
100000008751429100,consolidator,0.590000000,41,0.470739170,Гип. consolidator; d=1; контр. в/из=3/1; KZT в/из=386200/72600; tx=6/2; seed-вход=1; баланс неизвестен,1,False,3,386200.000000000,6,1,72600.000000000,2,0.001577123,0.187985500,False,False,1,1,4,2,72600.000000000,0.187985500,0.347488348,0.833980943,0.352582869,0.476092568,0.200000000,0.850000000,0.592124742
100000008752616100,peripheral,0.200000000,9,0.344329869,Гип. peripheral; d=2; контр. в/из=2/7; KZT в/из=64510/1265000; tx=2/7; роль не определена; выход>1.2 входа: пропуски/начальный остаток,2,False,2,64510.000000000,2,7,1265000.000000000,7,0.000311345,19.609362889,False,True,4,0,2,3,54510.000000000,0.844985274,0.155014726,0.910899853,0.528874303,0.498921986,0.800000000,0.000000000,0.573883114
100000008753061100,peripheral,0.200000000,2,0.180239331,Гип. peripheral; d=3; контр. в/из=1/0; KZT в/из=28400/0; tx=2/0; роль не определена; баланс неизвестен,3,False,1,28400.000000000,2,0,0.000000000,0,0.000288437,0.000000000,False,False,1,0,2,0,0.000000000,0.000000000,0.517605634,0.664778850,0.176291434,0.238046284,0.200000000,0.000000000,0.300398884
100000008753193100,peripheral,0.200000000,2,0.174845433,Гип. peripheral; d=1; контр. в/из=1/0; KZT в/из=35225/0; tx=1/0; роль не определена; баланс неизвестен,1,False,1,35225.000000000,1,0,0.000000000,0,0.000291375,0.000000000,False,False,1,1,1,0,0.000000000,0.000000000,1.000000000,0.678740652,0.176291434,0.150190483,0.200000000,0.000000000,0.291409055
100000008753897100,peripheral,0.200000000,2,0.170392296,Гип. peripheral; d=3; контр. в/из=1/0; KZT в/из=24050/0; tx=1/0; роль не определена; баланс неизвестен,3,False,1,24050.000000000,1,0,0.000000000,0,0.000287763,0.000000000,False,False,1,0,1,0,0.000000000,0.000000000,1.000000000,0.654001000,0.176291434,0.150190483,0.200000000,0.000000000,0.283987159
100000008754608100,peripheral,0.200000000,2,0.162568005,Гип. peripheral; d=3; контр. в/из=1/0; KZT в/из=12300/0; tx=1/0; роль не определена; баланс неизвестен,3,False,1,12300.000000000,1,0,0.000000000,0,0.000285943,0.000000000,False,False,1,0,1,0,0.000000000,0.000000000,0.000000000,0.610532718,0.176291434,0.150190483,0.200000000,0.000000000,0.270946675
100000008754747100,peripheral,0.200000000,2,0.177832216,Гип. peripheral; d=3; контр. в/из=1/0; KZT в/из=45500/0; tx=1/0; роль не определена; баланс неизвестен,3,False,1,45500.000000000,1,0,0.000000000,0,0.000291087,0.000000000,False,False,1,0,1,0,0.000000000,0.000000000,1.000000000,0.695333891,0.176291434,0.150190483,0.200000000,0.000000000,0.296387027
100000008754997100,peripheral,0.200000000,2,0.167011094,Гип. peripheral; d=3; контр. в/из=1/0; KZT в/из=18000/0; tx=1/0; роль не определена; баланс неизвестен,3,False,1,18000.000000000,1,0,0.000000000,0,0.000286826,0.000000000,False,False,1,0,1,0,0.000000000,0.000000000,1.000000000,0.635216544,0.176291434,0.150190483,0.200000000,0.000000000,0.278351823
100000008755168100,peripheral,0.200000000,2,0.166748863,Гип. peripheral; d=3; контр. в/из=1/0; KZT в/из=17600/0; tx=1/0; роль не определена; баланс неизвестен,3,False,1,17600.000000000,1,0,0.000000000,0,0.000286764,0.000000000,False,False,1,0,1,0,0.000000000,0.000000000,1.000000000,0.633759710,0.176291434,0.150190483,0.200000000,0.000000000,0.277914772
100000008755361100,peripheral,0.200000000,2,0.164589811,Гип. peripheral; d=1; контр. в/из=1/0; KZT в/из=14627/0; tx=1/0; роль не определена; баланс неизвестен,1,False,1,14627.000000000,1,0,0.000000000,0,0.000287084,0.000000000,False,False,1,1,1,0,0.000000000,0.000000000,1.000000000,0.621764972,0.176291434,0.150190483,0.200000000,0.000000000,0.274316351
100000008755580100,peripheral,0.200000000,2,0.165636716,Гип. peripheral; d=3; контр. в/из=1/0; KZT в/из=16000/0; tx=1/0; роль не определена; баланс неизвестен,3,False,1,16000.000000000,1,0,0.000000000,0,0.000286516,0.000000000,False,False,1,0,1,0,0.000000000,0.000000000,1.000000000,0.627581116,0.176291434,0.150190483,0.200000000,0.000000000,0.276061194
100000008755754100,peripheral,0.200000000,14,0.155990806,Гип. peripheral; d=3; контр. в/из=1/0; KZT в/из=7000/0; tx=1/0; роль не определена; баланс неизвестен,3,False,1,7000.000000000,1,0,0.000000000,0,0.000294297,0.000000000,False,False,1,0,1,0,0.000000000,0.000000000,0.000000000,0.573992722,0.176291434,0.150190483,0.200000000,0.000000000,0.259984676
100000008757301100,peripheral,0.150000000,1,0.186167394,Гип. peripheral; d=4; контр. в/из=1/0; KZT в/из=58398/0; tx=3/0; роль не определена; обрыв d=4; дальнейший выход неизвестен,4,False,1,58398.000000000,3,0,0.000000000,0,0.000527411,,True,False,1,0,3,0,0.000000000,0.000000000,0.000000000,0.711513165,0.176291434,0.300380966,0.200000000,0.000000000,0.323769381
100000008757369100,peripheral,0.200000000,1,0.198613177,Гип. peripheral; d=3; контр. в/из=1/1; KZT в/из=25961/58398; tx=1/3; роль не определена; выход>1.2 входа: пропуски/начальный остаток,3,False,1,25961.000000000,1,1,58398.000000000,3,0.000286322,2.249451100,False,True,1,0,1,3,25961.000000000,1.000000000,0.000000000,0.711513165,0.176291434,0.348731503,0.200000000,0.000000000,0.331021962
100000008758106100,peripheral,0.150000000,9,0.170729470,Гип. peripheral; d=4; контр. в/из=1/0; KZT в/из=10000/0; tx=1/0; роль не определена; обрыв d=4; дальнейший выход неизвестен,4,False,1,10000.000000000,1,0,0.000000000,0,0.000285344,,True,False,2,0,1,0,0.000000000,0.000000000,0.000000000,0.597113194,0.176291434,0.150190483,0.400000000,0.000000000,0.296920818
100000008758168100,peripheral,0.200000000,18,0.351445107,Гип. peripheral; d=2; контр. в/из=2/5; KZT в/из=75410/1533600; tx=2/5; роль не определена; выход>1.2 входа: пропуски/начальный остаток,2,False,2,75410.000000000,2,5,1533600.000000000,5,0.000316616,20.336825355,False,True,5,0,2,4,0.000000000,0.000000000,0.000000000,0.923382594,0.455706747,0.450571450,1.000000000,0.000000000,0.585741845
100000008758607100,peripheral,0.150000000,9,0.162978998,Гип. peripheral; d=4; контр. в/из=1/0; KZT в/из=5000/0; tx=1/0; роль не определена; обрыв d=4; дальнейший выход неизвестен,4,False,1,5000.000000000,1,0,0.000000000,0,0.000284691,,True,False,2,0,1,0,0.000000000,0.000000000,0.000000000,0.552182918,0.176291434,0.150190483,0.400000000,0.000000000,0.283441735
100000008759795100,peripheral,0.150000000,8,0.159413122,Гип. peripheral; d=4; контр. в/из=1/0; KZT в/из=17000/0; tx=1/0; роль не определена; обрыв d=4; дальнейший выход неизвестен,4,False,1,17000.000000000,1,0,0.000000000,0,0.000293075,,True,False,1,0,1,0,0.000000000,0.000000000,0.000000000,0.631511174,0.176291434,0.150190483,0.200000000,0.000000000,0.277240212
100000008759857100,peripheral,0.200000000,18,0.280064269,Гип. peripheral; d=3; контр. в/из=1/2; KZT в/из=5000/994000; tx=1/3; роль не определена; выход>1.2 входа: пропуски/начальный остаток,3,False,1,5000.000000000,1,2,994000.000000000,3,0.000284796,198.800000000,False,True,3,0,1,2,0.000000000,0.000000000,0.000000000,0.895269980,0.279415313,0.348731503,0.600000000,0.000000000,0.466773782
100000008760098100,peripheral,0.200000000,18,0.246809967,Гип. peripheral; d=3; контр. в/из=1/1; KZT в/из=7000/390000; tx=1/1; роль не определена; выход>1.2 входа: пропуски/начальный остаток,3,False,1,7000.000000000,1,1,390000.000000000,1,0.000285099,55.714285714,False,True,3,0,1,1,0.000000000,0.000000000,0.000000000,0.834615716,0.176291434,0.238046284,0.600000000,0.000000000,0.411349944
100000008761132100,peripheral,0.150000000,9,0.170729470,Гип. peripheral; d=4; контр. в/из=1/0; KZT в/из=10000/0; tx=1/0; роль не определена; обрыв d=4; дальнейший выход неизвестен,4,False,1,10000.000000000,1,0,0.000000000,0,0.000285344,,True,False,2,0,1,0,0.000000000,0.000000000,0.000000000,0.597113194,0.176291434,0.150190483,0.400000000,0.000000000,0.296920818
100000008761219100,peripheral,0.200000000,46,0.286688820,Гип. peripheral; d=3; контр. в/из=2/2; KZT в/из=50000/375000; tx=2/2; роль не определена; выход>1.2 входа: пропуски/начальный остаток,3,False,2,50000.000000000,2,2,375000.000000000,2,0.000291260,7.500000000,False,True,4,0,2,2,35000.000000000,0.700000000,0.000000000,0.832073043,0.279415313,0.348731503,0.800000000,0.000000000,0.477814701
100000008761220100,peripheral,0.150000000,9,0.170729470,Гип. peripheral; d=4; контр. в/из=1/0; KZT в/из=10000/0; tx=1/0; роль не определена; обрыв d=4; дальнейший выход неизвестен,4,False,1,10000.000000000,1,0,0.000000000,0,0.000285344,,True,False,2,0,1,0,0.000000000,0.000000000,0.000000000,0.597113194,0.176291434,0.150190483,0.400000000,0.000000000,0.296920818
100000008762005100,peripheral,0.150000000,9,0.145728998,Гип. peripheral; d=4; контр. в/из=1/0; KZT в/из=5000/0; tx=1/0; роль не определена; обрыв d=4; дальнейший выход неизвестен,4,False,1,5000.000000000,1,0,0.000000000,0,0.000285240,,True,False,1,0,1,0,0.000000000,0.000000000,0.000000000,0.552182918,0.176291434,0.150190483,0.200000000,0.000000000,0.253441735
100000008762728100,peripheral,0.200000000,5,0.202361960,Гип. peripheral; d=2; контр. в/из=1/0; KZT в/из=17026/0; tx=1/0; роль не определена; баланс неизвестен,2,False,1,17026.000000000,1,0,0.000000000,0,0.000315958,0.000000000,False,False,3,0,1,0,0.000000000,0.000000000,0.000000000,0.631610244,0.176291434,0.150190483,0.600000000,0.000000000,0.337269933
100000008762832100,peripheral,0.200000000,3,0.213176906,Гип. peripheral; d=2; контр. в/из=1/1; KZT в/из=150000/85000; tx=1/4; роль не определена; баланс неизвестен,2,False,1,150000.000000000,1,1,85000.000000000,4,0.000306446,0.566666667,False,False,1,0,1,1,0.000000000,0.000000000,0.000000000,0.772670139,0.176291434,0.388236767,0.200000000,0.000000000,0.355294844
100000008762843100,peripheral,0.150000000,9,0.149491189,Гип. peripheral; d=4; контр. в/из=1/0; KZT в/из=7000/0; tx=1/0; роль не определена; обрыв d=4; дальнейший выход неизвестен,4,False,1,7000.000000000,1,0,0.000000000,0,0.000285721,,True,False,1,0,1,0,0.000000000,0.000000000,0.000000000,0.573992722,0.176291434,0.150190483,0.200000000,0.000000000,0.259984676
100000008762885100,peripheral,0.150000000,9,0.149491189,Гип. peripheral; d=4; контр. в/из=1/0; KZT в/из=7000/0; tx=1/0; роль не определена; обрыв d=4; дальнейший выход неизвестен,4,False,1,7000.000000000,1,0,0.000000000,0,0.000285721,,True,False,1,0,1,0,0.000000000,0.000000000,0.000000000,0.573992722,0.176291434,0.150190483,0.200000000,0.000000000,0.259984676
100000008763688100,peripheral,0.200000000,2,0.168809848,Гип. peripheral; d=3; контр. в/из=1/0; KZT в/из=21000/0; tx=1/0; роль не определена; баланс неизвестен,3,False,1,21000.000000000,1,0,0.000000000,0,0.000287291,0.000000000,False,False,1,0,1,0,0.000000000,0.000000000,0.000000000,0.645209624,0.176291434,0.150190483,0.200000000,0.000000000,0.281349747
100000008764436100,peripheral,0.200000000,2,0.163303271,Гип. peripheral; d=2; контр. в/из=1/0; KZT в/из=13100/0; tx=1/0; роль не определена; баланс неизвестен,2,False,1,13100.000000000,1,0,0.000000000,0,0.000288453,0.000000000,False,False,1,0,1,0,0.000000000,0.000000000,0.000000000,0.614617529,0.176291434,0.150190483,0.200000000,0.000000000,0.272172118
100000008764654100,peripheral,0.200000000,2,0.171369152,Гип. peripheral; d=3; контр. в/из=1/0; KZT в/из=26150/0; tx=1/0; роль не определена; баланс неизвестен,3,False,1,26150.000000000,1,0,0.000000000,0,0.000288089,0.000000000,False,False,1,0,1,0,0.000000000,0.000000000,0.000000000,0.659427978,0.176291434,0.150190483,0.200000000,0.000000000,0.285615253
100000008765494100,peripheral,0.200000000,2,0.170368011,Гип. peripheral; d=2; контр. в/из=1/0; KZT в/из=24000/0; tx=1/0; роль не определена; баланс неизвестен,2,False,1,24000.000000000,1,0,0.000000000,0,0.000292127,0.000000000,False,False,1,0,1,0,0.000000000,0.000000000,0.000000000,0.653866083,0.176291434,0.150190483,0.200000000,0.000000000,0.283946684
100000008765627100,peripheral,0.200000000,7,0.181060288,Гип. peripheral; d=2; контр. в/из=1/0; KZT в/из=60000/0; tx=1/0; роль не определена; баланс неизвестен,2,False,1,60000.000000000,1,0,0.000000000,0,0.000295333,0.000000000,False,False,1,0,1,0,0.000000000,0.000000000,0.000000000,0.713267625,0.176291434,0.150190483,0.200000000,0.000000000,0.301767147
100000008766031100,peripheral,0.150000000,9,0.162978998,Гип. peripheral; d=4; контр. в/из=1/0; KZT в/из=5000/0; tx=1/0; роль не определена; обрыв d=4; дальнейший выход неизвестен,4,False,1,5000.000000000,1,0,0.000000000,0,0.000284939,,True,False,2,0,1,0,0.000000000,0.000000000,0.000000000,0.552182918,0.176291434,0.150190483,0.400000000,0.000000000,0.283441735
100000008766764100,peripheral,0.150000000,9,0.162978998,Гип. peripheral; d=4; контр. в/из=1/0; KZT в/из=5000/0; tx=1/0; роль не определена; обрыв d=4; дальнейший выход неизвестен,4,False,1,5000.000000000,1,0,0.000000000,0,0.000284691,,True,False,2,0,1,0,0.000000000,0.000000000,0.000000000,0.552182918,0.176291434,0.150190483,0.400000000,0.000000000,0.283441735
100000008767027100,peripheral,0.200000000,18,0.188065041,Гип. peripheral; d=3; контр. в/из=1/0; KZT в/из=5000/0; tx=1/0; роль не определена; баланс неизвестен,3,False,1,5000.000000000,1,0,0.000000000,0,0.000284796,0.000000000,False,False,3,0,1,0,0.000000000,0.000000000,0.000000000,0.552182918,0.176291434,0.150190483,0.600000000,0.000000000,0.313441735
100000008767065100,peripheral,0.200000000,18,0.196152491,Гип. peripheral; d=3; контр. в/из=1/0; KZT в/из=10000/0; tx=1/0; роль не определена; баланс неизвестен,3,False,1,10000.000000000,1,0,0.000000000,0,0.000285554,0.000000000,False,False,3,0,1,0,0.000000000,0.000000000,0.000000000,0.597113194,0.176291434,0.150190483,0.600000000,0.000000000,0.326920818
100000008767925100,peripheral,0.200000000,2,0.166442552,Гип. peripheral; d=1; контр. в/из=1/0; KZT в/из=17144/0; tx=1/0; роль не определена; баланс неизвестен,1,False,1,17144.000000000,1,0,0.000000000,0,0.000287609,0.000000000,False,False,1,1,1,0,0.000000000,0.000000000,0.000000000,0.632057978,0.176291434,0.150190483,0.200000000,0.000000000,0.277404253
100000008767950100,peripheral,0.200000000,2,0.166581926,Гип. peripheral; d=3; контр. в/из=1/0; KZT в/из=17350/0; tx=1/0; роль не определена; баланс неизвестен,3,False,1,17350.000000000,1,0,0.000000000,0,0.000286725,0.000000000,False,False,1,0,1,0,0.000000000,0.000000000,0.000000000,0.632832279,0.176291434,0.150190483,0.200000000,0.000000000,0.277636543
100000008768896100,peripheral,0.200000000,2,0.178225596,Гип. peripheral; d=1; контр. в/из=1/0; KZT в/из=47060/0; tx=1/0; роль не определена; баланс неизвестен,1,False,1,47060.000000000,1,0,0.000000000,0,0.000293840,0.000000000,False,False,1,1,1,0,0.000000000,0.000000000,0.000000000,0.697519333,0.176291434,0.150190483,0.200000000,0.000000000,0.297042659
100000008769097100,peripheral,0.200000000,2,0.173392073,Гип. peripheral; d=3; контр. в/из=1/0; KZT в/из=31100/0; tx=1/0; роль не определена; баланс неизвестен,3,False,1,31100.000000000,1,0,0.000000000,0,0.000288856,0.000000000,False,False,1,0,1,0,0.000000000,0.000000000,0.000000000,0.670666430,0.176291434,0.150190483,0.200000000,0.000000000,0.288986788
100000008769636100,peripheral,0.200000000,2,0.169931100,Гип. peripheral; d=1; контр. в/из=1/0; KZT в/из=23118/0; tx=1/0; роль не определена; баланс неизвестен,1,False,1,23118.000000000,1,0,0.000000000,0,0.000288853,0.000000000,False,False,1,1,1,0,0.000000000,0.000000000,0.000000000,0.651438801,0.176291434,0.150190483,0.200000000,0.000000000,0.283218500
100000008770483100,peripheral,0.150000000,46,0.162978998,Гип. peripheral; d=4; контр. в/из=1/0; KZT в/из=5000/0; tx=1/0; роль не определена; обрыв d=4; дальнейший выход неизвестен,4,False,1,5000.000000000,1,0,0.000000000,0,0.000287338,,True,False,2,0,1,0,0.000000000,0.000000000,0.000000000,0.552182918,0.176291434,0.150190483,0.400000000,0.000000000,0.283441735
100000008771627100,peripheral,0.200000000,2,0.165995781,Гип. peripheral; d=2; контр. в/из=1/0; KZT в/из=16500/0; tx=1/0; роль не определена; баланс неизвестен,2,False,1,16500.000000000,1,0,0.000000000,0,0.000289599,0.000000000,False,False,1,0,1,0,0.000000000,0.000000000,0.000000000,0.629575921,0.176291434,0.150190483,0.200000000,0.000000000,0.276659636
100000008771814100,peripheral,0.200000000,2,0.170221230,Гип. peripheral; d=2; контр. в/из=1/0; KZT в/из=23700/0; tx=1/0; роль не определена; баланс неизвестен,2,False,1,23700.000000000,1,0,0.000000000,0,0.000292026,0.000000000,False,False,1,0,1,0,0.000000000,0.000000000,0.000000000,0.653050635,0.176291434,0.150190483,0.200000000,0.000000000,0.283702050
100000008771819100,peripheral,0.200000000,2,0.176003453,Гип. peripheral; d=1; контр. в/из=1/0; KZT в/из=38900/0; tx=1/0; роль не определена; баланс неизвестен,1,False,1,38900.000000000,1,0,0.000000000,0,0.000292140,0.000000000,False,False,1,1,1,0,0.000000000,0.000000000,0.000000000,0.685174094,0.176291434,0.150190483,0.200000000,0.000000000,0.293339088
100000008772058100,peripheral,0.200000000,2,0.178932743,Гип. peripheral; d=2; контр. в/из=1/0; KZT в/из=50000/0; tx=1/0; роль не определена; баланс неизвестен,2,False,1,50000.000000000,1,0,0.000000000,0,0.000300891,0.000000000,False,False,1,0,1,0,0.000000000,0.000000000,0.000000000,0.701447928,0.176291434,0.150190483,0.200000000,0.000000000,0.298221238
100000008772246100,peripheral,0.200000000,2,0.177572891,Гип. peripheral; d=3; контр. в/из=1/0; KZT в/из=44500/0; tx=1/0; роль не определена; баланс неизвестен,3,False,1,44500.000000000,1,0,0.000000000,0,0.000290932,0.000000000,False,False,1,0,1,0,0.000000000,0.000000000,0.000000000,0.693893197,0.176291434,0.150190483,0.200000000,0.000000000,0.295954818
100000008773876100,peripheral,0.200000000,2,0.171355757,Гип. peripheral; d=1; контр. в/из=1/0; KZT в/из=26120/0; tx=1/0; роль не определена; баланс неизвестен,1,False,1,26120.000000000,1,0,0.000000000,0,0.000289478,0.000000000,False,False,1,1,1,0,0.000000000,0.000000000,0.000000000,0.659353563,0.176291434,0.150190483,0.200000000,0.000000000,0.285592928
100000008774237100,peripheral,0.200000000,24,0.186839765,Гип. peripheral; d=2; контр. в/из=1/1; KZT в/из=50000/10000; tx=1/1; роль не определена; баланс неизвестен,2,False,1,50000.000000000,1,1,10000.000000000,1,0.000308631,0.200000000,False,False,1,0,1,1,10000.000000000,0.200000000,0.000000000,0.701447928,0.176291434,0.238046284,0.200000000,0.000000000,0.311399608
100000008775471100,peripheral,0.200000000,18,0.215441327,Гип. peripheral; d=3; контр. в/из=1/0; KZT в/из=580000/0; tx=2/0; роль не определена; баланс неизвестен,3,False,1,580000.000000000,2,0,0.000000000,0,0.000356366,0.000000000,False,False,1,0,1,0,0.000000000,0.000000000,0.000000000,0.860345495,0.176291434,0.238046284,0.200000000,0.000000000,0.359068878
100000008775747100,peripheral,0.150000000,9,0.162978998,Гип. peripheral; d=4; контр. в/из=1/0; KZT в/из=5000/0; tx=1/0; роль не определена; обрыв d=4; дальнейший выход неизвестен,4,False,1,5000.000000000,1,0,0.000000000,0,0.000284691,,True,False,2,0,1,0,0.000000000,0.000000000,0.000000000,0.552182918,0.176291434,0.150190483,0.400000000,0.000000000,0.283441735
100000008776298100,peripheral,0.200000000,2,0.177118365,Гип. peripheral; d=1; контр. в/из=1/0; KZT в/из=42800/0; tx=1/0; роль не определена; баланс неизвестен,1,False,1,42800.000000000,1,0,0.000000000,0,0.000292953,0.000000000,False,False,1,1,1,0,0.000000000,0.000000000,0.000000000,0.691368054,0.176291434,0.150190483,0.200000000,0.000000000,0.295197276
100000008776310100,peripheral,0.200000000,2,0.167764179,Гип. peripheral; d=3; контр. в/из=1/0; KZT в/из=19200/0; tx=1/0; роль не определена; баланс неизвестен,3,False,1,19200.000000000,1,0,0.000000000,0,0.000287012,0.000000000,False,False,1,0,1,0,0.000000000,0.000000000,0.000000000,0.639400354,0.176291434,0.150190483,0.200000000,0.000000000,0.279606966
100000008776420100,peripheral,0.200000000,2,0.182775457,Гип. peripheral; d=3; контр. в/из=1/0; KZT в/из=69500/0; tx=1/0; роль не определена; баланс неизвестен,3,False,1,69500.000000000,1,0,0.000000000,0,0.000294805,0.000000000,False,False,1,0,1,0,0.000000000,0.000000000,0.000000000,0.722796338,0.176291434,0.150190483,0.200000000,0.000000000,0.304625761
100000008776576100,peripheral,0.200000000,2,0.164699383,Гип. peripheral; d=1; контр. в/из=1/0; KZT в/из=14765/0; tx=1/0; роль не определена; баланс неизвестен,1,False,1,14765.000000000,1,0,0.000000000,0,0.000287113,0.000000000,False,False,1,1,1,0,0.000000000,0.000000000,0.000000000,0.622373709,0.176291434,0.150190483,0.200000000,0.000000000,0.274498972
100000008776720100,peripheral,0.200000000,2,0.171369152,Гип. peripheral; d=3; контр. в/из=1/0; KZT в/из=26150/0; tx=1/0; роль не определена; баланс неизвестен,3,False,1,26150.000000000,1,0,0.000000000,0,0.000288089,0.000000000,False,False,1,0,1,0,0.000000000,0.000000000,0.000000000,0.659427978,0.176291434,0.150190483,0.200000000,0.000000000,0.285615253
100000008777088100,peripheral,0.200000000,2,0.167011094,Гип. peripheral; d=1; контр. в/из=1/0; KZT в/из=18000/0; tx=1/0; роль не определена; баланс неизвестен,1,False,1,18000.000000000,1,0,0.000000000,0,0.000287787,0.000000000,False,False,1,1,1,0,0.000000000,0.000000000,0.000000000,0.635216544,0.176291434,0.150190483,0.200000000,0.000000000,0.278351823
100000008778010100,peripheral,0.150000000,2,0.183876133,Гип. peripheral; d=4; контр. в/из=1/0; KZT в/из=76950/0; tx=2/0; роль не определена; обрыв d=4; дальнейший выход неизвестен,4,False,1,76950.000000000,2,0,0.000000000,0,0.000526516,,True,False,1,0,1,0,0.000000000,0.000000000,0.000000000,0.729397833,0.176291434,0.238046284,0.200000000,0.000000000,0.319784579
100000008778753100,peripheral,0.150000000,25,0.153479470,Гип. peripheral; d=4; контр. в/из=1/0; KZT в/из=10000/0; tx=1/0; роль не определена; обрыв d=4; дальнейший выход неизвестен,4,False,1,10000.000000000,1,0,0.000000000,0,0.000292567,,True,False,1,0,1,0,0.000000000,0.000000000,0.000000000,0.597113194,0.176291434,0.150190483,0.200000000,0.000000000,0.266920818
100000008779584100,peripheral,0.200000000,2,0.173504097,Гип. peripheral; d=1; контр. в/из=1/0; KZT в/из=31400/0; tx=1/0; роль не определена; баланс неизвестен,1,False,1,31400.000000000,1,0,0.000000000,0,0.000290578,0.000000000,False,False,1,1,1,0,0.000000000,0.000000000,0.000000000,0.671288783,0.176291434,0.150190483,0.200000000,0.000000000,0.289173494
100000008782056100,peripheral,0.200000000,2,0.172609217,Гип. peripheral; d=1; контр. в/из=1/0; KZT в/из=29082/0; tx=1/0; роль не определена; баланс неизвестен,1,False,1,29082.000000000,1,0,0.000000000,0,0.000290095,0.000000000,False,False,1,1,1,0,0.000000000,0.000000000,0.000000000,0.666317231,0.176291434,0.150190483,0.200000000,0.000000000,0.287682029
100000008782421100,peripheral,0.200000000,2,0.178857820,Гип. peripheral; d=1; контр. в/из=1/0; KZT в/из=49680/0; tx=1/0; роль не определена; баланс неизвестен,1,False,1,49680.000000000,1,0,0.000000000,0,0.000294386,0.000000000,False,False,1,1,1,0,0.000000000,0.000000000,0.000000000,0.701031691,0.176291434,0.150190483,0.200000000,0.000000000,0.298096367
100000008782800100,peripheral,0.200000000,2,0.177275706,Гип. peripheral; d=1; контр. в/из=1/0; KZT в/из=43381/0; tx=1/0; роль не определена; баланс неизвестен,1,False,1,43381.000000000,1,0,0.000000000,0,0.000293074,0.000000000,False,False,1,1,1,0,0.000000000,0.000000000,0.000000000,0.692242167,0.176291434,0.150190483,0.200000000,0.000000000,0.295459509
