gid,role,role_score,cluster_id,priority_score,evidence,in_deg,out_deg,in_kzt,out_kzt,pagerank,pass_through,depth,is_seed,truncated_by_depth
100000000343175100,,0.0,-1,0.0,,8,31,178712.0,4000039.0,0.0007166946382018719,22.382598818210305,0,True,False
100000000456947100,,0.0,-1,0.0,,0,0,0.0,0.0,0.0,,0,True,False
100000000580561100,,0.0,-1,0.0,,2,3,27980.0,1488077.0,0.0008384348345170698,53.183595425303785,0,True,False
100000001415126100,,0.0,-1,0.0,,1,0,27000.0,0.0,0.00041140900981635563,0.0,0,True,False
100000001429930100,,0.0,-1,0.0,,1,0,26000.0,0.0,0.00035234645645923095,0.0,0,True,False
100000001616816100,,0.0,-1,0.0,,5,3,176195.0,181326.0,0.0024461862547303505,1.0291211441868384,0,True,False
100000001732159100,,0.0,-1,0.0,,2,4,2378100.0,1505966.0,0.0010993974323755234,0.633264370716118,0,True,False
100000002527114100,,0.0,-1,0.0,,3,111,129000.0,3289249.0,0.0008146179725184568,25.49805426356589,0,True,False
100000002916006100,,0.0,-1,0.0,,0,1,0.0,32000.0,0.00028684885067513784,,0,True,False
100000003016635100,,0.0,-1,0.0,,8,73,586981.0,9414081.0,0.0011952566810188175,16.038135817002594,0,True,False
100000003200071100,,0.0,-1,0.0,,0,1,0.0,30000.0,0.00028684885067513784,,0,True,False
100000003265658100,,0.0,-1,0.0,,0,0,0.0,0.0,0.0,,0,True,False
100000003349739100,,0.0,-1,0.0,,0,0,0.0,0.0,0.0,,0,True,False
100000003684369100,,0.0,-1,0.0,,24,62,3848436.0,8588655.0,0.0020288699638522645,2.2317260830113845,0,True,False
100000003770083100,,0.0,-1,0.0,,0,0,0.0,0.0,0.0,,0,True,False
100000003975102100,,0.0,-1,0.0,,1,2,25650.0,88500.0,0.00034699252992357845,3.4502923976608186,0,True,False
100000003977183100,,0.0,-1,0.0,,2,4,123800.0,766000.0,0.0003329322852730705,6.187399030694669,0,True,False
100000004007116100,,0.0,-1,0.0,,3,4,764704.0,148000.0,0.0006304640304726735,0.19353893794200108,0,True,False
100000004019124100,,0.0,-1,0.0,,3,0,193000.0,0.0,0.001207959054622012,0.0,0,True,False
100000004021459100,,0.0,-1,0.0,,0,0,0.0,0.0,0.0,,0,True,False
100000004041163100,,0.0,-1,0.0,,1,2,50000.0,866000.0,0.0020929038577057807,17.32,0,True,False
100000004174835100,,0.0,-1,0.0,,0,0,0.0,0.0,0.0,,0,True,False
100000004193835100,,0.0,-1,0.0,,1,1,47000.0,5000.0,0.0004719965493240662,0.10638297872340426,0,True,False
100000004269433100,,0.0,-1,0.0,,0,1,0.0,1372000.0,0.00028684885067513784,,0,True,False
100000004358004100,,0.0,-1,0.0,,0,11,0.0,980850.0,0.00028684885067513784,,0,True,False
100000004388983100,,0.0,-1,0.0,,0,2,0.0,450816.0,0.00028684885067513784,,0,True,False
100000004714705100,,0.0,-1,0.0,,0,1,0.0,36550.0,0.00028684885067513784,,0,True,False
100000004723755100,,0.0,-1,0.0,,0,1,0.0,95000.0,0.00028684885067513784,,0,True,False
100000004813068100,,0.0,-1,0.0,,0,3,0.0,297000.0,0.00028684885067513784,,0,True,False
100000004971871100,,0.0,-1,0.0,,1,1,25400.0,5650.0,0.0007461346034888532,0.22244094488188976,0,True,False
100000005017150100,,0.0,-1,0.0,,0,0,0.0,0.0,0.0,,0,True,False
100000005087431100,,0.0,-1,0.0,,0,0,0.0,0.0,0.0,,0,True,False
100000005235389100,,0.0,-1,0.0,,0,0,0.0,0.0,0.0,,0,True,False
100000005264990100,,0.0,-1,0.0,,1,2,17070.0,122000.0,0.00036559855128775223,7.147041593438781,0,True,False
100000005370580100,,0.0,-1,0.0,,1,0,24075.0,0.0,0.000347497114492524,0.0,0,True,False
100000005382566100,,0.0,-1,0.0,,7,1,393066.0,50000.0,0.0021219671978348746,0.12720510041570626,0,True,False
100000005386383100,,0.0,-1,0.0,,2,1,37500.0,29000.0,0.000526627532264104,0.7733333333333333,0,True,False
100000005392290100,,0.0,-1,0.0,,0,1,0.0,81465.0,0.00028684885067513784,,0,True,False
100000005395727100,,0.0,-1,0.0,,1,0,17000.0,0.0,0.00037285017574888944,0.0,0,True,False
100000005409680100,,0.0,-1,0.0,,2,0,55060.0,0.0,0.0006362170091600223,0.0,0,True,False
100000005417257100,,0.0,-1,0.0,,0,2,0.0,106000.0,0.00028684885067513784,,0,True,False
100000005454368100,,0.0,-1,0.0,,2,0,48600.0,0.0,0.00039592373535834297,0.0,0,True,False
100000005480435100,,0.0,-1,0.0,,0,0,0.0,0.0,0.0,,0,True,False
100000005485830100,,0.0,-1,0.0,,0,5,0.0,275885.0,0.00028684885067513784,,0,True,False
100000005493505100,,0.0,-1,0.0,,3,0,62020.0,0.0,0.0006201052363006143,0.0,0,True,False
100000005495722100,,0.0,-1,0.0,,0,0,0.0,0.0,0.0,,0,True,False
100000005498992100,,0.0,-1,0.0,,0,16,0.0,2262868.0,0.00028684885067513784,,0,True,False
100000005519347100,,0.0,-1,0.0,,2,1,73100.0,99000.0,0.0005591119636921237,1.3543091655266757,0,True,False
100000005523088100,,0.0,-1,0.0,,1,0,700000.0,0.0,0.001727016136115811,0.0,0,True,False
100000005543136100,,0.0,-1,0.0,,0,1,0.0,10000.0,0.00028684885067513784,,0,True,False
100000005550592100,,0.0,-1,0.0,,0,0,0.0,0.0,0.0,,0,True,False
100000005560900100,,0.0,-1,0.0,,0,0,0.0,0.0,0.0,,0,True,False
100000005568407100,,0.0,-1,0.0,,0,0,0.0,0.0,0.0,,0,True,False
100000005668605100,,0.0,-1,0.0,,3,0,94500.0,0.0,0.0008418642511074619,0.0,0,True,False
100000005744674100,,0.0,-1,0.0,,0,1,0.0,50066.0,0.00028684885067513784,,0,True,False
100000006232815100,,0.0,-1,0.0,,1,5,160000.0,296500.0,0.0005589743134767565,1.853125,0,True,False
100000006249740100,,0.0,-1,0.0,,0,3,0.0,93007.0,0.00028684885067513784,,0,True,False
100000006831291100,,0.0,-1,0.0,,0,1,0.0,15000.0,0.00028684885067513784,,0,True,False
100000006866783100,,0.0,-1,0.0,,13,67,838812.0,3948037.0,0.0008741047179040796,4.706700667133994,0,True,False
100000007018630100,,0.0,-1,0.0,,0,1,0.0,200000.0,0.00028684885067513784,,0,True,False
100000007747786100,,0.0,-1,0.0,,0,31,0.0,4238009.4,0.00028684885067513784,,0,True,False
100000007982728100,,0.0,-1,0.0,,0,8,0.0,1804384.0,0.00028684885067513784,,0,True,False
100000008117324100,,0.0,-1,0.0,,0,0,0.0,0.0,0.0,,0,True,False
100000008205000100,,0.0,-1,0.0,,0,0,0.0,0.0,0.0,,0,True,False
100000008314203100,,0.0,-1,0.0,,2,2,382076.0,327000.0,0.0005050728131960829,0.8558506684533967,0,True,False
100000008418835100,,0.0,-1,0.0,,1,4,1372000.0,186179.0,0.0005309030338467363,0.13569897959183674,0,True,False
100000008513251100,,0.0,-1,0.0,,0,0,0.0,0.0,0.0,,0,True,False
100000008516839100,,0.0,-1,0.0,,3,0,155000.0,0.0,0.0010741596212647674,0.0,0,True,False
100000008522127100,,0.0,-1,0.0,,0,1,0.0,145000.0,0.00028684885067513784,,0,True,False
100000008571433100,,0.0,-1,0.0,,2,2,350000.0,1434000.0,0.0016372326866585763,4.097142857142857,0,True,False
100000008575624100,,0.0,-1,0.0,,0,3,0.0,89500.0,0.00028684885067513784,,0,True,False
100000008601794100,,0.0,-1,0.0,,2,1,494400.0,871400.0,0.0023872850889654295,1.7625404530744337,0,True,False
100000008637537100,,0.0,-1,0.0,,3,3,619890.0,2351495.0,0.000832076082742809,3.793406894771653,0,True,False
100000008650785100,,0.0,-1,0.0,,2,2,92000.0,120120.0,0.0006151829911466887,1.3056521739130436,0,True,False
100000008654653100,,0.0,-1,0.0,,0,1,0.0,54000.0,0.00028684885067513784,,0,True,False
100000008659445100,,0.0,-1,0.0,,3,4,138490.0,875150.0,0.002457648618435237,6.319228825185934,0,True,False
100000008669037100,,0.0,-1,0.0,,0,0,0.0,0.0,0.0,,0,True,False
100000008673001100,,0.0,-1,0.0,,1,0,80000.0,0.0,0.0004710406870310613,0.0,0,True,False
100000008680731100,,0.0,-1,0.0,,0,27,0.0,1464354.0,0.00028684885067513784,,0,True,False
100000008701222100,,0.0,-1,0.0,,0,0,0.0,0.0,0.0,,0,True,False
100000008738325100,,0.0,-1,0.0,,1,1,36550.0,54000.0,0.0005309030338467363,1.4774281805745555,0,True,False
100000003134937100,,0.0,-1,0.0,,1,0,10286.0,0.0,0.0002879597204265748,0.0,1,False,False
100000005074393100,,0.0,-1,0.0,,4,6,563026.0,685500.0,0.00106451347090125,1.2175281425724567,1,False,False
100000001924185100,,0.0,-1,0.0,,2,0,151000.0,0.0,0.00031161113451595403,0.0,1,False,False
100000004070318100,,0.0,-1,0.0,,4,19,207246.55,551860.0,0.0003155185661358385,2.662818753798314,1,False,False
100000005807278100,,0.0,-1,0.0,,1,0,8385.0,0.0,0.0002942664135215915,0.0,1,False,False
100000003377795100,,0.0,-1,0.0,,1,0,7000.0,0.0,0.0002872519595691864,0.0,1,False,False
100000004330371100,,0.0,-1,0.0,,2,2,264171.0,90681.0,0.0012610864292053748,0.3432662934235779,1,False,False
100000008165763100,,0.0,-1,0.0,,15,17,1165815.0,1267858.0,0.0009141720501285504,1.087529324978663,1,False,False
100000001684867100,,0.0,-1,0.0,,1,0,30550.0,0.0,0.0002901481964758766,0.0,1,False,False
100000003900547100,,0.0,-1,0.0,,1,0,23700.0,0.0,0.0002894084086285751,0.0,1,False,False
100000006656003100,,0.0,-1,0.0,,1,1,20000.0,9000.0,0.0002910637433394611,0.45,1,False,False
100000008237827100,,0.0,-1,0.0,,1,0,40001.0,0.0,0.00029489033300800986,0.0,1,False,False
100000003014659100,,0.0,-1,0.0,,1,0,280000.0,0.0,0.00032951873404572026,0.0,1,False,False
100000007939160100,,0.0,-1,0.0,,1,2,795000.0,14300.0,0.0006680900198229332,0.017987421383647798,1,False,False
100000007274584100,,0.0,-1,0.0,,1,0,38000.0,0.0,0.0002944880679109353,0.0,1,False,False
100000001524952100,,0.0,-1,0.0,,1,0,103807.0,0.0,0.00030640694076239356,0.0,1,False,False
100000003131693100,,0.0,-1,0.0,,1,0,353277.0,0.0,0.0003578688440280544,0.0,1,False,False
100000008383405100,,0.0,-1,0.0,,1,0,25000.0,0.0,0.00030739213208688855,0.0,1,False,False
100000008736173100,,0.0,-1,0.0,,1,0,31060.0,0.0,0.00029339457898283194,0.0,1,False,False
100000002861485100,,0.0,-1,0.0,,1,0,29323.0,0.0,0.0002900156826527176,0.0,1,False,False
100000008745474100,,0.0,-1,0.0,,1,0,40559.0,0.0,0.00029539644225375224,0.0,1,False,False
100000008691330100,,0.0,-1,0.0,,1,0,21440.0,0.0,0.00029136721561129244,0.0,1,False,False
100000007639767100,,0.0,-1,0.0,,4,10,90913.0,822244.0,0.00030278321457567097,9.044295095310902,1,False,False
100000002921047100,,0.0,-1,0.0,,2,1,338000.0,163000.02,0.00031846212425336036,0.48224857988165676,1,False,False
100000004783447100,,0.0,-1,0.0,,1,0,26200.0,0.0,0.00029237036006540134,0.0,1,False,False
100000008696919100,,0.0,-1,0.0,,1,0,31945.0,0.0,0.0002935810879832282,0.0,1,False,False
100000008736940100,,0.0,-1,0.0,,3,3,451090.0,182100.0,0.0024481745423749314,0.40368884258130305,1,False,False
100000005940652100,,0.0,-1,0.0,,1,0,8395.0,0.0,0.0002893773976301017,0.0,1,False,False
100000004180097100,,0.0,-1,0.0,,3,3,104854.0,47800.0,0.0008599843237032197,0.4558719743643542,1,False,False
100000005539201100,,0.0,-1,0.0,,1,1,45504.0,25000.0,0.00029176320194573737,0.5494022503516175,1,False,False
100000005620225100,,0.0,-1,0.0,,2,0,49845.66,0.0,0.00029755896877035,0.0,1,False,False
100000004388353100,,0.0,-1,0.0,,2,0,62960.0,0.0,0.00034227174180232346,0.0,1,False,False
100000007442518100,,0.0,-1,0.0,,5,9,510000.0,4419999.0,0.0006515232072674916,8.666664705882352,1,False,False
100000000267734100,,0.0,-1,0.0,,2,7,180000.0,282000.0,0.0005396268570373781,1.5666666666666667,1,False,False
100000001987030100,,0.0,-1,0.0,,2,1,30864.0,19000.0,0.0002951862409947934,0.6156039398652151,1,False,False
100000002603478100,,0.0,-1,0.0,,1,0,23500.0,0.0,0.0002907654400411877,0.0,1,False,False
100000001380054100,,0.0,-1,0.0,,2,3,127050.0,360000.0,0.000719375157774433,2.833530106257379,1,False,False
100000002992171100,,0.0,-1,0.0,,1,0,14627.0,0.0,0.0002899314124251907,0.0,1,False,False
100000002781227100,,0.0,-1,0.0,,2,3,191167.62,212420.0,0.0023373647787345705,1.1111714421092862,1,False,False
100000008745643100,,0.0,-1,0.0,,1,0,20313.0,0.0,0.00029112970640965776,0.0,1,False,False
100000002836736100,,0.0,-1,0.0,,2,0,509000.0,0.0,0.0004537654899640319,0.0,1,False,False
100000004188160100,,0.0,-1,0.0,,2,5,87862.0,133846.0,0.00029815609164499123,1.5233661878855478,1,False,False
100000004841728100,,0.0,-1,0.0,,1,0,52208.0,0.0,0.0002978514064860873,0.0,1,False,False
100000001554432100,,0.0,-1,0.0,,1,0,53920.0,0.0,0.0002976884978686694,0.0,1,False,False
100000008768896100,,0.0,-1,0.0,,1,0,47060.0,0.0,0.0002967664931142905,0.0,1,False,False
100000008232832100,,0.0,-1,0.0,,1,1,337000.0,138000.0,0.0004962754348031012,0.4094955489614243,1,False,False
100000002864256100,,0.0,-1,0.0,,1,0,135780.0,0.0,0.0003141449800508374,0.0,1,False,False
100000001929088100,,0.0,-1,0.0,,2,0,396010.0,0.0,0.0003190036140627866,0.0,1,False,False
100000002794197100,,0.0,-1,0.0,,1,0,30100.0,0.0,0.00028858221891954645,0.0,1,False,False
100000005669845100,,0.0,-1,0.0,,1,0,20000.0,0.0,0.0003189386946552994,0.0,1,False,False
100000002211413100,,0.0,-1,0.0,,1,0,37000.0,0.0,0.0002946464021041359,0.0,1,False,False
100000002784085100,,0.0,-1,0.0,,1,0,200000.0,0.0,0.00030841919266341104,0.0,1,False,False
100000008782421100,,0.0,-1,0.0,,1,0,49680.0,0.0,0.00029731864405331684,0.0,1,False,False
100000003739818100,,0.0,-1,0.0,,1,0,57293.0,0.0,0.00029836657891436273,0.0,1,False,False
100000002214570100,,0.0,-1,0.0,,1,0,26471.0,0.0,0.00029242747186100296,0.0,1,False,False
100000006443391100,,0.0,-1,0.0,,3,2,86775.93,60041.71000000001,0.0024348970700620136,0.6919166409394865,1,False,False
100000005473151100,,0.0,-1,0.0,,3,4,1220000.0,225000.0,0.00047031732601366874,0.18442622950819673,1,False,False
100000005124479100,,0.0,-1,0.0,,2,2,137753.0,22000.0,0.00030458050269059725,0.15970614070110994,1,False,False
100000005527892100,,0.0,-1,0.0,,3,8,220001.0,552419.0,0.00031382479998316135,2.510984040981632,1,False,False
100000008028628100,,0.0,-1,0.0,,1,0,57224.0,0.0,0.00029890850156629963,0.0,1,False,False
100000001953577100,,0.0,-1,0.0,,1,0,15600.0,0.0,0.00029013646695331,0.0,1,False,False
100000008193577100,,0.0,-1,0.0,,2,5,154300.0,480180.0,0.0012553919287856357,3.1119896305897603,1,False,False
100000008753193100,,0.0,-1,0.0,,1,0,35225.0,0.0,0.00029427233038017725,0.0,1,False,False
100000008746025100,,0.0,-1,0.0,,1,0,22000.0,0.0,0.0002914852326058935,0.0,1,False,False
100000002934441100,,0.0,-1,0.0,,2,0,60845.6,0.0,0.00030382983985550484,0.0,1,False,False
100000003701161100,,0.0,-1,0.0,,4,3,1527103.0,349000.0,0.0016606404744765647,0.22853730232996727,1,False,False
100000006707582100,,0.0,-1,0.0,,2,14,39520.0,961138.0,0.0005404098122016989,24.320293522267207,1,False,False
100000003239379100,,0.0,-1,0.0,,1,0,92500.0,0.0,0.00030226521307341917,0.0,1,False,False
100000000979923100,,0.0,-1,0.0,,1,0,97900.0,0.0,0.00030176807061078073,0.0,1,False,False
100000001111763100,,0.0,-1,0.0,,1,0,17144.0,0.0,0.00029046185666699575,0.0,1,False,False
100000003865939100,,0.0,-1,0.0,,1,0,81465.0,0.0,0.0005309030338467363,0.0,1,False,False
100000002858835100,,0.0,-1,0.0,,1,0,24400.0,0.0,0.0002919910197256123,0.0,1,False,False
100000003404627100,,0.0,-1,0.0,,4,0,877700.0,0.0,0.0013842186166753438,0.0,1,False,False
100000008691027100,,0.0,-1,0.0,,1,0,17534.0,0.0,0.00029054404707395005,0.0,1,False,False
100000004071080100,,0.0,-1,0.0,,9,2,238600.0,46500.0,0.0013756642514148804,0.19488683989941324,1,False,False
100000002864680100,,0.0,-1,0.0,,1,0,55932.0,0.0,0.00029617066669309104,0.0,1,False,False
100000001330685100,,0.0,-1,0.0,,3,1,2435923.0,100500.0,0.0004400994663647204,0.04125746175063826,1,False,False
100000008745725100,,0.0,-1,0.0,,1,0,47060.0,0.0,0.0002967664931142905,0.0,1,False,False
100000002621949100,,0.0,-1,0.0,,1,0,164612.0,0.0,0.00031994113561248247,0.0,1,False,False
100000007908818100,,0.0,-1,0.0,,4,6,727475.0,302000.0,0.0004774440730320625,0.4151345407058662,1,False,False
100000008691495100,,0.0,-1,0.0,,1,0,27000.0,0.0,0.00029253895577197427,0.0,1,False,False
100000003832231100,,0.0,-1,0.0,,1,0,35000.0,0.0,0.0002938849718133724,0.0,1,False,False
100000002371751100,,0.0,-1,0.0,,1,1,200000.0,250000.0,0.0005309030338467363,1.25,1,False,False
100000002894076100,,0.0,-1,0.0,,4,0,1122782.0,0.0,0.0003843819319233609,0.0,1,False,False
100000001362940100,,0.0,-1,0.0,,1,0,81000.0,0.0,0.00030313244530933775,0.0,1,False,False
100000008741372100,,0.0,-1,0.0,,1,0,35975.0,0.0,0.00029443038885508933,0.0,1,False,False
100000002618492100,,0.0,-1,0.0,,2,0,296500.0,0.0,0.00037066846997843025,0.0,1,False,False
100000002750332100,,0.0,-1,0.0,,1,0,11360.0,0.0,0.00028807404610007176,0.0,1,False,False
100000004948177100,,0.0,-1,0.0,,3,0,437163.0,0.0,0.0004240124456297769,0.0,1,False,False
100000002511825100,,0.0,-1,0.0,,1,0,65000.0,0.0,0.00029909538371887886,0.0,1,False,False
100000008566737100,,0.0,-1,0.0,,2,0,230000.0,0.0,0.00035100729487815317,0.0,1,False,False
100000008661585100,,0.0,-1,0.0,,1,0,43141.0,0.0,0.00029594058489671636,0.0,1,False,False
100000004759121100,,0.0,-1,0.0,,6,2,710000.0,312000.0,0.0014251342380562687,0.4394366197183099,1,False,False
100000004360785100,,0.0,-1,0.0,,1,0,94705.0,0.0,0.0002970768226574279,0.0,1,False,False
100000005092518100,,0.0,-1,0.0,,1,0,26144.0,0.0,0.00029235855836594126,0.0,1,False,False
100000008737958100,,0.0,-1,0.0,,2,0,53373.0,0.0,0.0003009630124549001,0.0,1,False,False
100000003044518100,,0.0,-1,0.0,,1,0,34423.0,0.0,0.0002888311674551139,0.0,1,False,False
100000004159526100,,0.0,-1,0.0,,4,4,275037.0,68000.0,0.0008567019383121542,0.24723946232688693,1,False,False
100000007544358100,,0.0,-1,0.0,,2,1,322500.0,350000.0,0.00034208926864801845,1.0852713178294573,1,False,False
100000005901606100,,0.0,-1,0.0,,1,0,35660.0,0.0,0.0002943640042956263,0.0,1,False,False
100000006658598100,,0.0,-1,0.0,,1,0,9000.0,0.0,0.0002878208347080887,0.0,1,False,False
100000002793851100,,0.0,-1,0.0,,1,0,11052.0,0.0,0.00028804244706760154,0.0,1,False,False
100000005612411100,,0.0,-1,0.0,,3,8,115500.0,506997.0,0.0003286627982415822,4.389584415584416,1,False,False
100000007511163100,,0.0,-1,0.0,,2,3,63666.0,82052.0,0.0003410988058420589,1.2887883642760658,1,False,False
100000002648315100,,0.0,-1,0.0,,1,2,132000.0,76000.0,0.00029445033267719544,0.5757575757575758,1,False,False
100000004739664100,,0.0,-1,0.0,,1,1,12000.0,10000.0,0.00028937778627373184,0.8333333333333334,1,False,False
100000003713616100,,0.0,-1,0.0,,1,0,15893.0,0.0,0.0002885652664791032,0.0,1,False,False
100000003476560100,,0.0,-1,0.0,,1,0,50000.0,0.0,0.0002969004523011872,0.0,1,False,False
100000008782800100,,0.0,-1,0.0,,1,0,43381.0,0.0,0.00029599116360868824,0.0,1,False,False
100000004218576100,,0.0,-1,0.0,,1,0,26144.0,0.0,0.00029235855836594126,0.0,1,False,False
100000003299365100,,0.0,-1,0.0,,1,1,200000.0,200000.0,0.00032705525717933515,1.0,1,False,False
100000008730021100,,0.0,-1,0.0,,1,0,75555.0,0.0,0.00047017474651074484,0.0,1,False,False
100000002757797100,,0.0,-1,0.0,,1,0,100000.0,0.0,0.0003035151884030096,0.0,1,False,False
100000002845605100,,0.0,-1,0.0,,1,0,57567.0,0.0,0.0002976949455632769,0.0,1,False,False
100000000817146100,,0.0,-1,0.0,,1,0,70020.0,0.0,0.0005919922486484172,0.0,1,False,False
100000002957306100,,0.0,-1,0.0,,2,0,398490.0,0.0,0.0003567681108089113,0.0,1,False,False
100000008188026100,,0.0,-1,0.0,,2,4,86468.0,337983.17,0.0003006429930811247,3.9087659018365173,1,False,False
100000004790991100,,0.0,-1,0.0,,1,0,239413.0,0.0,0.00031270502992856704,0.0,1,False,False
100000002973903100,,0.0,-1,0.0,,3,0,92880.0,0.0,0.0003182802675880095,0.0,1,False,False
100000004325327100,,0.0,-1,0.0,,2,1,70817.0,70000.0,0.0002971132536102905,0.988463222107686,1,False,False
100000001477796100,,0.0,-1,0.0,,1,0,182000.0,0.0,0.00033213392111121977,0.0,1,False,False
100000007536804100,,0.0,-1,0.0,,1,2,100000.0,55000.0,0.00029260754916154514,0.55,1,False,False
100000008665380100,,0.0,-1,0.0,,2,1,69100.0,18200.0,0.0002920753644667843,0.2633863965267728,1,False,False
100000001870116100,,0.0,-1,0.0,,1,0,24000.0,0.0,0.0002919067218723258,0.0,1,False,False
100000001074553100,,0.0,-1,0.0,,2,0,28971.0,0.0,0.00029079508036821935,0.0,1,False,False
100000000978041100,,0.0,-1,0.0,,1,0,44445.0,0.0,0.00029621539589843026,0.0,1,False,False
100000002603769100,,0.0,-1,0.0,,3,0,1185368.0,0.0,0.0005438818121874436,0.0,1,False,False
100000005034574100,,0.0,-1,0.0,,1,0,258816.0,0.0,0.00042696172925917313,0.0,1,False,False
100000002958286100,,0.0,-1,0.0,,1,0,257000.0,0.0,0.00031456674013006884,0.0,1,False,False
100000005634552100,,0.0,-1,0.0,,1,3,25850.0,1196000.0,0.0002896406048142245,46.2669245647969,1,False,False
100000008736760100,,0.0,-1,0.0,,1,0,54757.0,0.0,0.00029838859455615536,0.0,1,False,False
100000008701944100,,0.0,-1,0.0,,1,0,52124.0,0.0,0.0004133220026112795,0.0,1,False,False
100000008748408100,,0.0,-1,0.0,,1,21,360000.0,1499960.0,0.0003355410946441464,4.166555555555555,1,False,False
100000008486520100,,0.0,-1,0.0,,1,1,35720.0,14000.0,0.0002907065473036939,0.3919372900335946,1,False,False
100000003163256100,,0.0,-1,0.0,,1,1,13485.0,15000.0,0.0002883052067511759,1.1123470522803114,1,False,False
100000003102157100,,0.0,-1,0.0,,1,0,96746.0,0.0,0.000305076590457442,0.0,1,False,False
100000004741837100,,0.0,-1,0.0,,1,0,25596.0,0.0,0.0002896131732648501,0.0,1,False,False
100000008443341100,,0.0,-1,0.0,,2,3,34500.0,50000.0,0.0006717923143888373,1.4492753623188406,1,False,False
100000004792397100,,0.0,-1,0.0,,1,0,73520.0,0.0,0.0003023427961091902,0.0,1,False,False
100000003809101100,,0.0,-1,0.0,,2,2,166050.0,55200.0,0.0003635610112366245,0.3324299909665763,1,False,False
100000002838861100,,0.0,-1,0.0,,5,1,554523.95,10000.0,0.002144533479807019,0.018033486200190272,1,False,False
100000008560717100,,0.0,-1,0.0,,7,1,529000.0,25000.0,0.0003322955354998569,0.04725897920604915,1,False,False
100000008693069100,,0.0,-1,0.0,,1,0,20000.0,0.0,0.0002910637433394611,0.0,1,False,False
100000008672162100,,0.0,-1,0.0,,1,0,15550.0,0.0,0.0002901259297216492,0.0,1,False,False
100000007311010100,,0.0,-1,0.0,,2,1,64480.0,20000.0,0.00031073529373132754,0.31017369727047145,1,False,False
100000005505655100,,0.0,-1,0.0,,2,1,33070.0,20000.0,0.0003229334635277658,0.6047777441790142,1,False,False
100000004707703100,,0.0,-1,0.0,,2,5,239300.0,231650.0,0.0006383417067098001,0.9680317592979524,1,False,False
100000004005964100,,0.0,-1,0.0,,3,3,97900.0,72000.0,0.00040628580390527795,0.7354443309499489,1,False,False
100000008244300100,,0.0,-1,0.0,,5,0,65430.0,0.0,0.00048145402937650815,0.0,1,False,False
100000002692044100,,0.0,-1,0.0,,1,0,97000.0,0.0,0.0003030151982711734,0.0,1,False,False
100000001103905100,,0.0,-1,0.0,,1,0,18000.0,0.0,0.0002906422540730288,0.0,1,False,False
100000008755361100,,0.0,-1,0.0,,1,0,14627.0,0.0,0.0002899314124251907,0.0,1,False,False
100000002810870100,,0.0,-1,0.0,,1,0,33677.0,0.0,0.0002939460976879586,0.0,1,False,False
100000005897462100,,0.0,-1,0.0,,1,0,98400.0,0.0,0.0003018442668310854,0.0,1,False,False
100000000941942100,,0.0,-1,0.0,,1,0,130000.0,0.0,0.00031298301490286607,0.0,1,False,False
100000008723830100,,0.0,-1,0.0,,2,1,459785.0,455000.0,0.0003417527073129887,0.9895929619278576,1,False,False
100000008776576100,,0.0,-1,0.0,,1,0,14765.0,0.0,0.0002899604951845745,0.0,1,False,False
100000005432267100,,0.0,-1,0.0,,2,0,350001.0,0.0,0.000343840296909673,0.0,1,False,False
100000006745291100,,0.0,-1,0.0,,1,0,82534.0,0.0,0.0002994264083683794,0.0,1,False,False
100000008670667100,,0.0,-1,0.0,,1,0,15534.0,0.0,0.00029012255780751776,0.0,1,False,False
100000002480800100,,0.0,-1,0.0,,2,0,569251.0,0.0,0.0006438277688958372,0.0,1,False,False
100000002182176100,,0.0,-1,0.0,,1,0,42465.0,0.0,0.0002948496049167142,0.0,1,False,False
100000008219168100,,0.0,-1,0.0,,1,0,53200.0,0.0,0.0002899124782699065,0.0,1,False,False
100000004226848100,,0.0,-1,0.0,,1,0,301866.0,0.0,0.000347533586204118,0.0,1,False,False
100000006326645100,,0.0,-1,0.0,,1,0,25264.0,0.0,0.000292173103088711,0.0,1,False,False
100000003589877100,,0.0,-1,0.0,,2,6,176000.0,416129.0,0.00030834598588796167,2.364369318181818,1,False,False
100000003942602100,,0.0,-1,0.0,,1,1,30000.0,30000.0,0.00029317118967162276,1.0,1,False,False
100000000922570100,,0.0,-1,0.0,,1,1,47101.0,50000.0,0.00029469886240834274,1.0615485870788306,1,False,False
100000005079754100,,0.0,-1,0.0,,1,2,70000.0,122000.0,0.0003009210929516069,1.7428571428571429,1,False,False
100000003187359100,,0.0,-1,0.0,,1,0,19072.0,0.0,0.0002908681723198365,0.0,1,False,False
100000000998559100,,0.0,-1,0.0,,1,0,100000.0,0.0,0.00030695205392723647,0.0,1,False,False
100000008690932100,,0.0,-1,0.0,,1,0,23000.0,0.0,0.00029169597723910964,0.0,1,False,False
100000008773876100,,0.0,-1,0.0,,1,0,26120.0,0.0,0.00029235350049474404,0.0,1,False,False
100000006789108100,,0.0,-1,0.0,,1,0,37500.0,0.0,0.00029256356719798375,0.0,1,False,False
100000004058740100,,0.0,-1,0.0,,1,0,30000.0,0.0,0.00029317118967162276,0.0,1,False,False
100000007641801100,,0.0,-1,0.0,,1,0,200000.0,0.0,0.00029836624764795243,0.0,1,False,False
100000000555721100,,0.0,-1,0.0,,2,0,113000.0,0.0,0.0003094618711002591,0.0,1,False,False
100000008729801100,,0.0,-1,0.0,,1,0,17534.0,0.0,0.00029054404707395005,0.0,1,False,False
100000004664905100,,0.0,-1,0.0,,2,0,329020.0,0.0,0.00041365015812107553,0.0,1,False,False
100000003057225100,,0.0,-1,0.0,,1,0,236000.0,0.0,0.0003123364319836269,0.0,1,False,False
100000000703902100,,0.0,-1,0.0,,1,0,25499.0,0.0,0.0002922226280775168,0.0,1,False,False
100000008720798100,,0.0,-1,0.0,,1,0,15534.0,0.0,0.00029012255780751776,0.0,1,False,False
100000001411870100,,0.0,-1,0.0,,2,0,900000.0,0.0,0.00048013729699259474,0.0,1,False,False
100000008556318100,,0.0,-1,0.0,,2,0,180132.0,0.0,0.0005629471177705016,0.0,1,False,False
100000002720627100,,0.0,-1,0.0,,1,0,199300.0,0.0,0.00031722066408855596,0.0,1,False,False
100000003022835100,,0.0,-1,0.0,,1,0,125000.0,0.0,0.00031197785474026117,0.0,1,False,False
100000008304115100,,0.0,-1,0.0,,1,0,51000.0,0.0,0.00029534868291635245,0.0,1,False,False
100000003886323100,,0.0,-1,0.0,,2,1,78168.0,7650.0,0.0018299553035193113,0.09786613447958244,1,False,False
100000000607731100,,0.0,-1,0.0,,1,1,20000.0,66666.0,0.0003189386946552994,3.3333,1,False,False
100000005961971100,,0.0,-1,0.0,,1,0,47353.0,0.0,0.00029682824129182285,0.0,1,False,False
100000000440392100,,0.0,-1,0.0,,1,0,105705.0,0.0,0.00029826480314214563,0.0,1,False,False
100000004105288100,,0.0,-1,0.0,,2,0,215000.0,0.0,0.0004650702159430337,0.0,1,False,False
100000008169544100,,0.0,-1,0.0,,1,4,137104.0,42800.0,0.0003016558394366594,0.31217178200490137,1,False,False
100000004186824100,,0.0,-1,0.0,,2,1,451700.0,7000.0,0.0003836267039906735,0.015497011290679655,1,False,False
100000008672200100,,0.0,-1,0.0,,1,0,8511.0,0.0,0.00028864249824844064,0.0,1,False,False
100000002188829100,,0.0,-1,0.0,,1,0,400000.0,0.0,0.0003672616636835324,0.0,1,False,False
100000008717341100,,0.0,-1,0.0,,1,0,14627.0,0.0,0.0002899314124251907,0.0,1,False,False
100000002214301100,,0.0,-1,0.0,,1,1,21438.0,8000.0,0.0002908879456811643,0.373169138912212,1,False,False
100000002565277100,,0.0,-1,0.0,,1,0,483319.0,0.0,0.00038401145160114853,0.0,1,False,False
100000005546031100,,0.0,-1,0.0,,3,1,66800.0,8000.0,0.000715599021329773,0.11976047904191617,1,False,False
100000003449074100,,0.0,-1,0.0,,1,0,10000.0,0.0,0.0002887329326818672,0.0,1,False,False
100000008748914100,,0.0,-1,0.0,,2,13,180000.0,4471847.0,0.0007942533093309315,24.843594444444445,1,False,False
100000004744306100,,0.0,-1,0.0,,1,2,69000.0,92000.0,0.0004627875910079728,1.3333333333333333,1,False,False
100000003158727100,,0.0,-1,0.0,,3,0,367940.0,0.0,0.0003155311171243537,0.0,1,False,False
100000001389255100,,0.0,-1,0.0,,1,0,16136.0,0.0,0.00029024942607671386,0.0,1,False,False
100000008695495100,,0.0,-1,0.0,,1,0,21000.0,0.0,0.0002912744879726773,0.0,1,False,False
100000004015047100,,0.0,-1,0.0,,9,1,919104.0,69195.0,0.0022863430313044353,0.07528527783580531,1,False,False
100000005183943100,,0.0,-1,0.0,,1,0,680900.0,0.0,0.000613373519949017,0.0,1,False,False
100000003004487100,,0.0,-1,0.0,,4,2,183702.8,265015.0,0.00035240525203726717,1.4426290726107605,1,False,False
100000003042994100,,0.0,-1,0.0,,1,0,286086.0,0.0,0.00031774563112522427,0.0,1,False,False
100000001899164100,,0.0,-1,0.0,,4,3,291675.0,76500.0,0.0011811551122980375,0.2622782206222679,1,False,False
100000003946524100,,0.0,-1,0.0,,2,2,133757.0,144750.0,0.00032750537174210614,1.0821863528637754,1,False,False
100000008717340100,,0.0,-1,0.0,,1,0,41500.0,0.0,0.0002955947529536087,0.0,1,False,False
100000003831324100,,0.0,-1,0.0,,2,0,300000.0,0.0,0.0003166000006754672,0.0,1,False,False
100000008129393100,,0.0,-1,0.0,,1,0,10000.0,0.0,0.00031308926087776764,0.0,1,False,False
100000004388209100,,0.0,-1,0.0,,1,0,11800.0,0.0,0.00028933563734708857,0.0,1,False,False
100000000706545100,,0.0,-1,0.0,,3,1,1070300.0,75800.0,0.003277557229983344,0.07082126506586939,1,False,False
100000004497606100,,0.0,-1,0.0,,1,0,15534.0,0.0,0.00029012255780751776,0.0,1,False,False
100000008470470100,,0.0,-1,0.0,,1,0,33547.0,0.0,0.0002939187008856405,0.0,1,False,False
100000004318918100,,0.0,-1,0.0,,1,0,75600.0,0.0,0.0002983697191851951,0.0,1,False,False
100000005228059100,,0.0,-1,0.0,,1,0,26000.0,0.0,0.0002923282111387581,0.0,1,False,False
100000001609499100,,0.0,-1,0.0,,3,2,263113.0,21000.0,0.0003223366953122206,0.07981361620292422,1,False,False
100000002824176100,,0.0,-1,0.0,,1,0,144000.0,0.0,0.0003401013976697422,0.0,1,False,False
100000001363952100,,0.0,-1,0.0,,2,1,196655.0,91000.0,0.0003084632675251654,0.4627393150441128,1,False,False
100000001049200100,,0.0,-1,0.0,,2,4,76624.0,36000.0,0.00029962398783979087,0.46982668615577367,1,False,False
100000002662768100,,0.0,-1,0.0,,1,0,84300.0,0.0,0.00030782429813536703,0.0,1,False,False
100000004737477100,,0.0,-1,0.0,,2,1,49598.0,40500.0,0.0002936262172488947,0.8165651840800032,1,False,False
100000008680451100,,0.0,-1,0.0,,1,0,23534.0,0.0,0.0002918085148732471,0.0,1,False,False
100000001952325100,,0.0,-1,0.0,,1,0,77888.0,0.0,0.00030326332866707843,0.0,1,False,False
100000008751429100,,0.0,-1,0.0,,3,1,386200.0,72600.0,0.0015247528636116816,0.1879854997410668,1,False,False
100000001960517100,,0.0,-1,0.0,,1,0,200000.0,0.0,0.00036081072150097716,0.0,1,False,False
100000008686234100,,0.0,-1,0.0,,1,0,39778.0,0.0,0.000294343352081506,0.0,1,False,False
100000004213658100,,0.0,-1,0.0,,1,0,25347.0,0.0,0.000292190594893268,0.0,1,False,False
100000001194266100,,0.0,-1,0.0,,1,0,50000.0,0.0,0.0002969004523011872,0.0,1,False,False
100000002243354100,,0.0,-1,0.0,,1,0,20879.0,0.0,0.00029124898787205816,0.0,1,False,False
100000006069103100,,0.0,-1,0.0,,3,3,228818.0,270000.0,0.0011564584242151755,1.1799770997036947,1,False,False
100000002760175100,,0.0,-1,0.0,,1,0,187410.0,0.0,0.0003154087179697123,0.0,1,False,False
100000003567087100,,0.0,-1,0.0,,1,0,62115.0,0.0,0.00029993925356735986,0.0,1,False,False
100000008229700100,,0.0,-1,0.0,,1,1,23500.0,7200.0,0.0002907654400411877,0.30638297872340425,1,False,False
100000004076740100,,0.0,-1,0.0,,3,6,93250.0,125000.0,0.0007445676652619166,1.3404825737265416,1,False,False
100000003284932100,,0.0,-1,0.0,,1,0,69925.0,0.0,0.00030090601554916784,0.0,1,False,False
100000008071620100,,0.0,-1,0.0,,1,0,46968.0,0.0,0.00029569800704434444,0.0,1,False,False
100000003235780100,,0.0,-1,0.0,,2,0,65000.0,0.0,0.0002925027501530129,0.0,1,False,False
100000005363908100,,0.0,-1,0.0,,1,1,19500.0,19500.0,0.00034002266712034653,1.0,1,False,False
100000001851289100,,0.0,-1,0.0,,1,0,109510.0,0.0,0.00029867573639163206,0.0,1,False,False
100000002870937100,,0.0,-1,0.0,,1,0,83700.0,0.0,0.0002916688813082607,0.0,1,False,False
100000002152857100,,0.0,-1,0.0,,1,5,105000.0,1230000.0,0.0003010507551660987,11.714285714285714,1,False,False
100000002600345100,,0.0,-1,0.0,,2,0,52400.0,0.0,0.0002970437332948684,0.0,1,False,False
100000002580377100,,0.0,-1,0.0,,1,1,37750.0,5000.0,0.00029092578370223726,0.13245033112582782,1,False,False
100000004094958100,,0.0,-1,0.0,,1,1,39000.0,40000.0,0.0003931964835655551,1.0256410256410255,1,False,False
100000002609774100,,0.0,-1,0.0,,1,1,7700.0,27500.0,0.00028768043701444027,3.5714285714285716,1,False,False
100000002596035100,,0.0,-1,0.0,,1,0,231570.0,0.0,0.00032213836814701556,0.0,1,False,False
100000004664515100,,0.0,-1,0.0,,1,0,37691.0,0.0,0.0002939501441667016,0.0,1,False,False
100000000661912100,,0.0,-1,0.0,,5,2,393036.0,430700.0,0.0017684681959515534,1.0958283719557496,1,False,False
100000004144536100,,0.0,-1,0.0,,4,0,168000.0,0.0,0.0009726769407571345,0.0,1,False,False
100000006177176100,,0.0,-1,0.0,,1,0,8911.0,0.0,0.00028781122286598507,0.0,1,False,False
100000002158488100,,0.0,-1,0.0,,1,0,31723.0,0.0,0.00029353430267465425,0.0,1,False,False
100000000041368100,,0.0,-1,0.0,,1,0,160000.0,0.0,0.00031901397587849573,0.0,1,False,False
100000008722328100,,0.0,-1,0.0,,1,0,23677.0,0.0,0.000291838651355797,0.0,1,False,False
100000008735384100,,0.0,-1,0.0,,1,0,39220.0,0.0,0.0002951142551898758,0.0,1,False,False
100000004480280100,,0.0,-1,0.0,,1,2,146694.0,295850.0,0.00031633904365377147,2.0167832358515003,1,False,False
100000004286573100,,0.0,-1,0.0,,1,0,16590.0,0.0,0.00028961379610419177,0.0,1,False,False
100000001746925100,,0.0,-1,0.0,,1,1,65250.0,5000.0,0.0002999661907971322,0.07662835249042145,1,False,False
100000001660397100,,0.0,-1,0.0,,2,3,48600.0,49000.0,0.00029647040245110745,1.008230452674897,1,False,False
100000002591469100,,0.0,-1,0.0,,1,0,235670.0,0.0,0.00030042037539805387,0.0,1,False,False
100000002731501100,,0.0,-1,0.0,,3,7,570370.0,833960.0,0.0004876865688334443,1.4621386117783193,1,False,False
100000000089154100,,0.0,-1,0.0,,1,15,10000.0,425500.0,0.0002887329326818672,42.55,1,False,False
100000008732098100,,0.0,-1,0.0,,1,0,15677.0,0.0,0.00029015269429006767,0.0,1,False,False
100000005456919100,,0.0,-1,0.0,,2,1,479950.0,5000.0,0.0013880209367746227,0.010417751849150954,1,False,False
100000000507799100,,0.0,-1,0.0,,1,1,5132.0,8000.0,0.0002874030975703716,1.558846453624318,1,False,False
100000008716439100,,0.0,-1,0.0,,1,0,12267.0,0.0,0.00028943405509080055,0.0,1,False,False
100000002981527100,,0.0,-1,0.0,,1,0,168000.0,0.0,0.0003049679379452873,0.0,1,False,False
100000002844652100,,0.0,-1,0.0,,1,0,61360.0,0.0,0.0002903823880663974,0.0,1,False,False
100000002605548100,,0.0,-1,0.0,,2,0,116695.0,0.0,0.0003157303745278675,0.0,1,False,False
100000002750956100,,0.0,-1,0.0,,1,0,47416.0,0.0,0.00029578241391824595,0.0,1,False,False
100000002982252100,,0.0,-1,0.0,,1,0,20320.0,0.0,0.0002911311816220903,0.0,1,False,False
100000000961900100,,0.0,-1,0.0,,2,0,36000.0,0.0,0.00029563555809140467,0.0,1,False,False
100000007175718100,,0.0,-1,0.0,,1,0,20000.0,0.0,0.0003045413082695412,0.0,1,False,False
100000002306369100,,0.0,-1,0.0,,1,6,73166.0,260900.0,0.0003006339250855741,3.5658639258672062,1,False,False
100000000667713100,,0.0,-1,0.0,,2,6,119495.0,79236.0,0.0003215340602637967,0.663090505878907,1,False,False
100000001072022100,,0.0,-1,0.0,,3,0,1684000.0,0.0,0.000504279220993778,0.0,1,False,False
100000008116374100,,0.0,-1,0.0,,1,0,31284.0,0.0,0.000290227467173675,0.0,1,False,False
100000000703894100,,0.0,-1,0.0,,1,1,120000.0,35000.0,0.00047938791455610696,0.2916666666666667,1,False,False
100000008066326100,,0.0,-1,0.0,,1,0,19320.0,0.0,0.000290488897112139,0.0,1,False,False
100000004662806100,,0.0,-1,0.0,,2,2,106585.0,59900.0,0.00030681360440920256,0.5619927757189098,1,False,False
100000005778283100,,0.0,-1,0.0,,3,0,615760.0,0.0,0.0004394966717771104,0.0,1,False,False
100000004408683100,,0.0,-1,0.0,,2,0,112919.68,0.0,0.0003870102710310572,0.0,1,False,False
100000002704875100,,0.0,-1,0.0,,3,0,244891.0,0.0,0.0003164729900080648,0.0,1,False,False
100000008349675100,,0.0,-1,0.0,,1,1,46520.0,36650.0,0.0002895277972110145,0.7878331900257953,1,False,False
100000006889963100,,0.0,-1,0.0,,4,1,1431000.0,443475.8,0.0004291309761802339,0.30990621942697416,1,False,False
100000008771819100,,0.0,-1,0.0,,1,0,38900.0,0.0,0.00029504681690724663,0.0,1,False,False
100000008586731100,,0.0,-1,0.0,,1,0,12000.0,0.0,0.0002888488112024825,0.0,1,False,False
100000005844459100,,0.0,-1,0.0,,2,0,243400.0,0.0,0.0003395717553947087,0.0,1,False,False
100000008172352100,,0.0,-1,0.0,,3,7,90265.0,289510.0,0.00037692105541289585,3.207333961114496,1,False,False
100000001162560100,,0.0,-1,0.0,,1,12,331300.0,2904398.0,0.0003225801221787124,8.76667069121642,1,False,False
100000008779584100,,0.0,-1,0.0,,1,0,31400.0,0.0,0.0002934662321581254,0.0,1,False,False
100000007631637100,,0.0,-1,0.0,,1,0,15341.0,0.0,0.00029008188409330706,0.0,1,False,False
100000007347733100,,0.0,-1,0.0,,1,0,23007.0,0.0,0.00034722016242832814,0.0,1,False,False
100000001463701100,,0.0,-1,0.0,,2,0,621000.0,0.0,0.0005747354940840503,0.0,1,False,False
100000008664469100,,0.0,-1,0.0,,1,0,25000.0,0.0,0.00029187465148816253,0.0,1,False,False
100000003923946100,,0.0,-1,0.0,,1,4,282000.0,675000.0,0.0003911350885395713,2.393617021276596,1,False,False
100000006562026100,,0.0,-1,0.0,,2,0,75000.0,0.0,0.0006883454950625148,0.0,1,False,False
100000008776298100,,0.0,-1,0.0,,1,0,42800.0,0.0,0.0002958687209767897,0.0,1,False,False
100000006446271100,,0.0,-1,0.0,,2,0,80000.0,0.0,0.00031530743019438074,0.0,1,False,False
100000004588479100,,0.0,-1,0.0,,1,0,177633.0,0.0,0.00030603289953348885,0.0,1,False,False
100000002324543100,,0.0,-1,0.0,,1,0,30202.0,0.0,0.000290106188018787,0.0,1,False,False
100000007129492100,,0.0,-1,0.0,,2,1,50990.0,37000.0,0.0002958353310195962,0.725632476956266,1,False,False
100000003877908100,,0.0,-1,0.0,,1,0,40000.0,0.0,0.0002948901319759773,0.0,1,False,False
100000002748180100,,0.0,-1,0.0,,1,8,9900.0,679743.0,0.00028849881811019714,68.66090909090909,1,False,False
100000000945428100,,0.0,-1,0.0,,1,0,89629.0,0.0,0.00030373568929325265,0.0,1,False,False
100000003115284100,,0.0,-1,0.0,,8,2,2160500.0,517000.0,0.0015347529278087765,0.23929645915297384,1,False,False
100000005394708100,,0.0,-1,0.0,,1,1,26000.0,65000.0,0.00034671119749081296,2.5,1,False,False
100000008747113100,,0.0,-1,0.0,,2,0,197801.0,0.0,0.0003088857922381494,0.0,1,False,False
100000004491881100,,0.0,-1,0.0,,1,0,17144.0,0.0,0.00029046185666699575,0.0,1,False,False
100000006008169100,,0.0,-1,0.0,,1,0,70000.0,0.0,0.00029851528708464806,0.0,1,False,False
100000002681449100,,0.0,-1,0.0,,2,2,94638.0,133000.0,0.0002964581246634431,1.4053551427544961,1,False,False
100000002645609100,,0.0,-1,0.0,,4,0,546820.6799999999,0.0,0.0003569252678559468,0.0,1,False,False
100000006369769100,,0.0,-1,0.0,,1,0,40000.0,0.0,0.0002952786360037844,0.0,1,False,False
100000002173161100,,0.0,-1,0.0,,3,0,1427500.0,0.0,0.0004373498063612444,0.0,1,False,False
100000008686313100,,0.0,-1,0.0,,6,7,1912716.0,333800.0,0.00046965063948727694,0.17451623764322566,1,False,False
100000004692798100,,0.0,-1,0.0,,2,1,240305.0,15000.0,0.0019344960727247736,0.06242067372713843,1,False,False
100000002939838100,,0.0,-1,0.0,,3,0,571233.0,0.0,0.000401791975544181,0.0,1,False,False
100000003119550100,,0.0,-1,0.0,,1,0,21000.0,0.0,0.0002912744879726773,0.0,1,False,False
100000004315838100,,0.0,-1,0.0,,2,1,50000.0,18000.0,0.00029268806861577895,0.36,1,False,False
100000002671806100,,0.0,-1,0.0,,1,0,12440.0,0.0,0.0002889221430884851,0.0,1,False,False
100000008716222100,,0.0,-1,0.0,,1,0,18000.0,0.0,0.0002906422540730288,0.0,1,False,False
100000005496254100,,0.0,-1,0.0,,1,0,12700.0,0.0,0.00028924163482368416,0.0,1,False,False
100000004622227100,,0.0,-1,0.0,,1,3,24931.0,19000.0,0.0002915460555261149,0.762103405398901,1,False,False
100000000274067100,,0.0,-1,0.0,,2,3,517704.0,2969000.0,0.0004154993568724503,5.734937338710924,1,False,False
100000008782056100,,0.0,-1,0.0,,1,0,29082.0,0.0,0.0002929777260983303,0.0,1,False,False
100000006788200100,,0.0,-1,0.0,,4,3,272155.8,64500.0,0.0003386582613458307,0.23699660268125833,1,False,False
100000001164648100,,0.0,-1,0.0,,2,0,13660.0,0.0,0.0002914417567020063,0.0,1,False,False
100000005133757100,,0.0,-1,0.0,,2,0,65000.0,0.0,0.00030074590188942306,0.0,1,False,False
100000006445501100,,0.0,-1,0.0,,1,0,91000.0,0.0,0.0003007165627705771,0.0,1,False,False
100000004390333100,,0.0,-1,0.0,,2,9,64558.0,506500.0,0.0002965323541047166,7.845658167849066,1,False,False
100000001641789100,,0.0,-1,0.0,,1,0,17826.0,0.0,0.000491406781653084,0.0,1,False,False
100000000968253100,,0.0,-1,0.0,,1,0,15000.0,0.0,0.0002900100201733803,0.0,1,False,False
100000001527186100,,0.0,-1,0.0,,1,0,678000.0,0.0,0.0004231485687243667,0.0,1,False,False
100000005852946100,,0.0,-1,0.0,,1,0,23746.0,0.0,0.00029162255731938124,0.0,1,False,False
100000001530983100,,0.0,-1,0.0,,4,11,564158.0,1829538.0,0.0003576738124284952,3.24295321523403,1,False,False
100000008221543100,,0.0,-1,0.0,,2,0,542000.0,0.0,0.0003731180590785931,0.0,1,False,False
100000001937767100,,0.0,-1,0.0,,1,4,53000.0,1933000.0,0.0008950374707711293,36.471698113207545,1,False,False
100000002462183100,,0.0,-1,0.0,,1,0,107500.0,0.0,0.00038194581024505596,0.0,1,False,False
100000001805543100,,0.0,-1,0.0,,1,0,59000.0,0.0,0.0002932207460022601,0.0,1,False,False
100000002606567100,,0.0,-1,0.0,,1,1,14095.0,53000.0,0.00028950446426362293,3.7601986520042567,1,False,False
100000007281639100,,0.0,-1,0.0,,2,0,216770.0,0.0,0.00032501112029930475,0.0,1,False,False
100000002991079100,,0.0,-1,0.0,,2,1,148900.0,11000.0,0.0003969046113959712,0.07387508394895903,1,False,False
100000002847207100,,0.0,-1,0.0,,1,0,46243.0,0.0,0.0002961451749550058,0.0,1,False,False
100000000011452100,,0.0,-1,0.0,,3,1,110000.0,16685.0,0.00048269151121018274,0.1516818181818182,1,False,False
100000003148220100,,0.0,-1,0.0,,1,2,5650.0,43400.0,0.000921867797030155,7.68141592920354,1,False,False
100000002479804100,,0.0,-1,0.0,,1,2,46000.0,35300.0,0.0002982945278183234,0.7673913043478261,1,False,False
100000008745489100,,0.0,-1,0.0,,1,0,55539.0,0.0,0.00029855339685933035,0.0,1,False,False
100000002289937100,,0.0,-1,0.0,,1,0,20000.0,0.0,0.0002910637433394611,0.0,1,False,False
100000004679953100,,0.0,-1,0.0,,3,3,343538.0,34100.0,0.00033574399052437856,0.09926121709970949,1,False,False
100000003066385100,,0.0,-1,0.0,,2,0,20000.0,0.0,0.00029284369490197547,0.0,1,False,False
100000008744849100,,0.0,-1,0.0,,1,0,44445.0,0.0,0.00029621539589843026,0.0,1,False,False
100000005093521100,,0.0,-1,0.0,,1,0,15200.0,0.0,0.0002899045375694569,0.0,1,False,False
100000006518161100,,0.0,-1,0.0,,3,2,594200.0,595899.0,0.000814208625349428,1.002859306630764,1,False,False
100000001126374100,,0.0,-1,0.0,,4,2,182500.0,29200.0,0.00031489525712333184,0.16,1,False,False
100000004509286100,,0.0,-1,0.0,,1,0,40000.0,0.0,0.0002948901319759773,0.0,1,False,False
100000005056870100,,0.0,-1,0.0,,1,0,20000.0,0.0,0.0003045413082695412,0.0,1,False,False
100000008708368100,,0.0,-1,0.0,,1,0,23677.0,0.0,0.000291838651355797,0.0,1,False,False
100000005895525100,,0.0,-1,0.0,,1,0,120000.0,0.0,0.00039300359624155803,0.0,1,False,False
100000008716773100,,0.0,-1,0.0,,1,0,15677.0,0.0,0.00029015269429006767,0.0,1,False,False
100000002778085100,,0.0,-1,0.0,,1,0,66208.0,0.0,0.00029399919721442787,0.0,1,False,False
100000007055802100,,0.0,-1,0.0,,6,1,2024999.0,605000.0,0.0011867330774222942,0.29876557963732325,1,False,False
100000003071930100,,0.0,-1,0.0,,3,1,477610.0,5000.0,0.00034991483551296664,0.010468792529469651,1,False,False
100000002941114100,,0.0,-1,0.0,,2,1,128510.0,15000.0,0.0018398734161550552,0.11672243405182477,1,False,False
100000003888271100,,0.0,-1,0.0,,1,2,12177.0,25590.0,0.00029268831446974504,2.10150283321015,1,False,False
100000007507343100,,0.0,-1,0.0,,1,0,370000.0,0.0,0.0006455234397126381,0.0,1,False,False
100000008002020100,,0.0,-1,0.0,,1,1,73860.0,17000.0,0.0002991586077209439,0.23016517736257786,1,False,False
100000001872484100,,0.0,-1,0.0,,1,3,871400.0,514580.0,0.0023106239591012055,0.5905210006885472,1,False,False
100000008769636100,,0.0,-1,0.0,,1,0,23118.0,0.0,0.0002917208451058291,0.0,1,False,False
100000004135268100,,0.0,-1,0.0,,2,3,1239000.0,1000200.0,0.0017518525045470592,0.8072639225181598,1,False,False
100000005316708100,,0.0,-1,0.0,,1,2,90000.0,257500.0,0.00029902191166738997,2.861111111111111,1,False,False
100000008671929100,,0.0,-1,0.0,,1,0,75000.0,0.0,0.0003019262531142118,0.0,1,False,False
100000005287097100,,0.0,-1,0.0,,2,9,127173.0,697300.0,0.00030406133800166865,5.483082100760382,1,False,False
100000007283257100,,0.0,-1,0.0,,1,0,192000.0,0.0,0.0003907901552627011,0.0,1,False,False
100000004847758100,,0.0,-1,0.0,,4,15,115171.0,488800.0,0.00030610007729982893,4.244123954815014,1,False,False
100000008737422100,,0.0,-1,0.0,,1,0,76903.0,0.0,0.0003030557452033605,0.0,1,False,False
100000008555918100,,0.0,-1,0.0,,1,2,139211.0,43300.0,0.00031483472095441694,0.3110386391879952,1,False,False
100000008094734100,,0.0,-1,0.0,,4,0,236249.0,0.0,0.00034565667449792476,0.0,1,False,False
100000006952718100,,0.0,-1,0.0,,1,0,71489.0,0.0,0.0002945695358453182,0.0,1,False,False
100000005339662100,,0.0,-1,0.0,,4,4,202939.0,295160.0,0.0016671626973838104,1.4544271924075707,1,False,False
100000001716579100,,0.0,-1,0.0,,1,0,13916.0,0.0,0.00028978157299097397,0.0,1,False,False
100000002774456100,,0.0,-1,0.0,,1,0,50363.0,0.0,0.00029452379116154013,0.0,1,False,False
100000004394765100,,0.0,-1,0.0,,3,2,603844.0,82500.0,0.0003819659048213943,0.13662469114539516,1,False,False
100000004004621100,,0.0,-1,0.0,,3,0,75389.0,0.0,0.00030211548516952813,0.0,1,False,False
100000000907277100,,0.0,-1,0.0,,1,0,17534.0,0.0,0.00029054404707395005,0.0,1,False,False
100000003835149100,,0.0,-1,0.0,,1,2,248500.0,4600440.0,0.00049104906790794,18.512837022132796,1,False,False
100000004254434100,,0.0,-1,0.0,,1,0,44445.0,0.0,0.00029621539589843026,0.0,1,False,False
100000003635170100,,0.0,-1,0.0,,3,4,268500.0,253500.0,0.0011525534675578017,0.9441340782122905,1,False,False
100000006687202100,,0.0,-1,0.0,,1,0,50000.0,0.0,0.0002962692607087848,0.0,1,False,False
100000006030946100,,0.0,-1,0.0,,1,0,73289.0,0.0,0.00030229411409891726,0.0,1,False,False
100000002615479100,,0.0,-1,0.0,,1,0,220000.0,0.0,0.0003105762268622383,0.0,1,False,False
100000002952631100,,0.0,-1,0.0,,1,0,48050.0,0.0,0.0002920381654288366,0.0,1,False,False
100000002890167100,,0.0,-1,0.0,,1,0,118150.0,0.0,0.0002996088410632649,0.0,1,False,False
100000008687671100,,0.0,-1,0.0,,1,0,37500.0,0.0,0.000294751774420744,0.0,1,False,False
100000000810551100,,0.0,-1,0.0,,1,1,100000.0,7100.0,0.00030695205392723647,0.071,1,False,False
100000008724279100,,0.0,-1,0.0,,1,0,11750.0,0.0,0.00028811782982926813,0.0,1,False,False
100000002592567100,,0.0,-1,0.0,,1,2,5297.0,48600.0,0.00028742091727764233,9.175004719652634,1,False,False
100000002670860100,,0.0,-1,0.0,,2,0,450000.0,0.0,0.0003103236198613487,0.0,1,False,False
100000002844897100,,0.0,-1,0.0,,1,0,10800.0,0.0,0.0002880136491425046,0.0,1,False,False
100000007938486100,,0.0,-1,0.0,,1,0,39500.0,0.0,0.00029517326368717634,0.0,1,False,False
100000008438656100,,0.0,-1,0.0,,2,1,80000.0,5000.0,0.0002987190295914085,0.0625,1,False,False
100000008304139100,,0.0,-1,0.0,,4,24,189329.75,1692997.0,0.00031501336655354387,8.942054801213228,1,False,False
100000002597003100,,0.0,-1,0.0,,1,1,17700.0,11000.0,0.00029018367582704885,0.6214689265536724,1,False,False
100000002830055100,,0.0,-1,0.0,,1,0,14000.0,0.0,0.0002897992755401641,0.0,1,False,False
100000004299488100,,0.0,-1,0.0,,6,2,1749000.0,344999.0,0.0014677101163357964,0.19725500285877645,1,False,False
100000002809568100,,0.0,-1,0.0,,1,0,10000.0,0.0,0.0002887329326818672,0.0,1,False,False
100000004784224100,,0.0,-1,0.0,,1,1,23500.0,100000.0,0.00030615953520218354,4.25531914893617,1,False,False
100000003123296100,,0.0,-1,0.0,,1,0,86200.0,0.0,0.0003012152337965633,0.0,1,False,False
100000004130144100,,0.0,-1,0.0,,1,0,200000.0,0.0,0.00029836624764795243,0.0,1,False,False
100000001253557100,,0.0,-1,0.0,,5,0,210200.0,0.0,0.0003526280508538806,0.0,1,False,False
100000008767925100,,0.0,-1,0.0,,1,0,17144.0,0.0,0.00029046185666699575,0.0,1,False,False
100000007181706100,,0.0,-1,0.0,,2,0,176272.0,0.0,0.0003204792128221101,0.0,1,False,False
100000003366154100,,0.0,-1,0.0,,1,3,125000.0,289170.0,0.00031197785474026117,2.31336,1,False,False
100000007641183100,,0.0,-1,0.0,,1,0,28000.0,0.0,0.00028987280099987384,0.0,1,False,False
100000008663007100,,0.0,-1,0.0,,1,0,14000.0,0.0,0.0002897992755401641,0.0,1,False,False
100000007334196100,,0.0,-1,0.0,,1,0,150002.0,0.0,0.0003097080215514025,0.0,1,False,False
100000003873332100,,0.0,-1,0.0,,1,4,23468.0,286000.0,0.0002912704143285304,12.186807567751833,1,False,False
100000001550388100,,0.0,-1,0.0,,1,0,50000.0,0.0,0.0002962692607087848,0.0,1,False,False
100000008718089100,,0.0,-1,0.0,,1,0,15534.0,0.0,0.00029012255780751776,0.0,1,False,False
100000008728457100,,0.0,-1,0.0,,1,0,45000.0,0.0,0.00029370651050255285,0.0,1,False,False
100000004206046100,,0.0,-1,0.0,,1,0,11075.0,0.0,0.00028804493102679683,0.0,1,False,False
100000006579678100,,0.0,-1,0.0,,2,6,192930.0,1668800.0,0.0006283224398262299,8.649769346395066,1,False,False
100000002988894100,,0.0,-1,0.0,,1,3,306121.0,77500.0,0.0003483889775024948,0.25316786499456095,1,False,False
100000008749406100,,0.0,-1,0.0,,1,0,17144.0,0.0,0.00029046185666699575,0.0,1,False,False
100000005584222100,,0.0,-1,0.0,,2,2,192717.0,108587.0,0.0008793968910150201,0.5634531463233653,1,False,False
100000003239859100,,0.0,-1,0.0,,1,0,18600.0,0.0,0.00028994878949252197,0.0,1,False,False
100000003980083100,,0.0,-1,0.0,,1,0,30000.0,0.0,0.0005309030338467363,0.0,1,False,False
100000004351795100,,0.0,-1,0.0,,3,14,118333.0,1715161.0,0.0003149083893976022,14.494359139039828,1,False,False
100000002666248100,,0.0,-1,0.0,,1,0,70032.0,0.0,0.0003009275259766476,0.0,1,False,False
100000005877725100,,0.0,-1,0.0,,1,0,70000.0,0.0,0.00030160097500026934,0.0,1,False,False
100000001697501100,,0.0,-1,0.0,,3,38,123700.0,1482606.0,0.0005941641771451349,11.98549717057397,1,False,False
100000006972210100,,0.0,-1,0.0,,3,0,488775.0,0.0,0.00034784175675524234,0.0,1,False,False
100000008749618100,,0.0,-1,0.0,,1,0,47280.0,0.0,0.00029681285693359806,0.0,1,False,False
100000008671026100,,0.0,-1,0.0,,1,0,23534.0,0.0,0.0002918085148732471,0.0,1,False,False
100000001696818100,,0.0,-1,0.0,,1,0,53550.0,0.0,0.0003001731117842158,0.0,1,False,False
100000008679986100,,0.0,-1,0.0,,1,0,19000.0,0.0,0.00029085299870624495,0.0,1,False,False
100000003616818100,,0.0,-1,0.0,,3,3,78000.0,240100.0,0.0005152127057006626,3.0782051282051284,1,False,False
100000004156082100,,0.0,-1,0.0,,5,26,377366.11,2319556.0,0.0008706976397489575,6.146699288921308,1,False,False
100000008667058100,,0.0,-1,0.0,,1,0,17534.0,0.0,0.00029054404707395005,0.0,1,False,False
100000008628231100,,0.0,-1,0.0,,1,2,50000.0,627870.0,0.0002969004523011872,12.5574,1,False,False
100000008749063100,,0.0,-1,0.0,,1,0,19000.0,0.0,0.00029085299870624495,0.0,1,False,False
100000004494983100,,0.0,-1,0.0,,1,0,35000.0,0.0,0.0002942249128377036,0.0,1,False,False
100000007648946100,,0.0,-1,0.0,,1,1,19550.0,25000.0,0.0002905322309982938,1.278772378516624,1,False,False
100000003037660100,,0.0,-1,0.0,,1,0,53000.0,0.0,0.00029750354839875014,0.0,1,False,False
100000002679516100,,0.0,-1,0.0,,3,0,102335.0,0.0,0.00032827612392373126,0.0,1,False,False
100000005588444100,,0.0,-1,0.0,,1,0,12300.0,0.0,0.00028755717058896594,0.0,1,False,False
100000001307612100,,0.0,-1,0.0,,1,0,38483.0,0.0,0.0002949589363951955,0.0,1,False,False
100000003001564100,,0.0,-1,0.0,,1,1,23520.0,180000.0,0.00028938896894791606,7.653061224489796,1,False,False
100000002762076100,,0.0,-1,0.0,,2,1,140350.0,30000.0,0.0003004831723747159,0.21375133594584966,1,False,False
100000005514161100,,0.0,-1,0.0,,4,1,401500.0,50000.0,0.0008096380965182412,0.12453300124533001,1,False,False
100000008746673100,,0.0,-1,0.0,,1,0,53048.0,0.0,0.0002980284319779889,0.0,1,False,False
100000003265158100,,0.0,-1,0.0,,3,2,146100.4,154200.0,0.00038636931391150764,1.055438588806054,1,False,False
100000001567366100,,0.0,-1,0.0,,1,0,824070.0,0.0,0.00037584694867889444,0.0,1,False,False
100000008777088100,,0.0,-1,0.0,,1,0,18000.0,0.0,0.0002906422540730288,0.0,1,False,False
100000002589019100,,0.0,-1,0.0,,1,0,34710.0,0.0,0.0002926337365004821,0.0,1,False,False
100000008666075100,,0.0,-1,0.0,,1,0,26217.0,0.0,0.000292373942724166,0.0,1,False,False
100000008137435100,,0.0,-1,0.0,,2,6,93906.0,1419700.0,0.0003156749122344252,15.118309799160864,1,False,False
100000004403675100,,0.0,-1,0.0,,4,5,182980.0,264699.0,0.0007431580732801593,1.4466007213903158,1,False,False
100000004677680100,,0.0,-1,0.0,,2,1,63000.0,168000.0,0.0010991088713129958,2.6666666666666665,1,False,False
100000005958064100,,0.0,-1,0.0,,1,2,5746.0,163986.84,0.000287469408481064,28.539303863557258,1,False,False
100000002881669100,,0.0,-1,0.0,,1,0,18600.0,0.0,0.00028994878949252197,0.0,1,False,False
100000002938501100,,0.0,-1,0.0,,1,1,8395.0,5000.0,0.0002877554957814292,0.5955926146515783,1,False,False
100000006734554100,,0.0,-1,0.0,,1,1,16500.0,25000.0,0.0003133229719587711,1.5151515151515151,1,False,False
100000008003034100,,0.0,-1,0.0,,1,4,12201.0,135000.0,0.00028816653702914155,11.064666830587656,1,False,False
100000003970394100,,0.0,-1,0.0,,1,0,85000.0,0.0,0.0003010152377438288,0.0,1,False,False
100000003205210100,,0.0,-1,0.0,,1,0,137563.0,0.0,0.00031450342016482236,0.0,1,False,False
100000004559194100,,0.0,-1,0.0,,1,0,282145.0,0.0,0.0003173200101170177,0.0,1,False,False
100000008173359100,,0.0,-1,0.0,,1,0,6110.0,0.0,0.0002875087198352856,0.0,1,False,False
100000007953156100,,0.0,-1,0.0,,1,1,18000.0,10000.0,0.0004798654843226397,0.5555555555555556,2,False,False
100000002224132100,,0.0,-1,0.0,,5,4,3951020.0,12115000.0,0.006085461634461983,3.0662968043695047,2,False,False
100000008547844100,,0.0,-1,0.0,,3,19,177600.0,2042199.0,0.0003458688283982454,11.498868243243244,2,False,False
100000002635780100,,0.0,-1,0.0,,1,0,163000.02,0.0,0.0005578057086288512,0.0,2,False,False
100000001279875100,,0.0,-1,0.0,,1,0,49235.0,0.0,0.00030462783360401413,0.0,2,False,False
100000001961048100,,0.0,-1,0.0,,1,0,150000.0,0.0,0.00030566555814603226,0.0,2,False,False
100000000993112100,,0.0,-1,0.0,,1,0,141000.0,0.0,0.00044304475091750723,0.0,2,False,False
100000005547096100,,0.0,-1,0.0,,1,2,8000.0,226300.0,0.0008957944572170969,28.2875,2,False,False
100000000331309100,,0.0,-1,0.0,,5,99,984635.0,23001375.0,0.0008793827745051861,23.360306103276848,2,False,False
100000006684930100,,0.0,-1,0.0,,1,0,10000.0,0.0,0.00030006513982134506,0.0,2,False,False
100000004479404100,,0.0,-1,0.0,,2,1,1492000.0,300000.0,0.0008705522657429222,0.20107238605898123,2,False,False
100000004134060100,,0.0,-1,0.0,,1,0,88179.0,0.0,0.0003294701337184725,0.0,2,False,False
100000001083990100,,0.0,-1,0.0,,1,0,49900.0,0.0,0.0005043133556429473,0.0,2,False,False
100000004573782100,,0.0,-1,0.0,,1,0,15000.0,0.0,0.00031127474699081957,0.0,2,False,False
100000005660203100,,0.0,-1,0.0,,1,2,572899.0,41000.0,0.0009530464731684009,0.07156584319400104,2,False,False
100000008771627100,,0.0,-1,0.0,,1,0,16500.0,0.0,0.0002924757034765415,0.0,2,False,False
100000000031787100,,0.0,-1,0.0,,1,2,90000.0,90000.0,0.0004334042285692282,1.0,2,False,False
100000001346560100,,0.0,-1,0.0,,2,1,10000.0,22200.0,0.0005891553059540454,2.22,2,False,False
100000001703168100,,0.0,-1,0.0,,1,1,45000.0,90000.0,0.0002939729881197745,2.0,2,False,False
100000004904960100,,0.0,-1,0.0,,2,0,32000.0,0.0,0.0007812763224699222,0.0,2,False,False
100000004467157100,,0.0,-1,0.0,,1,1,20000.0,7000.0,0.00038823565156986524,0.35,2,False,False
100000008346837100,,0.0,-1,0.0,,9,25,254359.0,1258643.0,0.0005497850035412777,4.948293553599441,2,False,False
100000006385877100,,0.0,-1,0.0,,1,1,53706.62,36602.93,0.0021366719296378807,0.6815347903107661,2,False,False
100000002459093100,,0.0,-1,0.0,,1,1,500000.0,55000.0,0.0003909707696326587,0.11,2,False,False
100000005053653100,,0.0,-1,0.0,,2,1,63073.0,25000.0,0.0003149974032434689,0.3963661154535221,2,False,False
100000001557930100,,0.0,-1,0.0,,1,0,34610.0,0.0,0.00029343625528440353,0.0,2,False,False
100000002820010100,,0.0,-1,0.0,,1,0,30000.0,0.0,0.00029255882288773457,0.0,2,False,False
100000000769919100,,0.0,-1,0.0,,1,0,250000.0,0.0,0.0007385917129711801,0.0,2,False,False
100000003188607100,,0.0,-1,0.0,,1,1,18000.0,5000.0,0.0003161599262539559,0.2777777777777778,2,False,False
100000002836052100,,0.0,-1,0.0,,1,0,15000.0,0.0,0.00030702799179248345,0.0,2,False,False
100000001102676100,,0.0,-1,0.0,,1,1,50000.0,50000.0,0.00031442673442636535,1.0,2,False,False
100000003390036100,,0.0,-1,0.0,,2,2,231300.0,62000.0,0.0013293331293250184,0.2680501513186338,2,False,False
100000008335401100,,0.0,-1,0.0,,1,0,150000.0,0.0,0.0005536444343072912,0.0,2,False,False
100000006994985100,,0.0,-1,0.0,,1,1,48500.0,10200.0,0.0005035182505388553,0.21030927835051547,2,False,False
100000008356606100,,0.0,-1,0.0,,2,0,168500.0,0.0,0.0006295168076387277,0.0,2,False,False
100000007930878100,,0.0,-1,0.0,,1,0,5000.0,0.0,0.00048566826131267373,0.0,2,False,False
100000008389800100,,0.0,-1,0.0,,3,7,189000.0,401620.0,0.0005072907109701343,2.124973544973545,2,False,False
100000005474472100,,0.0,-1,0.0,,1,0,100000.0,0.0,0.0005473363131713977,0.0,2,False,False
100000004486525100,,0.0,-1,0.0,,8,2,360924.0,271045.0,0.0008092867088737118,0.7509752745730403,2,False,False
100000003031890100,,0.0,-1,0.0,,1,0,215000.0,0.0,0.0003938364463888407,0.0,2,False,False
100000008624978100,,0.0,-1,0.0,,1,0,109000.0,0.0,0.0003395339554248342,0.0,2,False,False
100000000790311100,,0.0,-1,0.0,,1,0,46300.0,0.0,0.00030163839286252107,0.0,2,False,False
100000008546855100,,0.0,-1,0.0,,6,2,71790.0,10000.0,0.0014320740761942124,0.1392951664577239,2,False,False
100000002863356100,,0.0,-1,0.0,,1,1,45000.0,20000.0,0.0003021948128607842,0.4444444444444444,2,False,False
100000000332284100,,0.0,-1,0.0,,10,3,107426.0,289500.0,0.000720210742355257,2.69487833485376,2,False,False
100000002605308100,,0.0,-1,0.0,,3,0,2569521.84,0.0,0.0008891489340038767,0.0,2,False,False
100000005931985100,,0.0,-1,0.0,,1,0,76000.0,0.0,0.00031429279710744405,0.0,2,False,False
100000001166289100,,0.0,-1,0.0,,2,1,721039.0,25000.0,0.0020451081794251795,0.0346721883282319,2,False,False
100000008477350100,,0.0,-1,0.0,,11,39,610100.0,3374866.0,0.0010386088331617233,5.531660383543682,2,False,False
100000003824464100,,0.0,-1,0.0,,1,0,200000.0,0.0,0.0003246863451083126,0.0,2,False,False
100000002738256100,,0.0,-1,0.0,,1,1,150200.0,175000.0,0.0005102377719203936,1.1651131824234353,2,False,False
100000001857829100,,0.0,-1,0.0,,6,16,888535.0,2390993.0,0.0006231476278116454,2.690938454872346,2,False,False
100000008672762100,,0.0,-1,0.0,,1,0,13000.0,0.0,0.00029128212863988013,0.0,2,False,False
100000001737722100,,0.0,-1,0.0,,1,0,60460.0,0.0,0.0003201960277071221,0.0,2,False,False
100000005572303100,,0.0,-1,0.0,,1,1,75000.0,20000.0,0.0003146741491364041,0.26666666666666666,2,False,False
100000008733049100,,0.0,-1,0.0,,1,0,10000.0,0.0,0.00029004313624476707,0.0,2,False,False
100000000850297100,,0.0,-1,0.0,,1,1,17520.0,17520.0,0.0002952309161654955,1.0,2,False,False
100000005140601100,,0.0,-1,0.0,,3,2,52685.0,195300.0,0.0027224677339201687,3.706937458479643,2,False,False
100000004410489100,,0.0,-1,0.0,,1,0,54000.0,0.0,0.0003156208577952541,0.0,2,False,False
100000006852430100,,0.0,-1,0.0,,1,0,37000.0,0.0,0.0005385501553326384,0.0,2,False,False
100000003166755100,,0.0,-1,0.0,,1,0,24010.0,0.0,0.0002906499737872651,0.0,2,False,False
100000008258083100,,0.0,-1,0.0,,2,2,3149500.0,2045650.0,0.0010544317053486935,0.6495157961581204,2,False,False
100000003054328100,,0.0,-1,0.0,,1,2,140000.0,193720.0,0.00033740348883991246,1.3837142857142857,2,False,False
100000008473207100,,0.0,-1,0.0,,1,0,202000.0,0.0,0.0005585946177220583,0.0,2,False,False
100000008104567100,,0.0,-1,0.0,,3,3,53550.0,40000.0,0.0005404037708096594,0.7469654528478058,2,False,False
100000002721825100,,0.0,-1,0.0,,1,0,11000.0,0.0,0.0005337416422068956,0.0,2,False,False
100000003509750100,,0.0,-1,0.0,,3,3,82290.0,78400.0,0.0016926685491983375,0.9527281565196257,2,False,False
100000007322059100,,0.0,-1,0.0,,2,1,29000.0,22500.0,0.0006829348691683638,0.7758620689655172,2,False,False
100000004441291100,,0.0,-1,0.0,,1,0,20000.0,0.0,0.0005512351398546664,0.0,2,False,False
100000006122699100,,0.0,-1,0.0,,2,0,45865.0,0.0,0.00040648693382533836,0.0,2,False,False
100000008254069100,,0.0,-1,0.0,,1,5,10200.0,107500.0,0.00034400747676597654,10.53921568627451,2,False,False
100000003336565100,,0.0,-1,0.0,,1,0,16550.0,0.0,0.0002924927545456367,0.0,2,False,False
100000002492277100,,0.0,-1,0.0,,1,0,138500.0,0.0,0.00030877536258807514,0.0,2,False,False
100000001339466100,,0.0,-1,0.0,,1,0,30000.0,0.0,0.0003052558285683314,0.0,2,False,False
100000005022964100,,0.0,-1,0.0,,1,0,20000.0,0.0,0.00032882149919400056,0.0,2,False,False
100000003112436100,,0.0,-1,0.0,,1,0,100000.0,0.0,0.00030348276979776545,0.0,2,False,False
100000000489417100,,0.0,-1,0.0,,3,1,73504.0,80000.0,0.0005541705311196944,1.0883761427949499,2,False,False
100000002217161100,,0.0,-1,0.0,,2,7,404750.0,995132.0,0.0008950795792368221,2.4586337245213095,2,False,False
100000002469065100,,0.0,-1,0.0,,1,0,200000.0,0.0,0.00032011668892039307,0.0,2,False,False
100000007337374100,,0.0,-1,0.0,,1,0,20000.0,0.0,0.00029366927831320287,0.0,2,False,False
100000003249054100,,0.0,-1,0.0,,7,1,99700.0,15000.0,0.00043335777474713916,0.15045135406218657,2,False,False
100000003024542100,,0.0,-1,0.0,,1,0,8500.0,0.0,0.00031936163732885554,0.0,2,False,False
100000002718366100,,0.0,-1,0.0,,6,0,2525000.0,0.0,0.0006841578453752227,0.0,2,False,False
100000005059998100,,0.0,-1,0.0,,1,0,18000.0,0.0,0.00029724095996010007,0.0,2,False,False
100000004071070100,,0.0,-1,0.0,,2,1,41000.0,6000.0,0.0011947359230789776,0.14634146341463414,2,False,False
100000001584286100,,0.0,-1,0.0,,2,0,738699.0,0.0,0.0003299418914084692,0.0,2,False,False
100000008701256100,,0.0,-1,0.0,,1,0,58250.0,0.0,0.00030509919584153936,0.0,2,False,False
100000001490461100,,0.0,-1,0.0,,1,1,20000.0,5000.0,0.000322421595159425,0.25,2,False,False
100000008531186100,,0.0,-1,0.0,,1,0,125000.0,0.0,0.00036354459189677756,0.0,2,False,False
100000004765639100,,0.0,-1,0.0,,1,2,5000.0,11000.0,0.0003634198285722489,2.2,2,False,False
100000002983879100,,0.0,-1,0.0,,2,0,200050.0,0.0,0.00035965325134699577,0.0,2,False,False
100000008734364100,,0.0,-1,0.0,,1,0,26200.0,0.0,0.0002957836108810031,0.0,2,False,False
100000003192220100,,0.0,-1,0.0,,1,0,60000.0,0.0,0.0005055687274859191,0.0,2,False,False
100000008060273100,,0.0,-1,0.0,,1,0,10000.0,0.0,0.00030030161142003493,0.0,2,False,False
100000008205937100,,0.0,-1,0.0,,1,0,35000.0,0.0,0.0003331058626868631,0.0,2,False,False
100000005507142100,,0.0,-1,0.0,,3,3,51000.0,100000.0,0.0005613773840909425,1.9607843137254901,2,False,False
100000005539910100,,0.0,-1,0.0,,1,2,102000.0,22000.0,0.0005009093581213375,0.21568627450980393,2,False,False
100000002459163100,,0.0,-1,0.0,,1,0,20180.0,0.0,0.0003630686982046425,0.0,2,False,False
100000004666651100,,0.0,-1,0.0,,1,0,429250.0,0.0,0.0004595487674556434,0.0,2,False,False
100000003927792100,,0.0,-1,0.0,,1,0,13067.0,0.0,0.0002910228236289723,0.0,2,False,False
100000000607941100,,0.0,-1,0.0,,2,1,50000.0,70000.0,0.0005809708535676362,1.4,2,False,False
100000004158362100,,0.0,-1,0.0,,1,0,12000.0,0.0,0.0002926863409680728,0.0,2,False,False
100000005664922100,,0.0,-1,0.0,,2,3,22000.0,537000.0,0.000809451649809635,24.40909090909091,2,False,False
100000007594394100,,0.0,-1,0.0,,6,1,395385.0,3376312.0,0.00040735504047843135,8.539302199122375,2,False,False
100000000979567100,,0.0,-1,0.0,,1,0,10000.0,0.0,0.0005330555533176554,0.0,2,False,False
100000002831727100,,0.0,-1,0.0,,1,1,6000.0,77000.0,0.00029204782602553907,12.833333333333334,2,False,False
100000003062895100,,0.0,-1,0.0,,2,0,328444.0,0.0,0.00040944878638608914,0.0,2,False,False
100000008376089100,,0.0,-1,0.0,,1,0,135000.0,0.0,0.00030378388739894286,0.0,2,False,False
100000003219438100,,0.0,-1,0.0,,1,0,32000.0,0.0,0.00044906773210670175,0.0,2,False,False
100000000967918100,,0.0,-1,0.0,,1,0,21200.0,0.0,0.0004813696736407526,0.0,2,False,False
100000003254723100,,0.0,-1,0.0,,1,0,269850.0,0.0,0.0005323522975929796,0.0,2,False,False
100000003823811100,,0.0,-1,0.0,,1,3,30000.0,66130.0,0.00035853267159090203,2.2043333333333335,2,False,False
100000008587459100,,0.0,-1,0.0,,2,2,181507.0,686500.0,0.000302100248309845,3.782223275135394,2,False,False
100000008603331100,,0.0,-1,0.0,,2,6,39500.0,741774.0,0.0003457640344523476,18.779088607594936,2,False,False
100000008758168100,,0.0,-1,0.0,,2,5,75410.0,1533600.0,0.000319785946482584,20.33682535472749,2,False,False
100000003724440100,,0.0,-1,0.0,,2,0,50000.0,0.0,0.00030946154870462625,0.0,2,False,False
100000000291906100,,0.0,-1,0.0,,2,2,388000.0,455854.0,0.0007661900611786519,1.1748814432989692,2,False,False
100000005077484100,,0.0,-1,0.0,,1,2,150000.0,13550.0,0.0005419664720516552,0.09033333333333333,2,False,False
100000004192107100,,0.0,-1,0.0,,1,0,25000.0,0.0,0.00030063779255075156,0.0,2,False,False
100000002193259100,,0.0,-1,0.0,,2,3,48000.0,58000.0,0.0008946523204913112,1.2083333333333333,2,False,False
100000005481280100,,0.0,-1,0.0,,1,3,32700.0,50000.0,0.00029729416448782535,1.529051987767584,2,False,False
100000004527381100,,0.0,-1,0.0,,1,1,119333.17,273866.11,0.00037716242361583914,2.2949705433954364,2,False,False
100000001578517100,,0.0,-1,0.0,,1,0,30000.0,0.0,0.00029183902641192615,0.0,2,False,False
100000003741418100,,0.0,-1,0.0,,9,3,151900.0,39920.0,0.0006352433648149024,0.2628044766293614,2,False,False
100000008737514100,,0.0,-1,0.0,,1,0,85000.0,0.0,0.00031400027801698605,0.0,2,False,False
100000002870463100,,0.0,-1,0.0,,3,1,207000.0,10000.0,0.001955294276139283,0.04830917874396135,2,False,False
100000008545727100,,0.0,-1,0.0,,1,6,30000.0,1866500.0,0.00034020796740156855,62.21666666666667,2,False,False
100000000425407100,,0.0,-1,0.0,,1,0,20000.0,0.0,0.0003064569809907412,0.0,2,False,False
100000001418900100,,0.0,-1,0.0,,1,0,40140.0,0.0,0.00030053744894473444,0.0,2,False,False
100000001677929100,,0.0,-1,0.0,,3,2,126777.0,286098.0,0.003343108628672502,2.2567027142147236,2,False,False
100000002539625100,,0.0,-1,0.0,,1,0,94700.0,0.0,0.00034655239124734027,0.0,2,False,False
100000001965374100,,0.0,-1,0.0,,2,3,1759720.0,3082100.0,0.0012868592554938125,1.7514718250630783,2,False,False
100000001287955100,,0.0,-1,0.0,,1,4,17520.0,310000.0,0.0002952309161654955,17.69406392694064,2,False,False
100000005402643100,,0.0,-1,0.0,,1,1,127800.0,90000.0,0.00029892576035440874,0.704225352112676,2,False,False
100000008752616100,,0.0,-1,0.0,,2,7,64510.0,1265000.0,0.00031445686786814043,19.6093628894745,2,False,False
100000000733373100,,0.0,-1,0.0,,1,0,10710.0,0.0,0.00030714731081630116,0.0,2,False,False
100000008531133100,,0.0,-1,0.0,,1,3,25000.0,158271.68,0.0005350843638155041,6.3308672,2,False,False
100000005933757100,,0.0,-1,0.0,,4,34,1246000.0,3002628.0,0.0010029471243756167,2.409813804173355,2,False,False
100000006490557100,,0.0,-1,0.0,,1,0,5000.0,0.0,0.00028744427274714717,0.0,2,False,False
100000008497298100,,0.0,-1,0.0,,1,0,600000.0,0.0,0.00034354795715058794,0.0,2,False,False
100000005168487100,,0.0,-1,0.0,,1,1,15000.0,103510.0,0.0018378455498938076,6.900666666666667,2,False,False
100000005799271100,,0.0,-1,0.0,,1,0,45000.0,0.0,0.0005390192598994263,0.0,2,False,False
100000000912487100,,0.0,-1,0.0,,1,0,10000.0,0.0,0.00029298450997286904,0.0,2,False,False
100000007982908100,,0.0,-1,0.0,,1,0,31080.0,0.0,0.00029744779522469095,0.0,2,False,False
100000005413948100,,0.0,-1,0.0,,2,1,28215.0,5000.0,0.0018767228090608437,0.177210703526493,2,False,False
100000000724540100,,0.0,-1,0.0,,1,1,50000.0,100000.0,0.0003110163299181178,2.0,2,False,False
100000005730108100,,0.0,-1,0.0,,1,0,8000.0,0.0,0.0003602529348131057,0.0,2,False,False
100000002566204100,,0.0,-1,0.0,,1,0,80805.0,0.0,0.00032550825717903926,0.0,2,False,False
100000000625169100,,0.0,-1,0.0,,1,0,10000.0,0.0,0.0002902590644941704,0.0,2,False,False
100000001114385100,,0.0,-1,0.0,,1,0,29500.0,0.0,0.00029151911855551074,0.0,2,False,False
100000002964966100,,0.0,-1,0.0,,1,0,200000.0,0.0,0.0003971603856800477,0.0,2,False,False
100000008771814100,,0.0,-1,0.0,,1,0,23700.0,0.0,0.0002949310574262449,0.0,2,False,False
100000001241318100,,0.0,-1,0.0,,1,0,53000.0,0.0,0.0005331634962668745,0.0,2,False,False
100000001250022100,,0.0,-1,0.0,,1,0,50000.0,0.0,0.00029636547102946563,0.0,2,False,False
100000006534886100,,0.0,-1,0.0,,1,1,71700.0,167500.0,0.0011344436242360521,2.336122733612273,2,False,False
100000008655035100,,0.0,-1,0.0,,1,0,30000.0,0.0,0.000542505761682596,0.0,2,False,False
100000005932987100,,0.0,-1,0.0,,1,0,25000.0,0.0,0.00041358235179354716,0.0,2,False,False
100000008636603100,,0.0,-1,0.0,,2,6,35460.0,159375.0,0.00034020505875882143,4.494500846023689,2,False,False
100000008710843100,,0.0,-1,0.0,,2,13,33944.0,1985500.0,0.00029418619651617485,58.49340089559274,2,False,False
100000000917179100,,0.0,-1,0.0,,1,0,94465.0,0.0,0.0004277409828661822,0.0,2,False,False
100000004209339100,,0.0,-1,0.0,,1,2,138500.0,238500.0,0.000822974908872887,1.7220216606498195,2,False,False
100000008765627100,,0.0,-1,0.0,,1,0,60000.0,0.0,0.0002982687951003312,0.0,2,False,False
100000002443664100,,0.0,-1,0.0,,3,0,556880.0,0.0,0.00034027670681484014,0.0,2,False,False
100000008144528100,,0.0,-1,0.0,,5,0,1068202.6,0.0,0.001060356005512535,0.0,2,False,False
100000003988112100,,0.0,-1,0.0,,1,1,92000.0,64000.0,0.0005066792348168145,0.6956521739130435,2,False,False
100000008008463100,,0.0,-1,0.0,,1,0,54180.0,0.0,0.0002971610604910875,0.0,2,False,False
100000006679055100,,0.0,-1,0.0,,1,0,25000.0,0.0,0.0003021879989194658,0.0,2,False,False
100000007382543100,,0.0,-1,0.0,,3,5,218000.0,427000.0,0.0011951552336921967,1.9587155963302751,2,False,False
100000007749092100,,0.0,-1,0.0,,1,1,7650.0,70375.0,0.0018294767588865645,9.199346405228757,2,False,False
100000004221668100,,0.0,-1,0.0,,4,3,1128300.0,731440.0,0.003108958178821101,0.6482673047948241,2,False,False
100000008174521100,,0.0,-1,0.0,,1,0,82110.0,0.0,0.00044247037842405667,0.0,2,False,False
100000002692750100,,0.0,-1,0.0,,3,1,112830.0,77000.0,0.002038373959908245,0.682442612780289,2,False,False
100000002173070100,,0.0,-1,0.0,,1,0,30000.0,0.0,0.00029183902641192615,0.0,2,False,False
100000005911352100,,0.0,-1,0.0,,2,3,15000.0,24000.0,0.000554147066488471,1.6,2,False,False
100000003068941100,,0.0,-1,0.0,,3,1,94000.0,25000.0,0.00032159897502201135,0.26595744680851063,2,False,False
100000001420847100,,0.0,-1,0.0,,1,0,20000.0,0.0,0.00030417876850980863,0.0,2,False,False
100000005602999100,,0.0,-1,0.0,,1,2,5000.0,16000.0,0.0003062035820180169,3.2,2,False,False
100000000723383100,,0.0,-1,0.0,,1,2,6800.0,75000.0,0.00039098538061520894,11.029411764705882,2,False,False
100000006977207100,,0.0,-1,0.0,,1,15,414000.0,4157018.0,0.0003494194842551102,10.041106280193237,2,False,False
100000001273783100,,0.0,-1,0.0,,1,0,23200.0,0.0,0.0002979483894523238,0.0,2,False,False
100000000201868100,,0.0,-1,0.0,,1,1,190000.0,190000.0,0.0009794617939092784,1.0,2,False,False
100000007777377100,,0.0,-1,0.0,,1,2,456290.0,10000.0,0.0003627477602397754,0.021915886826360427,2,False,False
100000004192865100,,0.0,-1,0.0,,1,0,66666.0,0.0,0.0005582226968831463,0.0,2,False,False
100000006901046100,,0.0,-1,0.0,,1,1,75800.0,5500.0,0.0030447256508331433,0.07255936675461741,2,False,False
100000000437046100,,0.0,-1,0.0,,9,42,1107200.0,7606224.0,0.0007959082210455859,6.86978323699422,2,False,False
100000008765494100,,0.0,-1,0.0,,1,0,24000.0,0.0,0.0002950333638408159,0.0,2,False,False
100000008713270100,,0.0,-1,0.0,,1,3,30000.0,190000.0,0.00029255882288773457,6.333333333333333,2,False,False
100000003603979100,,0.0,-1,0.0,,1,0,165000.0,0.0,0.0005881411619085306,0.0,2,False,False
100000000943371100,,0.0,-1,0.0,,1,0,15500.0,0.0,0.000307334098851759,0.0,2,False,False
100000008672480100,,0.0,-1,0.0,,1,0,13000.0,0.0,0.00029128212863988013,0.0,2,False,False
100000008691168100,,0.0,-1,0.0,,1,0,24000.0,0.0,0.0002950333638408159,0.0,2,False,False
100000003237045100,,0.0,-1,0.0,,1,1,340200.0,150000.0,0.0003958506071285404,0.4409171075837742,2,False,False
100000008736394100,,0.0,-1,0.0,,1,0,16000.0,0.0,0.0002923051927855899,0.0,2,False,False
100000004160650100,,0.0,-1,0.0,,2,10,75100.0,1489827.0,0.00037084661130750535,19.83790945406125,2,False,False
100000000629812100,,0.0,-1,0.0,,2,0,22000.0,0.0,0.00029931490836673796,0.0,2,False,False
100000000955444100,,0.0,-1,0.0,,1,0,6910.0,0.0,0.00035409257611345455,0.0,2,False,False
100000008731444100,,0.0,-1,0.0,,3,9,439000.0,879767.8,0.0003549278730782811,2.0040268792710707,2,False,False
100000008413748100,,0.0,-1,0.0,,2,18,26480.0,1377320.22,0.0003926188919180002,52.01360347432024,2,False,False
100000006787636100,,0.0,-1,0.0,,1,0,20000.0,0.0,0.0003597554762787316,0.0,2,False,False
100000005942793100,,0.0,-1,0.0,,4,0,55000.0,0.0,0.0003337093056770519,0.0,2,False,False
100000008730846100,,0.0,-1,0.0,,7,3,155042.0,363370.0,0.0005383983709868994,2.343687516930896,2,False,False
100000002570206100,,0.0,-1,0.0,,2,0,166959.6,0.0,0.00031992676454717253,0.0,2,False,False
100000000785800100,,0.0,-1,0.0,,1,1,19000.0,19000.0,0.00035861183893383896,1.0,2,False,False
100000007382152100,,0.0,-1,0.0,,1,0,5860.0,0.0,0.0002877642844116333,0.0,2,False,False
100000000910216100,,0.0,-1,0.0,,1,1,71000.0,52010.0,0.000324678711888624,0.7325352112676057,2,False,False
100000003131016100,,0.0,-1,0.0,,1,1,405700.0,126000.0,0.0016950738653232506,0.31057431599704216,2,False,False
100000003221384100,,0.0,-1,0.0,,1,0,511200.0,0.0,0.00045014072899458244,0.0,2,False,False
100000002156381100,,0.0,-1,0.0,,2,1,61000.0,21800.0,0.001086797883024389,0.35737704918032787,2,False,False
100000002779485100,,0.0,-1,0.0,,1,0,91000.0,0.0,0.0005492997691906768,0.0,2,False,False
100000008774237100,,0.0,-1,0.0,,1,1,50000.0,10000.0,0.0003117296868876269,0.2,2,False,False
100000002628146100,,0.0,-1,0.0,,1,0,30500.0,0.0,0.000320635907110544,0.0,2,False,False
100000002852402100,,0.0,-1,0.0,,1,0,55000.0,0.0,0.0003284738784167002,0.0,2,False,False
100000006989106100,,0.0,-1,0.0,,1,0,64000.0,0.0,0.0004978155873421427,0.0,2,False,False
100000002958343100,,0.0,-1,0.0,,1,2,2900000.0,1390000.0,0.0006321936524405388,0.4793103448275862,2,False,False
100000008461532100,,0.0,-1,0.0,,2,8,565300.0,2530090.0,0.0007483125003170445,4.475658942154608,2,False,False
100000004400305100,,0.0,-1,0.0,,7,82,222800.0,5830181.0,0.0003875197625312218,26.167778276481148,2,False,False
100000000297649100,,0.0,-1,0.0,,1,1,40000.0,70600.0,0.00081261962354166,1.765,2,False,False
100000003191430100,,0.0,-1,0.0,,1,0,180000.0,0.0,0.0005330642698010572,0.0,2,False,False
100000003275398100,,0.0,-1,0.0,,1,1,300000.0,20000.0,0.00043613386795007206,0.06666666666666667,2,False,False
100000005203590100,,0.0,-1,0.0,,1,0,90000.0,0.0,0.00030397876731292787,0.0,2,False,False
100000008672603100,,0.0,-1,0.0,,1,0,21200.0,0.0,0.00029854187338565827,0.0,2,False,False
100000000718427100,,0.0,-1,0.0,,1,0,6000.0,0.0,0.0002888949789665574,0.0,2,False,False
100000003104347100,,0.0,-1,0.0,,1,1,418000.0,32000.0,0.0003659292140404731,0.07655502392344497,2,False,False
100000002974256100,,0.0,-1,0.0,,1,0,7200.0,0.0,0.0005342360284364493,0.0,2,False,False
100000007173936100,,0.0,-1,0.0,,1,0,10000.0,0.0,0.00028810329783986416,0.0,2,False,False
100000002744581100,,0.0,-1,0.0,,1,0,12000.0,0.0,0.00032640511380020124,0.0,2,False,False
100000000596954100,,0.0,-1,0.0,,1,2,120000.0,48100.0,0.0005178616657439626,0.4008333333333333,2,False,False
100000004950490100,,0.0,-1,0.0,,1,0,10000.0,0.0,0.0003321133600975869,0.0,2,False,False
100000008772058100,,0.0,-1,0.0,,1,0,50000.0,0.0,0.00030389991977030045,0.0,2,False,False
100000000971908100,,0.0,-1,0.0,,1,0,89000.0,0.0,0.00030378843490584136,0.0,2,False,False
100000008687492100,,0.0,-1,0.0,,1,0,15000.0,0.0,0.0002919641714036867,0.0,2,False,False
100000003159641100,,0.0,-1,0.0,,4,1,64000.0,197800.0,0.0003065755783923238,3.090625,2,False,False
100000005326681100,,0.0,-1,0.0,,1,0,31228.0,0.0,0.0002968239656519759,0.0,2,False,False
100000006888238100,,0.0,-1,0.0,,1,1,18000.0,30000.0,0.0006123269432202905,1.6666666666666667,2,False,False
100000001290243100,,0.0,-1,0.0,,1,0,10000.0,0.0,0.00032137486407264197,0.0,2,False,False
100000008289539100,,0.0,-1,0.0,,1,0,14912.0,0.0,0.0002916121693165689,0.0,2,False,False
100000000821507100,,0.0,-1,0.0,,1,0,400000.0,0.0,0.0003370267372641897,0.0,2,False,False
100000003086040100,,0.0,-1,0.0,,1,0,10500.0,0.0,0.0005510497606358253,0.0,2,False,False
100000002969048100,,0.0,-1,0.0,,1,0,108470.0,0.0,0.0003074942068718166,0.0,2,False,False
100000002826669100,,0.0,-1,0.0,,1,0,159900.0,0.0,0.00047829346095073805,0.0,2,False,False
100000002293421100,,0.0,-1,0.0,,2,2,41000.0,47000.0,0.00097872887506679,1.146341463414634,2,False,False
100000004732589100,,0.0,-1,0.0,,1,0,227520.0,0.0,0.0003957008792348511,0.0,2,False,False
100000003003821100,,0.0,-1,0.0,,1,0,40000.0,0.0,0.00043985019963380925,0.0,2,False,False
100000005237935150,,0.0,-1,0.0,,1,0,34508.0,0.0,0.0002993098467736381,0.0,2,False,False
100000004463277100,,0.0,-1,0.0,,1,0,35000.0,0.0,0.0006948210120651957,0.0,2,False,False
100000006523053100,,0.0,-1,0.0,,1,0,5000.0,0.0,0.0005410075313508007,0.0,2,False,False
100000001954903100,,0.0,-1,0.0,,1,0,27118.0,0.0,0.00029982287190616065,0.0,2,False,False
100000005328215100,,0.0,-1,0.0,,1,0,27000.0,0.0,0.0002997664173554836,0.0,2,False,False
100000004424023100,,0.0,-1,0.0,,1,1,50000.0,100000.0,0.0009757985999759034,2.0,2,False,False
100000002299948100,,0.0,-1,0.0,,1,0,6750.0,0.0,0.00029432631398461297,0.0,2,False,False
100000005105153100,,0.0,-1,0.0,,1,0,30000.0,0.0,0.00040314809720736904,0.0,2,False,False
100000001985793100,,0.0,-1,0.0,,1,0,420000.0,0.0,0.0003743112625994553,0.0,2,False,False
100000003134934100,,0.0,-1,0.0,,4,0,379354.0,0.0,0.00042632840153352194,0.0,2,False,False
100000006240939100,,0.0,-1,0.0,,1,5,160000.0,778015.0,0.00032016786474154454,4.86259375,2,False,False
100000008656043100,,0.0,-1,0.0,,1,0,26200.0,0.0,0.0002957836108810031,0.0,2,False,False
100000002605184100,,0.0,-1,0.0,,1,0,140000.0,0.0,0.00039280346674456916,0.0,2,False,False
100000003157333100,,0.0,-1,0.0,,1,0,30000.0,0.0,0.00029255882288773457,0.0,2,False,False
100000007898453100,,0.0,-1,0.0,,1,2,24750.0,320000.0,0.00033449524378308294,12.929292929292929,2,False,False
100000002710570100,,0.0,-1,0.0,,1,0,225015.0,0.0,0.0005414532929435287,0.0,2,False,False
100000004979498100,,0.0,-1,0.0,,1,1,700000.0,200000.0,0.0013279423584759303,0.2857142857142857,2,False,False
100000001541418100,,0.0,-1,0.0,,2,0,96900.0,0.0,0.0003048959847607101,0.0,2,False,False
100000007797290100,,0.0,-1,0.0,,1,1,100000.0,20000.0,0.0003024705867928064,0.2,2,False,False
100000008683818100,,0.0,-1,0.0,,1,0,17400.0,0.0,0.0002927826227202545,0.0,2,False,False
100000006567935100,,0.0,-1,0.0,,1,0,200000.0,0.0,0.0003119377939696638,0.0,2,False,False
100000002132479100,,0.0,-1,0.0,,1,1,30000.0,20000.0,0.000608543240087641,0.6666666666666666,2,False,False
100000002170580100,,0.0,-1,0.0,,1,0,150000.0,0.0,0.0003586131100103919,0.0,2,False,False
100000001232297100,,0.0,-1,0.0,,1,2,5000.0,45000.0,0.00029345699524824145,9.0,2,False,False
100000002028158100,,0.0,-1,0.0,,1,0,34800.0,0.0,0.00029796496445744745,0.0,2,False,False
100000005519998100,,0.0,-1,0.0,,3,3,182000.0,188000.0,0.0006551647286806784,1.032967032967033,2,False,False
100000002335358100,,0.0,-1,0.0,,1,0,140000.0,0.0,0.0006151184450136051,0.0,2,False,False
100000007289427100,,0.0,-1,0.0,,1,0,12300.0,0.0,0.00037528145588889395,0.0,2,False,False
100000004592467100,,0.0,-1,0.0,,1,0,7000.0,0.0,0.00028790680824774607,0.0,2,False,False
100000004993576100,,0.0,-1,0.0,,1,0,167000.0,0.0,0.00034019341968794545,0.0,2,False,False
100000001648936100,,0.0,-1,0.0,,1,0,92740.0,0.0,0.00030450027810834503,0.0,2,False,False
100000008512552100,,0.0,-1,0.0,,4,6,394360.0,1302275.0,0.0004277420103501143,3.3022492139162187,2,False,False
100000007629096100,,0.0,-1,0.0,,4,1,1075170.0,765205.0,0.0025022585486800825,0.7117060557865268,2,False,False
100000001601320100,,0.0,-1,0.0,,2,1,43500.0,46200.0,0.0008152009196827951,1.0620689655172413,2,False,False
100000005782781100,,0.0,-1,0.0,,6,10,171888.0,1263597.0,0.0004896362070138848,7.351281066741134,2,False,False
100000002723538100,,0.0,-1,0.0,,3,12,105647.0,560499.0,0.0003217367684418318,5.305394379395534,2,False,False
100000002340562100,,0.0,-1,0.0,,1,0,36650.0,0.0,0.0005331828016435867,0.0,2,False,False
100000005939154100,,0.0,-1,0.0,,1,0,22000.0,0.0,0.00029501093822377597,0.0,2,False,False
100000004386258100,,0.0,-1,0.0,,3,3,61700.0,40000.0,0.0005359655801261061,0.6482982171799028,2,False,False
100000008406609100,,0.0,-1,0.0,,1,0,34000.0,0.0,0.000432380515046988,0.0,2,False,False
100000007242833100,,0.0,-1,0.0,,1,1,107500.0,45000.0,0.0005160352036917602,0.4186046511627907,2,False,False
100000004698193100,,0.0,-1,0.0,,2,3,222700.0,38000.0,0.000828719533321107,0.17063313875168387,2,False,False
100000002733905100,,0.0,-1,0.0,,3,2,100000.0,717839.0,0.0029378997793495596,7.17839,2,False,False
100000006912294100,,0.0,-1,0.0,,1,2,6335.09,30000.0,0.0005050490593143352,4.7355286191672095,2,False,False
100000003036198100,,0.0,-1,0.0,,1,0,15000.0,0.0,0.0002892235631566834,0.0,2,False,False
100000004687099100,,0.0,-1,0.0,,1,0,30000.0,0.0,0.00033570064330650136,0.0,2,False,False
100000005242320100,,0.0,-1,0.0,,2,21,365700.0,8936295.0,0.0005023175201394404,24.43613617719442,2,False,False
100000008762832100,,0.0,-1,0.0,,1,1,150000.0,85000.0,0.00030951937008817133,0.5666666666666667,2,False,False
100000002489253100,,0.0,-1,0.0,,1,0,51000.0,0.0,0.0003031895019953128,0.0,2,False,False
100000004756901100,,0.0,-1,0.0,,1,0,153248.0,0.0,0.00031233999905218226,0.0,2,False,False
100000008749989100,,0.0,-1,0.0,,1,0,16000.0,0.0,0.0002923051927855899,0.0,2,False,False
100000001380986100,,0.0,-1,0.0,,1,0,70170.0,0.0,0.00029347981117744176,0.0,2,False,False
100000003089018100,,0.0,-1,0.0,,1,0,230000.0,0.0,0.0003085835081573937,0.0,2,False,False
100000008742266100,,0.0,-1,0.0,,1,0,21000.0,0.0,0.0002940102996951062,0.0,2,False,False
100000003044431100,,0.0,-1,0.0,,2,0,60000.0,0.0,0.00030380939962834213,0.0,2,False,False
100000003321423100,,0.0,-1,0.0,,1,0,100000.0,0.0,0.0006739434775327184,0.0,2,False,False
100000002540623100,,0.0,-1,0.0,,1,0,100000.0,0.0,0.0003346916902319739,0.0,2,False,False
100000004225615100,,0.0,-1,0.0,,1,0,90000.0,0.0,0.0002953537166464554,0.0,2,False,False
100000004820260100,,0.0,-1,0.0,,1,3,234200.0,215350.0,0.0014103695688040066,0.9195132365499573,2,False,False
100000000795129100,,0.0,-1,0.0,,1,0,332000.0,0.0,0.0003928991315868272,0.0,2,False,False
100000008213966100,,0.0,-1,0.0,,3,1,187004.0,436900.0,0.001943135283772622,2.336313661739856,2,False,False
100000008478414100,,0.0,-1,0.0,,1,0,10000.0,0.0,0.0002902590644941704,0.0,2,False,False
100000001330595100,,0.0,-1,0.0,,3,1,87000.0,154000.0,0.0006784467559252037,1.7701149425287357,2,False,False
100000000076451100,,0.0,-1,0.0,,3,4,87707.0,58000.0,0.0014012275295631391,0.661292713238396,2,False,False
100000005664632100,,0.0,-1,0.0,,1,0,198620.0,0.0,0.0003667595262044192,0.0,2,False,False
100000002457464100,,0.0,-1,0.0,,1,0,66647.0,0.0,0.000323608515042499,0.0,2,False,False
100000002757240100,,0.0,-1,0.0,,1,0,51183.0,0.0,0.00031825299565871535,0.0,2,False,False
100000003718221100,,0.0,-1,0.0,,2,4,350000.0,423500.0,0.0010507940734642526,1.21,2,False,False
100000008629581100,,0.0,-1,0.0,,1,0,54184.0,0.0,0.00031673445173866806,0.0,2,False,False
100000004806903100,,0.0,-1,0.0,,1,0,18000.0,0.0,0.0005358736858678877,0.0,2,False,False
100000000913911100,,0.0,-1,0.0,,2,1,467000.0,600000.0,0.00046143588882109003,1.284796573875803,2,False,False
100000004905207100,,0.0,-1,0.0,,1,0,380000.0,0.0,0.00043673834988646165,0.0,2,False,False
100000003831201100,,0.0,-1,0.0,,1,0,40500.0,0.0,0.0005366717916456746,0.0,2,False,False
100000003073398100,,0.0,-1,0.0,,1,0,92960.0,0.0,0.00030454215123790413,0.0,2,False,False
100000008418934100,,0.0,-1,0.0,,1,0,360000.0,0.0,0.0003208683145604079,0.0,2,False,False
100000002741024100,,0.0,-1,0.0,,5,6,817980.85,434989.0,0.002881440784720116,0.5317838431058625,2,False,False
100000008106997100,,0.0,-1,0.0,,2,1,35600.0,20600.0,0.00030673426661240465,0.5786516853932584,2,False,False
100000007998965100,,0.0,-1,0.0,,5,1,278000.0,26000.0,0.0004739839224724543,0.09352517985611511,2,False,False
100000001822623100,,0.0,-1,0.0,,1,0,201300.0,0.0,0.00032493228882212827,0.0,2,False,False
100000006424479100,,0.0,-1,0.0,,1,2,500000.0,220000.0,0.0009476633079854986,0.44,2,False,False
100000008696692100,,0.0,-1,0.0,,1,0,19000.0,0.0,0.0002933282569312997,0.0,2,False,False
100000002748532100,,0.0,-1,0.0,,3,2,355575.0,646685.0,0.0003406225550005023,1.8187021022287844,2,False,False
100000004456564100,,0.0,-1,0.0,,1,0,10000.0,0.0,0.00039408031381263885,0.0,2,False,False
100000001530740100,,0.0,-1,0.0,,1,0,15000.0,0.0,0.0005321421608384037,0.0,2,False,False
100000001386612100,,0.0,-1,0.0,,1,0,62264.0,0.0,0.0004356262315251092,0.0,2,False,False
100000003360542100,,0.0,-1,0.0,,2,2,317000.0,51800.0,0.0014621232336168937,0.16340694006309148,2,False,False
100000008352542100,,0.0,-1,0.0,,1,0,50220.0,0.0,0.0003329485783307634,0.0,2,False,False
100000001138376100,,0.0,-1,0.0,,1,0,15300.0,0.0,0.0002917361075966705,0.0,2,False,False
100000003246024100,,0.0,-1,0.0,,1,1,25000.0,5000.0,0.00037362633493987244,0.2,2,False,False
100000002680477100,,0.0,-1,0.0,,1,0,25000.0,0.0,0.0002958764646331333,0.0,2,False,False
100000005882013100,,0.0,-1,0.0,,2,1,135000.0,10000.0,0.0005286709305561867,0.07407407407407407,2,False,False
100000005665181100,,0.0,-1,0.0,,4,11,45498.0,181915.0,0.0004002985549973439,3.998307617917271,2,False,False
100000008141170100,,0.0,-1,0.0,,1,0,11000.0,0.0,0.0006245744237647764,0.0,2,False,False
100000001382002100,,0.0,-1,0.0,,1,1,55000.0,56500.0,0.000666013262421275,1.0272727272727273,2,False,False
100000002481735100,,0.0,-1,0.0,,1,0,22436.0,0.0,0.00036431141433377804,0.0,2,False,False
100000000806727100,,0.0,-1,0.0,,1,1,45000.0,5000.0,0.00034738627402717463,0.1111111111111111,2,False,False
100000003039473100,,0.0,-1,0.0,,1,0,23000.0,0.0,0.0003135944817852376,0.0,2,False,False
100000005205745100,,0.0,-1,0.0,,1,0,6000.0,0.0,0.0003136533125139483,0.0,2,False,False
100000004356593100,,0.0,-1,0.0,,1,1,50000.0,10000.0,0.00029476455894695636,0.2,2,False,False
100000008688881100,,0.0,-1,0.0,,1,0,44211.0,0.0,0.0003019257469904626,0.0,2,False,False
100000008111003100,,0.0,-1,0.0,,6,1,222716.0,35000.0,0.0004716778968758085,0.15715081089818422,2,False,False
100000003016773100,,0.0,-1,0.0,,1,0,46555.0,0.0,0.0003161994138360553,0.0,2,False,False
100000004674799100,,0.0,-1,0.0,,1,0,140000.0,0.0,0.0007939298298890641,0.0,2,False,False
100000005834479100,,0.0,-1,0.0,,1,2,7500.0,14470.0,0.0002880362069159106,1.9293333333333333,2,False,False
100000003278020100,,0.0,-1,0.0,,1,0,190000.0,0.0,0.0003259973532000966,0.0,2,False,False
100000000831684100,,0.0,-1,0.0,,1,1,15000.0,50000.0,0.0019199218378837606,3.3333333333333335,2,False,False
100000000307908100,,0.0,-1,0.0,,1,0,5000.0,0.0,0.0002978753639348788,0.0,2,False,False
100000001782980100,,0.0,-1,0.0,,1,1,50000.0,596200.0,0.0003718880578006437,11.924,2,False,False
100000002454724100,,0.0,-1,0.0,,1,0,125000.0,0.0,0.00030252944023421654,0.0,2,False,False
100000005904580100,,0.0,-1,0.0,,2,0,72000.0,0.0,0.0005249309055138301,0.0,2,False,False
100000008474308100,,0.0,-1,0.0,,1,1,14000.0,10000.0,0.00044693042047161456,0.7142857142857143,2,False,False
100000000795033100,,0.0,-1,0.0,,1,0,18200.0,0.0,0.0005353514037945994,0.0,2,False,False
100000000861294100,,0.0,-1,0.0,,1,0,150000.0,0.0,0.00031539871173812123,0.0,2,False,False
100000006557763100,,0.0,-1,0.0,,1,0,10000.0,0.0,0.0003487142337287927,0.0,2,False,False
100000005608515100,,0.0,-1,0.0,,1,0,64000.0,0.0,0.00029447025319685705,0.0,2,False,False
100000003922499100,,0.0,-1,0.0,,1,0,50000.0,0.0,0.0005375833478114201,0.0,2,False,False
100000008603629100,,0.0,-1,0.0,,19,61,1817300.0,4986156.0,0.0011969051333826262,2.7437165025037142,2,False,False
100000004825069100,,0.0,-1,0.0,,1,0,30000.0,0.0,0.0002970794921322354,0.0,2,False,False
100000004331458100,,0.0,-1,0.0,,2,0,250000.0,0.0,0.0013288678037691954,0.0,2,False,False
100000002911170100,,0.0,-1,0.0,,1,0,300000.0,0.0,0.00032448226561692674,0.0,2,False,False
100000008011159100,,0.0,-1,0.0,,3,5,363000.0,153037.0,0.0004882281885694322,0.4215895316804408,2,False,False
100000003854444100,,0.0,-1,0.0,,1,14,210000.0,2322909.0,0.00046881298793918075,11.061471428571428,2,False,False
100000008547948100,,0.0,-1,0.0,,6,26,212665.0,5185600.0,0.0004304698388642603,24.383890155878966,2,False,False
100000005175148100,,0.0,-1,0.0,,2,1,79000.0,15000.0,0.0007224239433805334,0.189873417721519,2,False,False
100000002087788100,,0.0,-1,0.0,,1,0,100500.0,0.0,0.0006613596572143559,0.0,2,False,False
100000004150593100,,0.0,-1,0.0,,1,11,57000.0,871165.0,0.0003079960775057002,15.28359649122807,2,False,False
100000001597505100,,0.0,-1,0.0,,1,1,26460.0,12920.0,0.00031616050684828037,0.48828420256991684,2,False,False
100000007629121100,,0.0,-1,0.0,,1,0,29000.0,0.0,0.0003977748286701746,0.0,2,False,False
100000005614315100,,0.0,-1,0.0,,1,0,455000.0,0.0,0.0005776190601164816,0.0,2,False,False
100000008324800100,,0.0,-1,0.0,,3,1,526500.0,511000.0,0.001876753071855338,0.9705603038936372,2,False,False
100000005030592100,,0.0,-1,0.0,,1,0,10000.0,0.0,0.00029004313624476707,0.0,2,False,False
100000001633685100,,0.0,-1,0.0,,3,0,45000.0,0.0,0.00030755387279839087,0.0,2,False,False
100000001848426100,,0.0,-1,0.0,,1,0,95530.0,0.0,0.0003050313055241165,0.0,2,False,False
100000004580202100,,0.0,-1,0.0,,1,3,9000.0,45000.0,0.0003231892346538885,5.0,2,False,False
100000008717375100,,0.0,-1,0.0,,1,0,29506.0,0.0,0.00030312311143441224,0.0,2,False,False
100000007861311100,,0.0,-1,0.0,,1,0,45000.0,0.0,0.00036012653962218304,0.0,2,False,False
100000005578559100,,0.0,-1,0.0,,2,21,131000.0,893163.6699999999,0.00039274226148974345,6.818043282442748,2,False,False
100000008764436100,,0.0,-1,0.0,,1,0,13100.0,0.0,0.0002913162307780705,0.0,2,False,False
100000000190228100,,0.0,-1,0.0,,1,1,5000.0,28560.0,0.0005845722996267024,5.712,2,False,False
100000003971049100,,0.0,-1,0.0,,1,0,55900.0,0.0,0.0002955814011649146,0.0,2,False,False
100000008743913100,,0.0,-1,0.0,,3,13,149300.0,1850600.0,0.00033358519084050845,12.395177494976558,2,False,False
100000004400361100,,0.0,-1,0.0,,1,0,10000.0,0.0,0.0002885122425874006,0.0,2,False,False
100000002175422100,,0.0,-1,0.0,,3,6,68500.0,1621188.0,0.0008493337041109494,23.66697810218978,2,False,False
100000004544958100,,0.0,-1,0.0,,1,2,168000.0,23200.0,0.001220845768505495,0.1380952380952381,2,False,False
100000008466579100,,0.0,-1,0.0,,2,17,36952.0,1933000.0,0.0003559298666444717,52.31110630006495,2,False,False
100000001184915100,,0.0,-1,0.0,,1,0,201000.0,0.0,0.00035105399062468476,0.0,2,False,False
100000004435304100,,0.0,-1,0.0,,1,0,26200.0,0.0,0.0002957836108810031,0.0,2,False,False
100000008762728100,,0.0,-1,0.0,,1,0,17026.0,0.0,0.00031911790598451663,0.0,2,False,False
100000004285800100,,0.0,-1,0.0,,1,1,5000.0,15000.0,0.00034574603210178024,3.0,2,False,False
100000008557672100,,0.0,-1,0.0,,1,0,49125.0,0.0,0.00030360152606113516,0.0,2,False,False
100000005142589100,,0.0,-1,0.0,,1,0,50000.0,0.0,0.00031175473954037487,0.0,2,False,False
100000003747133100,,0.0,-1,0.0,,5,2,237068.0,250000.0,0.0003797416045329036,1.0545497494389795,2,False,False
100000003289405100,,0.0,-1,0.0,,1,0,355000.0,0.0,0.00034050241328598374,0.0,2,False,False
100000002691858100,,0.0,-1,0.0,,1,0,51500.0,0.0,0.0003438991262955778,0.0,2,False,False
100000007534354100,,0.0,-1,0.0,,1,3,50000.0,147810.0,0.00030490407859112877,2.9562,2,False,False
100000000765628100,,0.0,-1,0.0,,1,0,5000.0,0.0,0.00031683162772349005,0.0,2,False,False
100000004962193100,,0.0,-1,0.0,,8,0,900468.0,0.0,0.0006601649087275734,0.0,2,False,False
100000005032294100,,0.0,-1,0.0,,1,0,10000.0,0.0,0.00039408031381263885,0.0,2,False,False
100000001251686100,,0.0,-1,0.0,,1,0,18000.0,0.0,0.000297893037411054,0.0,2,False,False
100000002398779100,,0.0,-1,0.0,,13,1,1095690.0,66000.0,0.001607266175954047,0.06023601566136407,2,False,False
100000008512827100,,0.0,-1,0.0,,3,10,107949.0,1944500.0,0.00033674656361513115,18.01313583266172,2,False,False
100000003943483100,,0.0,-1,0.0,,1,0,10000.0,0.0,0.0003304289117909314,0.0,2,False,False
100000005031696100,,0.0,-1,0.0,,1,2,5000.0,115000.0,0.0005420691477720722,23.0,2,False,False
100000002703376100,,0.0,-1,0.0,,1,0,46501.0,0.0,0.0002941131141872149,0.0,2,False,False
100000003617552100,,0.0,-1,0.0,,1,0,25000.0,0.0,0.0005534417558517745,0.0,2,False,False
100000007617808100,,0.0,-1,0.0,,1,0,450000.0,0.0,0.00036170148672696215,0.0,2,False,False
100000002613776100,,0.0,-1,0.0,,1,0,30000.0,0.0,0.00030283329907520245,0.0,2,False,False
100000002578405100,,0.0,-1,0.0,,2,116,1200351.0,3108352.0,0.0005724925422578225,2.589535894084314,2,False,False
100000006161893100,,0.0,-1,0.0,,1,0,14000.0,0.0,0.0005341853190630776,0.0,2,False,False
100000002633701100,,0.0,-1,0.0,,1,0,266850.0,0.0,0.0003120657782800943,0.0,2,False,False
100000002432143100,,0.0,-1,0.0,,1,0,81310.0,0.0,0.0003367378964249901,0.0,2,False,False
100000000490383100,,0.0,-1,0.0,,3,8,62600.0,461375.0,0.0005504333625377878,7.37020766773163,2,False,False
100000005809252100,,0.0,-1,0.0,,1,0,25000.0,0.0,0.0005695877439578749,0.0,2,False,False
100000006612238100,,0.0,-1,0.0,,1,1,160000.0,25000.0,0.0003414122717796582,0.15625,2,False,False
100000002593038100,,0.0,-1,0.0,,1,0,28500.0,0.0,0.0006614605263425348,0.0,2,False,False
100000002947299100,,0.0,-1,0.0,,1,0,85000.0,0.0,0.00033900195470585286,0.0,2,False,False
100000004336312100,,0.0,-1,0.0,,3,2,90415.0,72650.0,0.0006989602995804717,0.8035171155228668,2,False,False
100000001308856100,,0.0,-1,0.0,,1,0,27000.0,0.0,0.00029605642798652567,0.0,2,False,False
100000008238989100,,0.0,-1,0.0,,1,0,200000.0,0.0,0.0003246863451083126,0.0,2,False,False
100000005561741100,,0.0,-1,0.0,,1,0,25000.0,0.0,0.00033131478128049677,0.0,2,False,False
100000006248077100,,0.0,-1,0.0,,1,0,50000.0,0.0,0.00029516581023645167,0.0,2,False,False
100000000646541100,,0.0,-1,0.0,,3,0,25300.0,0.0,0.0005080733109951689,0.0,2,False,False
100000006595426100,,0.0,-1,0.0,,1,0,84800.0,0.0,0.00033580723219540416,0.0,2,False,False
100000002956898100,,0.0,-1,0.0,,2,0,290240.0,0.0,0.0003784937510935818,0.0,2,False,False
100000001262647100,,0.0,-1,0.0,,1,0,23650.0,0.0,0.00030474761260400964,0.0,2,False,False
100000005849100100,,0.0,-1,0.0,,1,0,33300.0,0.0,0.0004928605762438083,0.0,2,False,False
100000000533217100,,0.0,-1,0.0,,1,0,53587.0,0.0,0.000656272183988597,0.0,2,False,False
100000002812641100,,0.0,-1,0.0,,1,1,10000.0,7023.95,0.002098796144747266,0.702395,2,False,False
100000008647905100,,0.0,-1,0.0,,1,2,50000.0,344222.0,0.00033017364526181475,6.88444,2,False,False
100000002842337100,,0.0,-1,0.0,,1,0,50000.0,0.0,0.00036826850506074365,0.0,2,False,False
100000002445750100,,0.0,-1,0.0,,1,1,70000.0,10000.0,0.0005396399331413585,0.14285714285714285,2,False,False
100000005619339100,,0.0,-1,0.0,,1,1,5000.0,5442.6,0.00032225534682256505,1.0885200000000002,2,False,False
100000006844768100,,0.0,-1,0.0,,1,2,282000.0,188000.0,0.0013800617680781108,0.6666666666666666,2,False,False
100000002488629100,,0.0,-1,0.0,,1,0,73050.0,0.0,0.0003007526330128108,0.0,2,False,False
100000002796853100,,0.0,-1,0.0,,1,1,199000.0,46167.62,0.002149784294916274,0.23199809045226133,2,False,False
100000006755850100,,0.0,-1,0.0,,1,0,443475.8,0.0,0.0006519969602831509,0.0,2,False,False
100000008733194100,,0.0,-1,0.0,,4,8,251424.0,159695.0,0.00047278052440947527,0.6351621165839378,2,False,False
100000001904863100,,0.0,-1,0.0,,1,0,500000.0,0.0,0.00048407187595319543,0.0,2,False,False
100000001641951100,,0.0,-1,0.0,,1,0,25000.0,0.0,0.0003204807525373805,0.0,2,False,False
100000004816564100,,0.0,-1,0.0,,1,1,285480.0,5000.0,0.0003780393151169122,0.01751436177665686,2,False,False
100000002205022100,,0.0,-1,0.0,,1,3,7100.0,518000.0,0.0005480158521231131,72.95774647887323,2,False,False
100000002267998100,,0.0,-1,0.0,,2,3,420000.0,1115000.0,0.0015963363566370951,2.6547619047619047,2,False,False
100000002199091100,,0.0,-1,0.0,,1,0,65000.0,0.0,0.00030901524049884924,0.0,2,False,False
100000008571443100,,0.0,-1,0.0,,2,0,65000.0,0.0,0.0003161500547735696,0.0,2,False,False
100000002742067100,,0.0,-1,0.0,,1,0,12730.0,0.0,0.00029091517620527584,0.0,2,False,False
100000003292979100,,0.0,-1,0.0,,1,0,48950.0,0.0,0.00033178277478391663,0.0,2,False,False
100000002558173100,,0.0,-1,0.0,,1,0,9300.0,0.0,0.0002971511334570814,0.0,2,False,False
100000004687282100,,0.0,-1,0.0,,1,0,20000.0,0.0,0.0003337445070092046,0.0,2,False,False
100000003034546100,,0.0,-1,0.0,,1,0,486715.0,0.0,0.00033284269335546904,0.0,2,False,False
100000003798151100,,0.0,-1,0.0,,1,0,350000.0,0.0,0.0005779100190365981,0.0,2,False,False
100000008710791100,,0.0,-1,0.0,,3,23,181510.0,5521511.0,0.00033575049188161227,30.41987218335078,2,False,False
100000008688476100,,0.0,-1,0.0,,1,0,24000.0,0.0,0.0002950333638408159,0.0,2,False,False
100000003242289100,,0.0,-1,0.0,,3,23,550791.0,2377741.0,0.0004416408320468012,4.316956885642648,2,False,False
100000006564102100,,0.0,-1,0.0,,1,0,233235.0,0.0,0.00042995390030577097,0.0,2,False,False
100000001526235100,,0.0,-1,0.0,,3,8,82000.0,432750.0,0.0008816319237140664,5.277439024390244,2,False,False
100000004398811100,,0.0,-1,0.0,,1,3,426000.0,1040672.0,0.0003512331258081529,2.4428920187793426,2,False,False
100000002957787100,,0.0,-1,0.0,,4,34,84956.0,1276153.96,0.0006165068183473805,15.02135175855737,2,False,False
100000002621915100,,0.0,-1,0.0,,1,0,5000.0,0.0,0.0005343718543091349,0.0,2,False,False
100000008283183100,,0.0,-1,0.0,,1,0,29000.0,0.0,0.00029673847075033217,0.0,2,False,False
100000003843844100,,0.0,-1,0.0,,1,1,16680.0,238000.0,0.00029304868948997663,14.268585131894485,3,False,False
100000000954884100,,0.0,-1,0.0,,1,0,34000.0,0.0,0.000312882426442413,0.0,3,False,False
100000005893892100,,0.0,-1,0.0,,1,0,102780.0,0.0,0.00029019297117019444,0.0,3,False,False
100000001819396100,,0.0,-1,0.0,,1,0,166080.0,0.0,0.00032865703297944003,0.0,3,False,False
100000008472324100,,0.0,-1,0.0,,1,0,205200.0,0.0,0.0002935253784586133,0.0,3,False,False
100000002646745100,,0.0,-1,0.0,,1,0,12300.0,0.0,0.000288776512346833,0.0,3,False,False
100000008405209100,,0.0,-1,0.0,,1,0,54400.0,0.0,0.00029544666066520645,0.0,3,False,False
100000004417753100,,0.0,-1,0.0,,2,0,192099.0,0.0,0.0003948780666174987,0.0,3,False,False
100000003457710100,,0.0,-1,0.0,,1,1,326555.0,1306000.0,0.00029747386787948885,3.999326300316945,3,False,False
100000007333038100,,0.0,-1,0.0,,1,2,17500.0,34994.0,0.00030102883105703266,1.9996571428571428,3,False,False
100000006444163100,,0.0,-1,0.0,,1,0,6026.0,0.0,0.00032065542530539944,0.0,3,False,False
100000008706947100,,0.0,-1,0.0,,1,0,17200.0,0.0,0.0002895444426062888,0.0,3,False,False
100000008761219100,,0.0,-1,0.0,,2,2,50000.0,375000.0,0.0002941512748559033,7.5,3,False,False
100000005022552100,,0.0,-1,0.0,,1,1,241000.0,5000.0,0.00035934272282234523,0.02074688796680498,3,False,False
100000008735832100,,0.0,-1,0.0,,1,0,17600.0,0.0,0.00028960713079073414,0.0,3,False,False
100000005661528100,,0.0,-1,0.0,,1,0,25000.0,0.0,0.0002923933821759257,0.0,3,False,False
100000002529880100,,0.0,-1,0.0,,2,0,147000.0,0.0,0.00030750263181387343,0.0,3,False,False
100000001969496100,,0.0,-1,0.0,,1,0,22740.0,0.0,0.00029330827545839876,0.0,3,False,False
100000003215448100,,0.0,-1,0.0,,1,2,91309.0,124000.0,0.00030550104652100034,1.3580260434349298,3,False,False
100000006894637100,,0.0,-1,0.0,,1,0,52831.0,0.0,0.00029155306650878264,0.0,3,False,False
100000002936322100,,0.0,-1,0.0,,2,0,787133.0,0.0,0.0003679922723915015,0.0,3,False,False
100000005061890100,,0.0,-1,0.0,,1,0,90000.0,0.0,0.0005369658745633369,0.0,3,False,False
100000004017410100,,0.0,-1,0.0,,2,5,193650.0,1330915.0,0.0011361307962045445,6.872785954040795,3,False,False
100000002983426100,,0.0,-1,0.0,,1,0,88945.0,0.0,0.0003201270127198766,0.0,3,False,False
100000005530114100,,0.0,-1,0.0,,2,1,136970.0,25000.0,0.0004970436403447184,0.1825217200846901,3,False,False
100000001169666100,,0.0,-1,0.0,,1,1,220000.0,24000.0,0.00032096707027641405,0.10909090909090909,3,False,False
100000001784279100,,0.0,-1,0.0,,1,0,35674.0,0.0,0.00029002536059638567,0.0,3,False,False
100000008744364100,,0.0,-1,0.0,,1,0,23700.0,0.0,0.00029056312560352604,0.0,3,False,False
100000008714412100,,0.0,-1,0.0,,1,0,169000.0,0.0,0.00031305784664157276,0.0,3,False,False
100000007754369100,,0.0,-1,0.0,,1,0,82424.0,0.0,0.0002941881076619891,0.0,3,False,False
100000003122817100,,0.0,-1,0.0,,1,0,444680.0,0.0,0.0003987904601830683,0.0,3,False,False
100000003711830100,,0.0,-1,0.0,,1,0,50000.0,0.0,0.0002970626279839806,0.0,3,False,False
100000001110358100,,0.0,-1,0.0,,2,0,32000.0,0.0,0.0002942950353253775,0.0,3,False,False
100000006530134100,,0.0,-1,0.0,,2,0,144663.0,0.0,0.00030042223672538593,0.0,3,False,False
100000001639766100,,0.0,-1,0.0,,1,0,20000.0,0.0,0.000654667607236618,0.0,3,False,False
100000003242795100,,0.0,-1,0.0,,1,0,111000.0,0.0,0.00029046042272175466,0.0,3,False,False
100000004970752100,,0.0,-1,0.0,,1,0,10000.0,0.0,0.0007460308300494862,0.0,3,False,False
100000004564736100,,0.0,-1,0.0,,1,0,15000.0,0.0,0.00037847187218372944,0.0,3,False,False
100000005873152100,,0.0,-1,0.0,,1,1,10000.0,10000.0,0.00046938669267821597,1.0,3,False,False
100000001637376100,,0.0,-1,0.0,,1,1,116700.0,234250.0,0.00029064588182685125,2.0072836332476434,3,False,False
100000006710485100,,0.0,-1,0.0,,1,0,20000.0,0.0,0.0002899832598974064,0.0,3,False,False
100000003582677100,,0.0,-1,0.0,,2,4,29756.989999999998,56000.0,0.00029460359346959465,1.881910771217116,3,False,False
100000008713685100,,0.0,-1,0.0,,1,0,49700.0,0.0,0.0002946378575924751,0.0,3,False,False
100000008070101100,,0.0,-1,0.0,,1,0,100000.0,0.0,0.0002938977990626778,0.0,3,False,False
100000004475818100,,0.0,-1,0.0,,1,3,13000.0,53989.0,0.0003111889137940269,4.153,3,False,False
100000007197866100,,0.0,-1,0.0,,1,1,20000.0,15000.0,0.00029093436159867496,0.75,3,False,False
100000006965162100,,0.0,-1,0.0,,1,0,10000.0,0.0,0.00031067660553781555,0.0,3,False,False
100000005995391100,,0.0,-1,0.0,,1,0,17200.0,0.0,0.0002895444426062888,0.0,3,False,False
100000003834495100,,0.0,-1,0.0,,3,1,602441.0,20000.0,0.0006235433580008237,0.0331982716979754,3,False,False
100000001223977100,,0.0,-1,0.0,,1,1,5000.0,18000.0,0.00030690325196449156,3.6,3,False,False
100000001046057100,,0.0,-1,0.0,,1,0,83420.0,0.0,0.00031993356532668596,0.0,3,False,False
100000002989353100,,0.0,-1,0.0,,1,2,500000.0,321160.0,0.00031076359510193044,0.64232,3,False,False
100000006714366100,,0.0,-1,0.0,,1,1,10500.0,5000.0,0.00029075162690750037,0.47619047619047616,3,False,False
100000001063678100,,0.0,-1,0.0,,1,2,35000.0,90000.0,0.0003293672721571759,2.5714285714285716,3,False,False
100000004889043100,,0.0,-1,0.0,,2,0,272000.0,0.0,0.0002998300702347699,0.0,3,False,False
100000002984403100,,0.0,-1,0.0,,1,1,20000.0,25000.0,0.0003215219267154694,1.25,3,False,False
100000003951827100,,0.0,-1,0.0,,1,2,9000.0,17000.0,0.00028735785043933844,1.8888888888888888,3,False,False
100000000933075100,,0.0,-1,0.0,,1,2,40000.0,55000.0,0.0008119158989877956,1.375,3,False,False
100000008502995100,,0.0,-1,0.0,,1,0,25000.0,0.0,0.00072999972446448,0.0,3,False,False
100000008086440100,,0.0,-1,0.0,,1,5,199733.0,161300.0,0.00033915938233041446,0.8075781167859092,3,False,False
100000008465789100,,0.0,-1,0.0,,1,16,30099.0,1858100.0,0.00029118609846198507,61.732947938469714,3,False,False
100000002550141100,,0.0,-1,0.0,,1,0,100586.0,0.0,0.00030915694049666757,0.0,3,False,False
100000008739887100,,0.0,-1,0.0,,2,2,214000.0,307000.0,0.0003347705704286868,1.4345794392523366,3,False,False
100000008532050100,,0.0,-1,0.0,,1,0,455156.0,0.0,0.00030165811812063275,0.0,3,False,False
100000008422226100,,0.0,-1,0.0,,1,0,87450.0,0.0,0.0002917946317172867,0.0,3,False,False
100000002369874100,,0.0,-1,0.0,,4,0,600000.0,0.0,0.0003388480867463041,0.0,3,False,False
100000003321895100,,0.0,-1,0.0,,1,2,24000.0,553830.0,0.0003126444685622144,23.07625,3,False,False
100000001875239100,,0.0,-1,0.0,,3,0,712000.0,0.0,0.00033546478413170943,0.0,3,False,False
100000002216999100,,0.0,-1,0.0,,1,0,23677.0,0.0,0.00029055952103292044,0.0,3,False,False
100000002653948100,,0.0,-1,0.0,,1,0,85200.0,0.0,0.00028962097624605457,0.0,3,False,False
100000008632060100,,0.0,-1,0.0,,1,9,6000.0,339200.0,0.0002893153080072028,56.53333333333333,3,False,False
100000008746449100,,0.0,-1,0.0,,1,10,10000.0,1009000.0,0.0002882898446572792,100.9,3,False,False
100000003031761100,,0.0,-1,0.0,,1,0,460408.0,0.0,0.00031977739370992223,0.0,3,False,False
100000008388049100,,0.0,-1,0.0,,1,0,496400.0,0.0,0.00031059140894205755,0.0,3,False,False
100000002677201100,,0.0,-1,0.0,,1,1,150000.0,87750.0,0.0003102870570177626,0.585,3,False,False
100000002901457100,,0.0,-1,0.0,,1,3,340000.0,119000.0,0.0003758956319420995,0.35,3,False,False
100000001160401100,,0.0,-1,0.0,,1,0,47190.0,0.0,0.0003062475375918287,0.0,3,False,False
100000002842321100,,0.0,-1,0.0,,1,0,160000.0,0.0,0.0002920547202918828,0.0,3,False,False
100000002547110100,,0.0,-1,0.0,,6,0,1500000.0,0.0,0.0005540435816644857,0.0,3,False,False
100000001600934100,,0.0,-1,0.0,,1,1,180300.0,11000.0,0.0024219197960988073,0.06100942872989462,3,False,False
100000002818726100,,0.0,-1,0.0,,1,0,10879.0,0.0,0.00029089249854483997,0.0,3,False,False
100000008712827100,,0.0,-1,0.0,,1,0,76000.0,0.0,0.0002987596057197582,0.0,3,False,False
100000008259451100,,0.0,-1,0.0,,1,0,55000.0,0.0,0.0003024719097375543,0.0,3,False,False
100000003060517100,,0.0,-1,0.0,,1,0,315955.0,0.0,0.00036348288963606554,0.0,3,False,False
100000002621434100,,0.0,-1,0.0,,1,0,81000.0,0.0,0.00029103957755279356,0.0,3,False,False
100000001860090100,,0.0,-1,0.0,,1,0,5000.0,0.0,0.0003796679476190743,0.0,3,False,False
100000004689658100,,0.0,-1,0.0,,1,1,456100.0,7092.0,0.0003880032833755108,0.015549221661916246,3,False,False
100000003486970100,,0.0,-1,0.0,,1,0,150000.0,0.0,0.0002917293534408363,0.0,3,False,False
100000004659919100,,0.0,-1,0.0,,1,1,110000.0,39000.0,0.0007280456790409192,0.35454545454545455,3,False,False
100000006111439100,,0.0,-1,0.0,,3,4,20570.0,24000.0,0.00036710796962674715,1.166747690811862,3,False,False
100000002521039100,,0.0,-1,0.0,,1,0,349370.0,0.0,0.00030660765596611034,0.0,3,False,False
100000008493007100,,0.0,-1,0.0,,1,1,26150.0,26150.0,0.0002909470907332539,1.0,3,False,False
100000007793871100,,0.0,-1,0.0,,1,0,26000.0,0.0,0.0006901649764622724,0.0,3,False,False
100000001650895100,,0.0,-1,0.0,,1,1,153500.0,10000.0,0.00031065406298784644,0.06514657980456026,3,False,False
100000002567887100,,0.0,-1,0.0,,1,0,50915.0,0.0,0.0002885054559972414,0.0,3,False,False
100000008055972100,,0.0,-1,0.0,,1,0,28300.0,0.0,0.00029128403972464783,0.0,3,False,False
100000008684452100,,0.0,-1,0.0,,1,0,51800.0,0.0,0.0002949669705608133,0.0,3,False,False
100000000764836100,,0.0,-1,0.0,,1,2,251716.0,50000.0,0.0003382682740565911,0.1986365586613485,3,False,False
100000003072676100,,0.0,-1,0.0,,1,0,31545.0,0.0,0.0002945000059314954,0.0,3,False,False
100000008757369100,,0.0,-1,0.0,,1,1,25961.0,58398.0,0.00028916048867663795,2.249451099726513,3,False,False
100000007618425100,,0.0,-1,0.0,,1,0,39348.0,0.0,0.00029639260268107093,0.0,3,False,False
100000004671609100,,0.0,-1,0.0,,1,0,100000.0,0.0,0.00030158363806341375,0.0,3,False,False
100000004676985100,,0.0,-1,0.0,,1,1,32260.0,27102.0,0.00028867333205215013,0.8401115933044018,3,False,False
100000002531406100,,0.0,-1,0.0,,1,1,520000.0,500000.0,0.00032403943463129827,0.9615384615384616,3,False,False
100000002877262100,,0.0,-1,0.0,,1,0,100000.0,0.0,0.00030125879049655124,0.0,3,False,False
100000007591246100,,0.0,-1,0.0,,1,1,12190.0,120000.0,0.00029922356992108086,9.844134536505333,3,False,False
100000008712184100,,0.0,-1,0.0,,1,0,18000.0,0.0,0.00028966981897517955,0.0,3,False,False
100000002975437100,,0.0,-1,0.0,,1,1,530000.0,8500.0,0.0005231861218705431,0.016037735849056604,3,False,False
100000005008589100,,0.0,-1,0.0,,1,0,42806.68,0.0,0.00030444565896636425,0.0,3,False,False
100000000782285100,,0.0,-1,0.0,,1,0,6151.0,0.0,0.000321356690129293,0.0,3,False,False
100000005198498100,,0.0,-1,0.0,,1,0,28800.0,0.0,0.0002913623999552045,0.0,3,False,False
100000008517538100,,0.0,-1,0.0,,3,17,155500.0,1439000.0,0.00030838825195629685,9.254019292604502,3,False,False
100000005756535100,,0.0,-1,0.0,,1,0,20000.0,0.0,0.0005439649108890932,0.0,3,False,False
100000004917367100,,0.0,-1,0.0,,2,0,120000.0,0.0,0.00029534056514248354,0.0,3,False,False
100000001222263100,,0.0,-1,0.0,,1,1,745570.0,420000.0,0.00031110722698861635,0.5633273870998028,3,False,False
100000001149815100,,0.0,-1,0.0,,1,0,12000.0,0.0,0.000288729496208499,0.0,3,False,False
100000006020215100,,0.0,-1,0.0,,1,2,30000.0,33800.0,0.0002979996399104594,1.1266666666666667,3,False,False
100000000673868100,,0.0,-1,0.0,,1,5,2030650.0,383000.0,0.0011776794935193077,0.18860955851574618,3,False,False
100000008749900100,,0.0,-1,0.0,,1,0,17150.0,0.0,0.00028953660658323315,0.0,3,False,False
100000002862113100,,0.0,-1,0.0,,1,0,47405.0,0.0,0.0003003145073088442,0.0,3,False,False
100000001066017100,,0.0,-1,0.0,,2,4,136123.0,82500.0,0.00030258114062118387,0.6060695106631503,3,False,False
100000008436257100,,0.0,-1,0.0,,2,0,35000.0,0.0,0.00029589662387434945,0.0,3,False,False
100000003016438100,,0.0,-1,0.0,,1,1,200000.0,300000.0,0.0003180997924653042,1.5,3,False,False
100000002534091100,,0.0,-1,0.0,,1,0,22200.0,0.0,0.0002976913130763075,0.0,3,False,False
100000006882208100,,0.0,-1,0.0,,1,0,18000.0,0.0,0.0006430138109761217,0.0,3,False,False
100000005362848100,,0.0,-1,0.0,,1,0,29000.0,0.0,0.0002976990018842831,0.0,3,False,False
100000001073568100,,0.0,-1,0.0,,1,2,707465.0,219503.0,0.00048780825939500033,0.31026693900051594,3,False,False
100000008687733100,,0.0,-1,0.0,,1,0,14650.0,0.0,0.0002891448054304495,0.0,3,False,False
100000007229557100,,0.0,-1,0.0,,3,0,878000.0,0.0,0.00039594913284260187,0.0,3,False,False
100000001052789100,,0.0,-1,0.0,,1,0,70975.0,0.0,0.0002990371668248566,0.0,3,False,False
100000006967370100,,0.0,-1,0.0,,1,1,33225.0,13526.27,0.00029490748543159625,0.40711121143717083,3,False,False
100000001837130100,,0.0,-1,0.0,,1,0,172900.0,0.0,0.00030224433661402194,0.0,3,False,False
100000005820746100,,0.0,-1,0.0,,1,1,1989000.0,60000.0,0.0009937260662196783,0.030165912518853696,3,False,False
100000002883402100,,0.0,-1,0.0,,3,0,300000.0,0.0,0.00030200001101674857,0.0,3,False,False
100000008582730100,,0.0,-1,0.0,,1,1,5000.0,5000.0,0.000896624115020963,1.0,3,False,False
100000003116106100,,0.0,-1,0.0,,1,0,494050.0,0.0,0.0003029235999510932,0.0,3,False,False
100000001818442100,,0.0,-1,0.0,,1,0,42215.0,0.0,0.00030264330354734704,0.0,3,False,False
100000008690762100,,0.0,-1,0.0,,1,0,26750.0,0.0,0.00029104112300992204,0.0,3,False,False
100000008712991100,,0.0,-1,0.0,,1,0,66100.0,0.0,0.00029720807315473534,0.0,3,False,False
100000003292191100,,0.0,-1,0.0,,1,0,112000.0,0.0,0.00030096792148496274,0.0,3,False,False
100000005367284100,,0.0,-1,0.0,,1,2,13700.0,48300.0,0.00029043691215560076,3.5255474452554743,3,False,False
100000003216073100,,0.0,-1,0.0,,1,1,37001.0,70000.0,0.00028949517528467996,1.891840761060512,3,False,False
100000006169033100,,0.0,-1,0.0,,1,3,49000.0,1140271.0,0.00041986643931873625,23.270836734693876,3,False,False
100000004407753100,,0.0,-1,0.0,,1,1,250000.0,100000.0,0.0008825427222420804,0.4,3,False,False
100000004420041100,,0.0,-1,0.0,,1,7,69638.0,651830.0,0.00030107419115980166,9.360263074758034,3,False,False
100000004715209100,,0.0,-1,0.0,,1,5,5000.0,350450.0,0.0002888318712128715,70.09,3,False,False
100000004580254100,,0.0,-1,0.0,,2,0,27940.0,0.0,0.00031367014910162997,0.0,3,False,False
100000001056414100,,0.0,-1,0.0,,1,0,250000.0,0.0,0.00029880622288853417,0.0,3,False,False
100000008686494100,,0.0,-1,0.0,,1,0,15700.0,0.0,0.0002893093619146186,0.0,3,False,False
100000002822472100,,0.0,-1,0.0,,2,0,266722.0,0.0,0.0003136395133335638,0.0,3,False,False
100000001831496100,,0.0,-1,0.0,,1,1,25000.0,373000.0,0.0002939502411580544,14.92,3,False,False
100000008732488100,,0.0,-1,0.0,,1,1,137000.0,10000.0,0.000314834600501367,0.072992700729927,3,False,False
100000004007197100,,0.0,-1,0.0,,1,0,10048.0,0.0,0.0002889770557156793,0.0,3,False,False
100000002815005100,,0.0,-1,0.0,,1,0,476500.0,0.0,0.00032043708974176564,0.0,3,False,False
100000005756189100,,0.0,-1,0.0,,1,1,65000.0,49050.0,0.0002889637352069405,0.7546153846153846,3,False,False
100000004877085100,,0.0,-1,0.0,,1,3,25000.0,95600.0,0.0002961411750379058,3.824,3,False,False
100000002713074100,,0.0,-1,0.0,,2,1,700000.0,430000.0,0.0004355071397846572,0.6142857142857143,3,False,False
100000002356167100,,0.0,-1,0.0,,1,2,300000.0,29500.0,0.0002966098562065347,0.09833333333333333,3,False,False
100000004140487100,,0.0,-1,0.0,,1,10,24510.0,262600.0,0.0002907226066100015,10.713994288045695,3,False,False
100000003147719100,,0.0,-1,0.0,,1,0,100000.0,0.0,0.0002920225875611326,0.0,3,False,False
100000008745884100,,0.0,-1,0.0,,1,0,20000.0,0.0,0.0002899832598974064,0.0,3,False,False
100000002559089100,,0.0,-1,0.0,,2,0,715000.0,0.0,0.0003941569671310512,0.0,3,False,False
100000004984689100,,0.0,-1,0.0,,1,0,53030.0,0.0,0.0002976815828888965,0.0,3,False,False
100000004340038100,,0.0,-1,0.0,,1,1,9978.0,49000.0,0.0002905576031748058,4.910803768290238,3,False,False
100000005052998100,,0.0,-1,0.0,,1,1,9500.0,28400.0,0.00028738612820401624,2.9894736842105263,3,False,False
100000007597382100,,0.0,-1,0.0,,1,0,15700.0,0.0,0.00028735967663128095,0.0,3,False,False
100000008697670100,,0.0,-1,0.0,,1,0,25350.0,0.0,0.0002908217143643632,0.0,3,False,False
100000008460102100,,0.0,-1,0.0,,1,31,17500.0,476570.0,0.00030102883105703266,27.23257142857143,3,False,False
100000004399686100,,0.0,-1,0.0,,1,0,806000.0,0.0,0.0005732958269088732,0.0,3,False,False
100000008688155100,,0.0,-1,0.0,,1,0,23600.0,0.0,0.0002905474535574147,0.0,3,False,False
100000004386331100,,0.0,-1,0.0,,1,2,20000.0,17500.0,0.0005148925249118895,0.875,3,False,False
100000007999728100,,0.0,-1,0.0,,1,0,23250.0,0.0,0.00029345314382425025,0.0,3,False,False
100000001597424100,,0.0,-1,0.0,,1,0,48100.0,0.0,0.0003005119259642693,0.0,3,False,False
100000003677936100,,0.0,-1,0.0,,1,1,71000.0,13000.0,0.0003102592371929008,0.18309859154929578,3,False,False
100000002943472100,,0.0,-1,0.0,,1,0,170000.0,0.0,0.0003113457483715406,0.0,3,False,False
100000004892144100,,0.0,-1,0.0,,2,1,4500000.0,180300.0,0.002827236615111917,0.04006666666666667,3,False,False
100000008077552100,,0.0,-1,0.0,,1,0,214000.0,0.0,0.0003305638175569848,0.0,3,False,False
100000002914245100,,0.0,-1,0.0,,1,0,140611.0,0.0,0.0002969053991379449,0.0,3,False,False
100000004906181100,,0.0,-1,0.0,,1,7,100000.0,2473417.91,0.00029010251918560345,24.734179100000002,3,False,False
100000008514970100,,0.0,-1,0.0,,1,1,379966.0,31000.0,0.00031402415341261176,0.0815862471905381,3,False,False
100000008258458100,,0.0,-1,0.0,,1,2,19000.0,1557988.0,0.00029256413520126624,81.99936842105264,3,False,False
100000003484058100,,0.0,-1,0.0,,1,1,110000.0,6000.0,0.0003180949687999707,0.05454545454545454,3,False,False
100000003574895100,,0.0,-1,0.0,,1,1,27968.0,20000.0,0.0002884305957201558,0.7151029748283753,3,False,False
100000000896111100,,0.0,-1,0.0,,1,0,287100.0,0.0,0.00038888225871075254,0.0,3,False,False
100000008715887100,,0.0,-1,0.0,,1,0,18000.0,0.0,0.00028966981897517955,0.0,3,False,False
100000000560751100,,0.0,-1,0.0,,1,0,25000.0,0.0,0.0005548595863285811,0.0,3,False,False
100000008708207100,,0.0,-1,0.0,,2,0,465000.0,0.0,0.00036138253938473077,0.0,3,False,False
100000003152964100,,0.0,-1,0.0,,1,1,141847.0,5500.0,0.00031582472407368624,0.03877417217142414,3,False,False
100000004991812100,,0.0,-1,0.0,,1,0,10000.0,0.0,0.0003479308650141989,0.0,3,False,False
100000000291908100,,0.0,-1,0.0,,1,1,295500.0,13300.0,0.0007095144362731584,0.045008460236886635,3,False,False
100000003132484100,,0.0,-1,0.0,,1,0,90000.0,0.0,0.0005411807195730709,0.0,3,False,False
100000004077081100,,0.0,-1,0.0,,1,4,140000.0,615000.0,0.0002914039865897897,4.392857142857143,3,False,False
100000004770073100,,0.0,-1,0.0,,1,1,5462.4,5466.97,0.0002890943134302498,1.0008366285881665,3,False,False
100000003163886100,,0.0,-1,0.0,,1,0,500000.0,0.0,0.0007369599248141937,0.0,3,False,False
100000000795374100,,0.0,-1,0.0,,1,0,50000.0,0.0,0.0002970626279839806,0.0,3,False,False
100000002391278100,,0.0,-1,0.0,,1,1,30000.0,52700.0,0.0003951809609742877,1.7566666666666666,3,False,False
100000004635886100,,0.0,-1,0.0,,1,0,23000.0,0.0,0.00029376735299624064,0.0,3,False,False
100000000413678100,,0.0,-1,0.0,,2,3,306500.0,528198.0,0.0003020408980498877,1.723321370309951,3,False,False
100000008659950100,,0.0,-1,0.0,,1,0,246000.0,0.0,0.00032229730263581477,0.0,3,False,False
100000003964910100,,0.0,-1,0.0,,2,0,1000000.0,0.0,0.000511565875671971,0.0,3,False,False
100000008764654100,,0.0,-1,0.0,,1,0,26150.0,0.0,0.0002909470907332539,0.0,3,False,False
100000005830339100,,0.0,-1,0.0,,5,1,476341.0,339251.0,0.00036519746478342176,0.7122019729563485,3,False,False
100000002032323100,,0.0,-1,0.0,,1,1,300000.0,1050000.0,0.0004058300829391564,3.5,3,False,False
100000008668099100,,0.0,-1,0.0,,1,0,15700.0,0.0,0.0002893093619146186,0.0,3,False,False
100000008634520100,,0.0,-1,0.0,,1,0,90000.0,0.0,0.0002998177965144099,0.0,3,False,False
100000002103448100,,0.0,-1,0.0,,1,0,27000.0,0.0,0.0002910803031252003,0.0,3,False,False
100000005996909100,,0.0,-1,0.0,,1,0,5500.0,0.0,0.00031743990574272136,0.0,3,False,False
100000007392365100,,0.0,-1,0.0,,1,6,9613.0,1765600.0,0.0002873925189788334,183.66794965151357,3,False,False
100000008279405100,,0.0,-1,0.0,,1,0,234738.0,0.0,0.00033480008383360044,0.0,3,False,False
100000008343874100,,0.0,-1,0.0,,2,2,283535.0,176400.0,0.0003090230311520329,0.6221454141464017,3,False,False
100000002548759100,,0.0,-1,0.0,,2,0,375000.0,0.0,0.00030990702642563116,0.0,3,False,False
100000003069463100,,0.0,-1,0.0,,1,1,11500.0,17920.0,0.000289743805495101,1.5582608695652174,3,False,False
100000008474391100,,0.0,-1,0.0,,1,0,20000.0,0.0,0.0004090128793532599,0.0,3,False,False
100000003097324100,,0.0,-1,0.0,,2,0,294000.0,0.0,0.00032746417864854606,0.0,3,False,False
100000001852140100,,0.0,-1,0.0,,1,0,30000.0,0.0,0.0008079646770475842,0.0,3,False,False
100000003293377100,,0.0,-1,0.0,,1,0,50000.0,0.0,0.00028847568493037067,0.0,3,False,False
100000006048193100,,0.0,-1,0.0,,1,0,41559.0,0.0,0.00029773324827123685,0.0,3,False,False
100000002435265100,,0.0,-1,0.0,,1,0,132628.0,0.0,0.0002943496974225148,0.0,3,False,False
100000004587414100,,0.0,-1,0.0,,2,0,533603.0,0.0,0.00031626908039091006,0.0,3,False,False
100000001726614100,,0.0,-1,0.0,,1,0,138717.0,0.0,0.0002992005893852835,0.0,3,False,False
100000003934614100,,0.0,-1,0.0,,2,1,17000.0,11500.0,0.0003148769433899904,0.6764705882352942,3,False,False
100000008772246100,,0.0,-1,0.0,,1,0,44500.0,0.0,0.0002938229111946853,0.0,3,False,False
100000002603371100,,0.0,-1,0.0,,1,0,9300.0,0.0,0.00029067185953983855,0.0,3,False,False
100000004445291100,,0.0,-1,0.0,,1,0,19500.0,0.0,0.0003206550998144611,0.0,3,False,False
100000008571243100,,0.0,-1,0.0,,1,0,134000.0,0.0,0.00030762994806864244,0.0,3,False,False
100000001138283100,,0.0,-1,0.0,,1,2,81805.0,50000.0,0.0003035596117301355,0.6112095837662734,3,False,False
100000002593344100,,0.0,-1,0.0,,2,0,431000.0,0.0,0.00036055287941054464,0.0,3,False,False
100000007390016100,,0.0,-1,0.0,,1,1,511000.0,346500.0,0.001869600960848679,0.678082191780822,3,False,False
100000001285440100,,0.0,-1,0.0,,2,0,243000.0,0.0,0.00032179171381899424,0.0,3,False,False
100000006746688100,,0.0,-1,0.0,,1,0,41000.0,0.0,0.0002932743895807883,0.0,3,False,False
100000006471232100,,0.0,-1,0.0,,1,0,41800.0,0.0,0.0002933997659496791,0.0,3,False,False
100000008662805100,,0.0,-1,0.0,,1,0,16500.0,0.0,0.0002894347382835094,0.0,3,False,False
100000004292885100,,0.0,-1,0.0,,1,0,112700.0,0.0,0.00030451124664262097,0.0,3,False,False
100000008190442100,,0.0,-1,0.0,,1,0,13000.0,0.0,0.0002888862166696124,0.0,3,False,False
100000007131370100,,0.0,-1,0.0,,1,1,30000.0,30000.0,0.0009040466780696103,1.0,3,False,False
100000008717802100,,0.0,-1,0.0,,1,0,26150.0,0.0,0.0002909470907332539,0.0,3,False,False
100000005357034100,,0.0,-1,0.0,,1,0,9754.0,0.0,0.00028740049330847257,0.0,3,False,False
100000005532138100,,0.0,-1,0.0,,1,0,25046.0,0.0,0.00029510711181209405,0.0,3,False,False
100000005264874100,,0.0,-1,0.0,,1,2,30000.0,78000.0,0.0004301567178849594,2.6,3,False,False
100000008193258100,,0.0,-1,0.0,,1,1,75000.0,30000.0,0.0002987024490070339,0.4,3,False,False
100000003190207100,,0.0,-1,0.0,,1,1,5000.0,377000.0,0.00030046266182776526,75.4,3,False,False
100000004321983100,,0.0,-1,0.0,,1,2,10840.0,36200.0,0.000325992853196564,3.339483394833948,3,False,False
100000002633108100,,0.0,-1,0.0,,1,0,320000.0,0.0,0.0003777466488564698,0.0,3,False,False
100000005941908100,,0.0,-1,0.0,,1,0,10000.0,0.0,0.0006952260665446419,0.0,3,False,False
100000001835625100,,0.0,-1,0.0,,1,0,75130.0,0.0,0.0002892933318270507,0.0,3,False,False
100000008671081100,,0.0,-1,0.0,,1,0,37200.0,0.0,0.00029267885182855734,0.0,3,False,False
100000002908521100,,0.0,-1,0.0,,1,0,44500.0,0.0,0.0002938229111946853,0.0,3,False,False
100000000749118100,,0.0,-1,0.0,,1,1,10330.0,16500.0,0.0002874330692933814,1.5972894482090998,3,False,False
100000008652094100,,0.0,-1,0.0,,1,0,35000.0,0.0,0.00028882829420258453,0.0,3,False,False
100000007647294100,,0.0,-1,0.0,,1,0,385000.0,0.0,0.0005816408115692827,0.0,3,False,False
100000003270419100,,0.0,-1,0.0,,1,0,150000.0,0.0,0.0008368162852072322,0.0,3,False,False
100000003050771100,,0.0,-1,0.0,,1,0,229000.0,0.0,0.000371966541838092,0.0,3,False,False
100000008427027100,,0.0,-1,0.0,,1,0,300000.0,0.0,0.0005536646528273143,0.0,3,False,False
100000004291560100,,0.0,-1,0.0,,1,0,47190.0,0.0,0.0002895177061054295,0.0,3,False,False
100000003594472100,,0.0,-1,0.0,,1,0,20000.0,0.0,0.0002957672382674173,0.0,3,False,False
100000002575080100,,0.0,-1,0.0,,1,1,13000.0,12500.0,0.0005543012425460759,0.9615384615384616,3,False,False
100000008038077100,,0.0,-1,0.0,,1,0,499850.0,0.0,0.0003031123127247002,0.0,3,False,False
100000003899325100,,0.0,-1,0.0,,1,0,50120.0,0.0,0.00029796452742791727,0.0,3,False,False
100000001155773100,,0.0,-1,0.0,,1,0,21500.0,0.0,0.00029021834058907655,0.0,3,False,False
100000000611474100,,0.0,-1,0.0,,1,0,32000.0,0.0,0.0005982029982967124,0.0,3,False,False
100000006704530100,,0.0,-1,0.0,,1,3,450500.0,428000.0,0.00040025555905717135,0.9500554938956715,3,False,False
100000003996562100,,0.0,-1,0.0,,1,0,7700.0,0.0,0.00033004676382698226,0.0,3,False,False
100000002646887100,,0.0,-1,0.0,,1,0,24354.0,0.0,0.0002965077471103309,0.0,3,False,False
100000002556775100,,0.0,-1,0.0,,1,0,300000.0,0.0,0.0002966098562065347,0.0,3,False,False
100000002722108100,,0.0,-1,0.0,,1,0,800000.0,0.0,0.000325112441758006,0.0,3,False,False
100000002737980100,,0.0,-1,0.0,,1,0,32900.0,0.0,0.0002967453170388023,0.0,3,False,False
100000002913340100,,0.0,-1,0.0,,1,0,23600.0,0.0,0.0002905474535574147,0.0,3,False,False
100000003610172100,,0.0,-1,0.0,,1,0,70000.0,0.0,0.0002891264186324638,0.0,3,False,False
100000001052945100,,0.0,-1,0.0,,1,3,56520.0,1595700.0,0.0003029036742789156,28.23248407643312,3,False,False
100000002369510100,,0.0,-1,0.0,,1,0,37150.0,0.0,0.00029267101580550165,0.0,3,False,False
100000001954534100,,0.0,-1,0.0,,1,1,13000.0,40000.0,0.00036786132513342087,3.076923076923077,3,False,False
100000008488166100,,0.0,-1,0.0,,1,0,5600.0,0.0,0.00028772648525737305,0.0,3,False,False
100000005100475100,,0.0,-1,0.0,,1,0,40000.0,0.0,0.0003392516982184686,0.0,3,False,False
100000002708624100,,0.0,-1,0.0,,1,0,25000.0,0.0,0.00033019019572555226,0.0,3,False,False
100000004591973100,,0.0,-1,0.0,,1,1,10000.0,100000.0,0.0004008706877935137,10.0,3,False,False
100000000802149100,,0.0,-1,0.0,,1,0,104128.0,0.0,0.0002961206908130449,0.0,3,False,False
100000003095610100,,0.0,-1,0.0,,1,0,23665.0,0.0,0.0002957029482049455,0.0,3,False,False
100000004183610100,,0.0,-1,0.0,,1,1,22000.0,915000.0,0.00034226990172321663,41.59090909090909,3,False,False
100000005198906100,,0.0,-1,0.0,,1,1,227970.0,60000.0,0.0002942662387784463,0.26319252533228055,3,False,False
100000008599354100,,0.0,-1,0.0,,1,1,177000.0,38200.0,0.0003332055573935267,0.21581920903954802,3,False,False
100000001303311100,,0.0,-1,0.0,,5,0,1324000.0,0.0,0.000503896777771038,0.0,3,False,False
100000008776420100,,0.0,-1,0.0,,1,0,69500.0,0.0,0.00029774092272252095,0.0,3,False,False
100000004737764100,,0.0,-1,0.0,,1,0,600000.0,0.0,0.0006795006612870159,0.0,3,False,False
100000003154105100,,0.0,-1,0.0,,1,7,60000.0,338000.0,0.0005530271649049955,5.633333333333334,3,False,False
100000008708025100,,0.0,-1,0.0,,1,0,10000.0,0.0,0.00031067660553781555,0.0,3,False,False
100000008740793100,,0.0,-1,0.0,,1,0,21000.0,0.0,0.0002901399803585198,0.0,3,False,False
100000008459449100,,0.0,-1,0.0,,1,0,53700.0,0.0,0.00030091300406936093,0.0,3,False,False
100000008677518100,,0.0,-1,0.0,,1,0,48700.0,0.0,0.0002944811371313617,0.0,3,False,False
100000002212494100,,0.0,-1,0.0,,1,0,160000.0,0.0,0.00035819595141337344,0.0,3,False,False
100000001825934100,,0.0,-1,0.0,,1,1,40000.0,97000.0,0.00047792600695489986,2.425,3,False,False
100000003736419100,,0.0,-1,0.0,,1,1,23300.0,10000.0,0.00029295117421490315,0.4291845493562232,3,False,False
100000008430691100,,0.0,-1,0.0,,1,2,20000.0,604900.0,0.00030834519891436834,30.245,3,False,False
100000003073635100,,0.0,-1,0.0,,1,0,129231.0,0.0,0.000313247583783119,0.0,3,False,False
100000001686328100,,0.0,-1,0.0,,1,0,140000.0,0.0,0.00031645902449252026,0.0,3,False,False
100000008707810100,,0.0,-1,0.0,,1,0,26200.0,0.0,0.0002909549267563096,0.0,3,False,False
100000001236706100,,0.0,-1,0.0,,3,2,142700.0,36000.0,0.0007695577991874913,0.25227750525578135,3,False,False
100000008536546100,,0.0,-1,0.0,,2,0,250000.0,0.0,0.0003186674744301524,0.0,3,False,False
100000007140834100,,0.0,-1,0.0,,1,0,10200.0,0.0,0.0007152984114162449,0.0,3,False,False
100000007022818100,,0.0,-1,0.0,,1,0,17200.0,0.0,0.0002895444426062888,0.0,3,False,False
100000007484343100,,0.0,-1,0.0,,2,0,26757.0,0.0,0.00029042727942479385,0.0,3,False,False
100000001379511100,,0.0,-1,0.0,,1,0,55000.0,0.0,0.0003086620765902079,0.0,3,False,False
100000004569484100,,0.0,-1,0.0,,2,4,98312.0,156000.0,0.00032080642674798155,1.586784929611848,3,False,False
100000002948492100,,0.0,-1,0.0,,1,0,23660.0,0.0,0.0002935696066281701,0.0,3,False,False
100000002116705100,,0.0,-1,0.0,,1,0,17600.0,0.0,0.00028960713079073414,0.0,3,False,False
100000002481974100,,0.0,-1,0.0,,2,2,89447.0,318000.0,0.00033314047777107,3.5551779265934016,3,False,False
100000003920950100,,0.0,-1,0.0,,1,0,323290.0,0.0,0.0003934452430318643,0.0,3,False,False
100000000733451100,,0.0,-1,0.0,,1,1,70000.0,300000.0,0.0005435003201234485,4.285714285714286,3,False,False
100000005182219100,,0.0,-1,0.0,,2,0,55000.0,0.0,0.0003556910678831747,0.0,3,False,False
100000008633099100,,0.0,-1,0.0,,1,1,19468.0,13500.0,0.00029326791271355767,0.6934456544072324,3,False,False
100000001380107100,,0.0,-1,0.0,,1,0,6000.0,0.0,0.0002922501835648065,0.0,3,False,False
100000008755168100,,0.0,-1,0.0,,1,0,17600.0,0.0,0.00028960713079073414,0.0,3,False,False
100000002628576100,,0.0,-1,0.0,,2,2,727882.0,539000.0,0.0003127726042145673,0.7405046422359668,3,False,False
100000001611488100,,0.0,-1,0.0,,2,0,779300.0,0.0,0.0008812402243074091,0.0,3,False,False
100000005375968100,,0.0,-1,0.0,,1,2,170082.0,86000.0,0.0002964679282190002,0.5056384567443939,3,False,False
100000003581109100,,0.0,-1,0.0,,1,0,42750.0,0.0,0.0002892665995550905,0.0,3,False,False
100000002933386100,,0.0,-1,0.0,,1,1,15000.0,58000.0,0.0006555879422541291,3.8666666666666667,3,False,False
100000002284426100,,0.0,-1,0.0,,1,0,90000.0,0.0,0.0002897771523345569,0.0,3,False,False
100000008579978100,,0.0,-1,0.0,,1,1,34000.0,77000.0,0.0002879550979686962,2.264705882352941,3,False,False
100000001549194100,,0.0,-1,0.0,,1,0,46500.0,0.0,0.00030005743697336266,0.0,3,False,False
100000001427082100,,0.0,-1,0.0,,1,5,5000.0,124900.0,0.00044117104497771954,24.98,3,False,False
100000004657034100,,0.0,-1,0.0,,1,0,141250.0,0.0,0.00029144465744617055,0.0,3,False,False
100000003796063100,,0.0,-1,0.0,,1,15,35000.0,959150.0,0.0006881991948261152,27.404285714285713,3,False,False
100000005268319100,,0.0,-1,0.0,,1,5,19712.8,91000.0,0.0002949523140243929,4.6162899232985675,3,False,False
100000008744799100,,0.0,-1,0.0,,1,0,12600.0,0.0,0.000288823528485167,0.0,3,False,False
100000008677215100,,0.0,-1,0.0,,1,0,9000.0,0.0,0.0003058013660668003,0.0,3,False,False
100000007593823100,,0.0,-1,0.0,,3,13,25000.0,162900.0,0.00029189189381968766,6.516,3,False,False
100000001282143100,,0.0,-1,0.0,,5,0,1700000.0,0.0,0.00040353415108230583,0.0,3,False,False
100000008029279100,,0.0,-1,0.0,,1,0,17000.0,0.0,0.0002903215349601444,0.0,3,False,False
100000000594783100,,0.0,-1,0.0,,1,2,2635000.0,152500.0,0.0014014693873001085,0.05787476280834915,3,False,False
100000002705460100,,0.0,-1,0.0,,1,0,95000.0,0.0,0.0005601353161872996,0.0,3,False,False
100000002952756100,,0.0,-1,0.0,,1,0,47000.0,0.0,0.0003693378412493598,0.0,3,False,False
100000004634420100,,0.0,-1,0.0,,1,0,26150.0,0.0,0.0002909470907332539,0.0,3,False,False
100000000583220100,,0.0,-1,0.0,,1,1,5000.0,761255.0,0.00029944454409515576,152.251,3,False,False
100000003286537100,,0.0,-1,0.0,,2,0,153000.0,0.0,0.00030244091776767475,0.0,3,False,False
100000002958345100,,0.0,-1,0.0,,1,0,307000.0,0.0,0.0003015325037531885,0.0,3,False,False
100000005055454100,,0.0,-1,0.0,,1,0,6500.0,0.0,0.0005081136848480626,0.0,3,False,False
100000008738526100,,0.0,-1,0.0,,1,1,15000.0,140000.0,0.00028873979765859655,9.333333333333334,3,False,False
100000001298099100,,0.0,-1,0.0,,1,0,19000.0,0.0,0.00029395757043285375,0.0,3,False,False
100000006491272100,,0.0,-1,0.0,,1,0,26200.0,0.0,0.0002909549267563096,0.0,3,False,False
100000000552584100,,0.0,-1,0.0,,1,1,2500000.0,57500.0,0.0013443635913060398,0.023,3,False,False
100000005187208100,,0.0,-1,0.0,,1,0,14160.0,0.0,0.0003133607963492508,0.0,3,False,False
100000003528285100,,0.0,-1,0.0,,4,4,118870.0,548000.0,0.00040605928275039147,4.6100782367292,3,False,False
100000001484381100,,0.0,-1,0.0,,2,0,95585.0,0.0,0.00032273403956322843,0.0,3,False,False
100000002508637100,,0.0,-1,0.0,,1,1,306410.0,8000.0,0.0003087634022713054,0.02610880845925394,3,False,False
100000003149149100,,0.0,-1,0.0,,1,0,245000.0,0.0,0.0002948203385257786,0.0,3,False,False
100000001538095100,,0.0,-1,0.0,,2,0,280000.0,0.0,0.0003316052210015492,0.0,3,False,False
100000008695133100,,0.0,-1,0.0,,1,0,36610.0,0.0,0.00029258638675650037,0.0,3,False,False
100000008749405100,,0.0,-1,0.0,,1,0,37150.0,0.0,0.00029267101580550165,0.0,3,False,False
100000005815602100,,0.0,-1,0.0,,1,1,20000.0,165000.0,0.0005545821449232087,8.25,3,False,False
100000006641671100,,0.0,-1,0.0,,2,1,22000.0,25000.0,0.0004419288909384838,1.1363636363636365,3,False,False
100000002945031100,,0.0,-1,0.0,,1,0,15000.0,0.0,0.0002924242452927986,0.0,3,False,False
100000003497735100,,0.0,-1,0.0,,1,0,125000.0,0.0,0.00030831471215755907,0.0,3,False,False
100000004644615100,,0.0,-1,0.0,,1,2,50810.0,379665.0,0.0003760247147405892,7.472249557173785,3,False,False
100000002755292100,,0.0,-1,0.0,,1,0,203400.0,0.0,0.00029346681242542493,0.0,3,False,False
100000005142492100,,0.0,-1,0.0,,1,1,10000.0,57000.0,0.0019364373419465083,5.7,3,False,False
100000002893020100,,0.0,-1,0.0,,1,0,18340.0,0.0,0.0002937106359570594,0.0,3,False,False
100000004500444100,,0.0,-1,0.0,,2,1,180000.0,74000.0,0.00046648815353129535,0.4111111111111111,3,False,False
100000008454065100,,0.0,-1,0.0,,1,0,24050.0,0.0,0.0002936803883197036,0.0,3,False,False
100000008416433100,,0.0,-1,0.0,,1,0,20000.0,0.0,0.0002925299630614711,0.0,3,False,False
100000005265073100,,0.0,-1,0.0,,1,1,5000.0,9000.0,0.00030046266182776526,1.8,3,False,False
100000006734214100,,0.0,-1,0.0,,5,3,610000.0,36000.0,0.0006089813456116862,0.05901639344262295,3,False,False
100000002611334100,,0.0,-1,0.0,,1,1,48288.0,15500.0,0.00030669889928359664,0.3209907223326706,3,False,False
100000006225798100,,0.0,-1,0.0,,3,2,722000.0,26300.0,0.0003615536458408232,0.03642659279778394,3,False,False
100000002849158100,,0.0,-1,0.0,,3,1,723000.0,1313000.0,0.0003377410135067868,1.8160442600276625,3,False,False
100000008686214100,,0.0,-1,0.0,,1,0,25000.0,0.0,0.00029905883085663517,0.0,3,False,False
100000004931931100,,0.0,-1,0.0,,1,1,23938.0,45000.0,0.0002931182678809276,1.8798562954298605,3,False,False
100000007510875100,,0.0,-1,0.0,,1,0,5000.0,0.0,0.00035791700916737245,0.0,3,False,False
100000005233755100,,0.0,-1,0.0,,1,1,25000.0,5000.0,0.0002929125337123526,0.2,3,False,False
100000008042075100,,0.0,-1,0.0,,1,0,5000.0,0.0,0.0002932622491795616,0.0,3,False,False
100000001680944100,,0.0,-1,0.0,,1,0,393000.0,0.0,0.00034712341761991165,0.0,3,False,False
100000008417029100,,0.0,-1,0.0,,1,0,100000.0,0.0,0.00030799897483041103,0.0,3,False,False
100000004975919100,,0.0,-1,0.0,,1,2,22351.0,15000.0,0.00029141461340773675,0.6711109122634334,3,False,False
100000003087877100,,0.0,-1,0.0,,1,0,91486.0,0.0,0.0002933919617593942,0.0,3,False,False
100000008295429100,,0.0,-1,0.0,,1,0,352000.0,0.0,0.00029830176383197684,0.0,3,False,False
100000003254277100,,0.0,-1,0.0,,1,1,49200.0,44997.0,0.00028963138271943426,0.9145731707317073,3,False,False
100000005314565100,,0.0,-1,0.0,,1,0,218500.0,0.0,0.0003766690051845033,0.0,3,False,False
100000002951898100,,0.0,-1,0.0,,1,0,39990.0,0.0,0.00029820823489161115,0.0,3,False,False
100000001009583100,,0.0,-1,0.0,,1,0,393740.0,0.0,0.00029965984506824517,0.0,3,False,False
100000004064431100,,0.0,-1,0.0,,1,1,26000.0,10000.0,0.0002923557506606153,0.38461538461538464,3,False,False
100000001927599100,,0.0,-1,0.0,,2,0,188000.0,0.0,0.0003287099192214552,0.0,3,False,False
100000007737775100,,0.0,-1,0.0,,1,0,6000.0,0.0,0.0003044690118995227,0.0,3,False,False
100000003157679100,,0.0,-1,0.0,,4,0,541000.0,0.0,0.00037450565257694167,0.0,3,False,False
100000001229743100,,0.0,-1,0.0,,1,1,7000.0,9000.0,0.00028972638422921363,1.2857142857142858,3,False,False
100000003795588100,,0.0,-1,0.0,,1,0,400000.0,0.0,0.00032246593786746655,0.0,3,False,False
100000002301828100,,0.0,-1,0.0,,1,0,46977.0,0.0,0.0002942734705263043,0.0,3,False,False
100000005409156100,,0.0,-1,0.0,,2,0,260080.0,0.0,0.0004257878959058123,0.0,3,False,False
100000002513028100,,0.0,-1,0.0,,1,3,9500.0,332709.0,0.00030695955204750394,35.022,3,False,False
100000003218308100,,0.0,-1,0.0,,1,0,11165.0,0.0,0.0002874802931603933,0.0,3,False,False
100000008489604100,,0.0,-1,0.0,,1,0,11000.0,0.0,0.0002885727757473855,0.0,3,False,False
100000004450649100,,0.0,-1,0.0,,2,2,192528.0,46527.0,0.0003002894422648266,0.24166355023684866,3,False,False
100000008767065100,,0.0,-1,0.0,,1,0,10000.0,0.0,0.00028838255466864354,0.0,3,False,False
100000003035737100,,0.0,-1,0.0,,2,1,809170.0,6544.53,0.00038046625366801486,0.008087954323566123,3,False,False
100000002748761100,,0.0,-1,0.0,,1,0,796800.0,0.0,0.00032495938739367453,0.0,3,False,False
100000008432942100,,0.0,-1,0.0,,1,0,44542.0,0.0,0.0002893679470636958,0.0,3,False,False
100000004278574100,,0.0,-1,0.0,,1,1,25000.0,12500.0,0.00028766226780275425,0.5,3,False,False
100000000926766100,,0.0,-1,0.0,,1,1,18750.0,6000.0,0.00031935485946294866,0.32,3,False,False
100000008661550100,,0.0,-1,0.0,,1,0,22800.0,0.0,0.000290422077188524,0.0,3,False,False
100000000783406100,,0.0,-1,0.0,,1,0,6066.0,0.0,0.0002914935468693817,0.0,3,False,False
100000008730371100,,0.0,-1,0.0,,2,0,520000.0,0.0,0.0008619731961965355,0.0,3,False,False
100000002878467100,,0.0,-1,0.0,,2,0,200000.0,0.0,0.00031580757064112635,0.0,3,False,False
100000003171587100,,0.0,-1,0.0,,2,2,700000.0,431300.0,0.00031742126397983536,0.6161428571428571,3,False,False
100000002696152100,,0.0,-1,0.0,,1,2,21800.0,69000.0,0.0012105361210712137,3.165137614678899,3,False,False
100000002109656100,,0.0,-1,0.0,,1,0,500000.0,0.0,0.00031076359510193044,0.0,3,False,False
100000001317336100,,0.0,-1,0.0,,1,2,131196.0,1752000.0,0.0003453516896029726,13.354065672733924,3,False,False
100000005222360100,,0.0,-1,0.0,,1,1,5000.0,27000.0,0.000604212647324845,5.4,3,False,False
100000001445848100,,0.0,-1,0.0,,1,1,546000.0,351850.0,0.0007049174497613797,0.6444139194139195,3,False,False
100000008720856100,,0.0,-1,0.0,,1,1,18105.0,46000.0,0.00032074706934955986,2.5407346037006353,3,False,False
100000002448088100,,0.0,-1,0.0,,3,1,20000.0,25000.0,0.0005108708923550081,1.25,3,False,False
100000003109805100,,0.0,-1,0.0,,1,0,36929.0,0.0,0.0002926854044457857,0.0,3,False,False
100000008223661100,,0.0,-1,0.0,,2,5,202000.0,262580.0,0.00031607423562254443,1.29990099009901,3,False,False
100000004096559100,,0.0,-1,0.0,,1,0,46200.0,0.0,0.0009806039355939784,0.0,3,False,False
100000002257794100,,0.0,-1,0.0,,1,0,154000.0,0.0,0.0008642083851019645,0.0,3,False,False
100000003112578100,,0.0,-1,0.0,,1,0,101080.0,0.0,0.0002916834554084582,0.0,3,False,False
100000007020162100,,0.0,-1,0.0,,1,0,86395.0,0.0,0.0003113898359060009,0.0,3,False,False
100000001934935100,,0.0,-1,0.0,,1,0,118935.0,0.0,0.0002935752825590484,0.0,3,False,False
100000002663511100,,0.0,-1,0.0,,1,0,268940.0,0.0,0.00031079599924890004,0.0,3,False,False
100000003338583100,,0.0,-1,0.0,,1,0,21765.0,0.0,0.0002914587613745193,0.0,3,False,False
100000002904919100,,0.0,-1,0.0,,1,1,60325.0,5500.0,0.0002922203526373309,0.09117281392457521,3,False,False
100000005127767100,,0.0,-1,0.0,,1,0,7000.0,0.0,0.0004243772759776554,0.0,3,False,False
100000004066647100,,0.0,-1,0.0,,1,0,51000.0,0.0,0.00029560692215996575,0.0,3,False,False
100000002394199100,,0.0,-1,0.0,,1,1,277398.0,76777.0,0.0030500008120517954,0.2767756076107254,3,False,False
100000003968044100,,0.0,-1,0.0,,1,3,40000.0,311000.0,0.00029732494258889806,7.775,3,False,False
100000001808684100,,0.0,-1,0.0,,1,1,48400.0,37700.0,0.0011769702415539197,0.7789256198347108,3,False,False
100000008097580100,,0.0,-1,0.0,,2,0,32000.0,0.0,0.0006776944045104037,0.0,3,False,False
100000008687617100,,0.0,-1,0.0,,1,0,43350.0,0.0,0.00029364268266440487,0.0,3,False,False
100000005667841100,,0.0,-1,0.0,,2,0,186000.0,0.0,0.0003136200047158147,0.0,3,False,False
100000001329153100,,0.0,-1,0.0,,1,0,150687.0,0.0,0.000295371033727148,0.0,3,False,False
100000007689942100,,0.0,-1,0.0,,1,2,5000.0,25000.0,0.000896624115020963,5.0,3,False,False
100000006476758100,,0.0,-1,0.0,,1,0,5200.0,0.0,0.0005195206437981546,0.0,3,False,False
100000002184107100,,0.0,-1,0.0,,1,0,6066.0,0.0,0.0002914935468693817,0.0,3,False,False
100000008663723100,,0.0,-1,0.0,,1,0,15600.0,0.0,0.0002892936898685073,0.0,3,False,False
100000000254336100,,0.0,-1,0.0,,2,1,97177.0,60000.0,0.00029324103639830957,0.6174300503205491,3,False,False
100000008750464100,,0.0,-1,0.0,,1,0,8500.0,0.0,0.000288180974594602,0.0,3,False,False
100000001530709100,,0.0,-1,0.0,,1,0,53961.0,0.0,0.0002899006435946964,0.0,3,False,False
100000000656682100,,0.0,-1,0.0,,1,2,71000.0,80000.0,0.00029086429325938677,1.1267605633802817,3,False,False
100000008755754100,,0.0,-1,0.0,,1,0,7000.0,0.0,0.0002972222331379361,0.0,3,False,False
100000002691583100,,0.0,-1,0.0,,1,0,285200.0,0.0,0.00035864373021022325,0.0,3,False,False
100000005241556100,,0.0,-1,0.0,,1,0,100000.0,0.0,0.0005514699829952017,0.0,3,False,False
100000004713684100,,0.0,-1,0.0,,1,0,37500.0,0.0,0.0002889696830259736,0.0,3,False,False
100000006919124100,,0.0,-1,0.0,,1,0,25000.0,0.0,0.0002882627389090283,0.0,3,False,False
100000003006633100,,0.0,-1,0.0,,1,0,10000.0,0.0,0.00029450578472433643,0.0,3,False,False
100000008306857100,,0.0,-1,0.0,,1,0,125000.0,0.0,0.000292827536781836,0.0,3,False,False
100000003671721100,,0.0,-1,0.0,,1,0,5000.0,0.0,0.0005611749629013735,0.0,3,False,False
100000002613929100,,0.0,-1,0.0,,1,0,28560.0,0.0,0.00078424674358795,0.0,3,False,False
100000008669310100,,0.0,-1,0.0,,1,0,59567.0,0.0,0.00029021769389226396,0.0,3,False,False
100000006573438100,,0.0,-1,0.0,,1,0,5000.0,0.0,0.00030042207400611727,0.0,3,False,False
100000006165886100,,0.0,-1,0.0,,2,1,184481.0,75000.0,0.0002998946960722988,0.4065459315593476,3,False,False
100000008491390100,,0.0,-1,0.0,,1,0,36000.0,0.0,0.00028888484973194013,0.0,3,False,False
100000005186131100,,0.0,-1,0.0,,1,1,10000.0,10000.0,0.00028741440596869404,1.0,3,False,False
100000001550419100,,0.0,-1,0.0,,1,0,23000.0,0.0,0.00029338212991942105,0.0,3,False,False
100000004979283100,,0.0,-1,0.0,,1,0,40132.0,0.0,0.0003018639633760143,0.0,3,False,False
100000002537811100,,0.0,-1,0.0,,1,1,52000.0,15000.0,0.001236045629091144,0.28846153846153844,3,False,False
100000002990675100,,0.0,-1,0.0,,1,0,51143.0,0.0,0.00028851287436144527,0.0,3,False,False
100000008763688100,,0.0,-1,0.0,,1,0,21000.0,0.0,0.0002901399803585198,0.0,3,False,False
100000002809896100,,0.0,-1,0.0,,1,0,38000.0,0.0,0.00030106629019056955,0.0,3,False,False
100000008716072100,,0.0,-1,0.0,,1,0,12100.0,0.0,0.0002887451682546103,0.0,3,False,False
100000001279272100,,0.0,-1,0.0,,1,2,250000.0,136758.0,0.0003091095301703433,0.547032,3,False,False
100000001714173100,,0.0,-1,0.0,,1,0,638905.0,0.0,0.0005731701671023893,0.0,3,False,False
100000008729597100,,0.0,-1,0.0,,1,0,83090.0,0.0,0.00030382210580697275,0.0,3,False,False
100000002255058100,,0.0,-1,0.0,,1,0,491500.0,0.0,0.000427995412170308,0.0,3,False,False
100000006111442100,,0.0,-1,0.0,,1,0,64000.0,0.0,0.00029684915204799113,0.0,3,False,False
100000008686247100,,0.0,-1,0.0,,1,1,22000.0,5000.0,0.0003150678040946023,0.22727272727272727,3,False,False
100000001893287100,,0.0,-1,0.0,,1,1,18000.0,152700.0,0.0006209975996733088,8.483333333333333,3,False,False
100000005172860100,,0.0,-1,0.0,,1,0,15209.2,0.0,0.0002931009911509449,0.0,3,False,False
100000001788284100,,0.0,-1,0.0,,1,5,8000.0,296700.0,0.0003007180810912705,37.0875,3,False,False
100000008755580100,,0.0,-1,0.0,,1,0,16000.0,0.0,0.00028935637805295266,0.0,3,False,False
100000003896956100,,0.0,-1,0.0,,1,1,10000.0,27000.0,0.00028985689516257385,2.7,3,False,False
100000002475601100,,0.0,-1,0.0,,1,0,232301.0,0.0,0.0003034631003743686,0.0,3,False,False
100000008619857100,,0.0,-1,0.0,,1,2,29000.0,13000.0,0.0002884889610264508,0.4482758620689655,3,False,False
100000001373265100,,0.0,-1,0.0,,1,1,142482.0,5000.0,0.0003159544390455085,0.0350921519911287,3,False,False
100000004185681100,,0.0,-1,0.0,,1,0,10000.0,0.0,0.0005376395235318481,0.0,3,False,False
100000003031633100,,0.0,-1,0.0,,1,0,414000.0,0.0,0.0003160314969995532,0.0,3,False,False
100000002632742100,,0.0,-1,0.0,,2,0,235500.0,0.0,0.0003189806323562109,0.0,3,False,False
100000005847078100,,0.0,-1,0.0,,1,0,16300.0,0.0,0.00028940339419128674,0.0,3,False,False
100000002807334100,,0.0,-1,0.0,,1,0,54715.0,0.0,0.00028862909540063915,0.0,3,False,False
100000008748795100,,0.0,-1,0.0,,1,0,47057.0,0.0,0.00028951018422002523,0.0,3,False,False
100000003899899100,,0.0,-1,0.0,,2,1,218500.0,10000.0,0.0006568178039271211,0.04576659038901602,3,False,False
100000002308091100,,0.0,-1,0.0,,1,0,186720.0,0.0,0.0005635514183113789,0.0,3,False,False
100000008680912100,,0.0,-1,0.0,,1,1,45112.0,5990.85,0.0005399325205590342,0.13279947685759888,3,False,False
100000008742053100,,0.0,-1,0.0,,1,12,10000.0,2789000.0,0.00028755374551389185,278.9,3,False,False
100000008473765100,,0.0,-1,0.0,,1,0,30000.0,0.0,0.0002929771170604435,0.0,3,False,False
100000007472293100,,0.0,-1,0.0,,1,3,5000.0,345900.0,0.00028761570267189074,69.18,3,False,False
100000008753061100,,0.0,-1,0.0,,1,0,28400.0,0.0,0.00029129971177075916,0.0,3,False,False
100000008501413100,,0.0,-1,0.0,,1,1,5000.0,5100.0,0.00036826410450355597,1.02,3,False,False
100000002748581100,,0.0,-1,0.0,,1,0,41180.0,0.0,0.000298546261078598,0.0,3,False,False
100000001384826100,,0.0,-1,0.0,,1,1,364260.0,10000.0,0.0002987006635913599,0.027452918245209467,3,False,False
100000004099450100,,0.0,-1,0.0,,1,0,31000.0,0.0,0.0002974899974802634,0.0,3,False,False
100000002926970100,,0.0,-1,0.0,,1,0,85000.0,0.0,0.0003186510180122877,0.0,3,False,False
100000002753146100,,0.0,-1,0.0,,1,0,803540.0,0.0,0.0003252817581485477,0.0,3,False,False
100000003943247100,,0.0,-1,0.0,,1,0,40000.0,0.0,0.0002891110718493626,0.0,3,False,False
100000002872399100,,0.0,-1,0.0,,1,0,1090000.0,0.0,0.000708728224930025,0.0,3,False,False
100000008417359100,,0.0,-1,0.0,,1,2,40810.0,110760.0,0.0002932987886474669,2.714040676304827,3,False,False
100000002614095100,,0.0,-1,0.0,,1,0,5300.0,0.0,0.000287679469119039,0.0,3,False,False
100000004717647100,,0.0,-1,0.0,,1,5,300000.0,2240000.0,0.0010275743506493779,7.466666666666667,3,False,False
100000008537380100,,0.0,-1,0.0,,1,0,8000.0,0.0,0.00028810261436404525,0.0,3,False,False
100000001534244100,,0.0,-1,0.0,,2,1,366000.0,45000.0,0.00034302615179080005,0.12295081967213115,3,False,False
100000008767950100,,0.0,-1,0.0,,1,0,17350.0,0.0,0.0002895679506754558,0.0,3,False,False
100000004613582100,,0.0,-1,0.0,,1,1,5000.0,9500.0,0.0005558524676659821,1.9,3,False,False
100000008121806100,,0.0,-1,0.0,,1,4,67000.0,248509.0,0.0003017081950972492,3.709089552238806,3,False,False
100000002369443100,,0.0,-1,0.0,,1,0,50000.0,0.0,0.0002946848737308092,0.0,3,False,False
100000008655779100,,0.0,-1,0.0,,1,2,47000.0,24704.0,0.0003988392985297231,0.5256170212765957,3,False,False
100000008561016100,,0.0,-1,0.0,,1,1,180000.0,185000.0,0.0002961615770699283,1.0277777777777777,3,False,False
100000002727288100,,0.0,-1,0.0,,1,0,16000.0,0.0,0.0003677912742739629,0.0,3,False,False
100000001270349100,,0.0,-1,0.0,,1,0,200000.0,0.0,0.0003568754771075791,0.0,3,False,False
100000004722765100,,0.0,-1,0.0,,1,3,230000.0,2284500.0,0.0005841085782283838,9.932608695652174,3,False,False
100000001677389100,,0.0,-1,0.0,,1,1,11000.0,5400.0,0.0002899231881201373,0.4909090909090909,3,False,False
100000005857058100,,0.0,-1,0.0,,3,0,80222.0,0.0,0.00039164393701407885,0.0,3,False,False
100000008760098100,,0.0,-1,0.0,,1,1,7000.0,390000.0,0.00028792244347059187,55.714285714285715,3,False,False
100000002838519100,,0.0,-1,0.0,,1,0,46900.0,0.0,0.0003001710592210893,0.0,3,False,False
100000002597623100,,0.0,-1,0.0,,1,0,16418.0,0.0,0.0002877773793560984,0.0,3,False,False
100000003635660100,,0.0,-1,0.0,,1,0,18985.0,0.0,0.0002918210657997063,0.0,3,False,False
100000008676812100,,0.0,-1,0.0,,1,0,230800.0,0.0,0.0004752074632959975,0.0,3,False,False
100000003213473100,,0.0,-1,0.0,,1,11,57500.0,240000.0,0.00029010079361308595,4.173913043478261,3,False,False
100000003071649100,,0.0,-1,0.0,,1,0,189500.0,0.0,0.0002966530820740978,0.0,3,False,False
100000002433697100,,0.0,-1,0.0,,1,1,130000.0,110000.0,0.00029107861973874313,0.8461538461538461,3,False,False
100000008612257100,,0.0,-1,0.0,,1,0,9500.0,0.0,0.00028915305022927945,0.0,3,False,False
100000002736033100,,0.0,-1,0.0,,1,1,34530.0,11000.0,0.0002964994754002133,0.3185635679119606,3,False,False
100000008687990100,,0.0,-1,0.0,,1,0,17600.0,0.0,0.00028960713079073414,0.0,3,False,False
100000008776310100,,0.0,-1,0.0,,1,0,19200.0,0.0,0.0002898578835285156,0.0,3,False,False
100000007267915100,,0.0,-1,0.0,,2,1,21000.0,10000.0,0.0002926981406505909,0.47619047619047616,3,False,False
100000004217419100,,0.0,-1,0.0,,2,1,118200.0,7700.0,0.0005867070280477143,0.06514382402707276,3,False,False
100000002773323100,,0.0,-1,0.0,,2,1,285000.0,1171644.0,0.0003269481574907087,4.111031578947369,3,False,False
100000002528544100,,0.0,-1,0.0,,1,0,192912.0,0.0,0.0003006459851600432,0.0,3,False,False
100000003760160100,,0.0,-1,0.0,,1,0,104470.0,0.0,0.0002902479581680213,0.0,3,False,False
100000000640800100,,0.0,-1,0.0,,1,4,80000.0,518135.0,0.0003045913514776589,6.4766875,3,False,False
100000008238112100,,0.0,-1,0.0,,1,0,190000.0,0.0,0.0002930308208450225,0.0,3,False,False
100000008751349100,,0.0,-1,0.0,,1,0,11630.0,0.0,0.00028977653107132667,0.0,3,False,False
100000002963189100,,0.0,-1,0.0,,1,7,490000.0,5219000.0,0.0004260361041403023,10.651020408163266,3,False,False
100000008548853100,,0.0,-1,0.0,,1,0,14000.0,0.0,0.0002890429371307258,0.0,3,False,False
100000003164661100,,0.0,-1,0.0,,1,0,596200.0,0.0,0.000603302331919954,0.0,3,False,False
100000000791285100,,0.0,-1,0.0,,1,3,1120000.0,650000.0,0.0005687922766193721,0.5803571428571429,3,False,False
100000003192309100,,0.0,-1,0.0,,1,1,17200.0,213000.0,0.0002895444426062888,12.383720930232558,3,False,False
100000002891765100,,0.0,-1,0.0,,1,0,55576.0,0.0,0.00030263552577428066,0.0,3,False,False
100000001740277100,,0.0,-1,0.0,,1,1,8700.0,5000.0,0.0003735092522064284,0.5747126436781609,3,False,False
100000002232266100,,0.0,-1,0.0,,1,0,45000.0,0.0,0.00029604125025309633,0.0,3,False,False
100000006701983100,,0.0,-1,0.0,,1,0,27000.0,0.0,0.0002910803031252003,0.0,3,False,False
100000002871199100,,0.0,-1,0.0,,1,0,23186.0,0.0,0.000293434964264614,0.0,3,False,False
100000002757791100,,0.0,-1,0.0,,1,0,73050.0,0.0,0.000312426075979587,0.0,3,False,False
100000000572276100,,0.0,-1,0.0,,1,1,13075.0,34547.0,0.0002888979707041959,2.6422179732313578,3,False,False
100000001853812100,,0.0,-1,0.0,,1,0,70000.0,0.0,0.0003011481389075177,0.0,3,False,False
100000004726132100,,0.0,-1,0.0,,1,1,349000.0,24000.0,0.00031792475925044466,0.06876790830945559,3,False,False
100000001785161100,,0.0,-1,0.0,,2,0,30000.0,0.0,0.0003326849590253378,0.0,3,False,False
100000002612809100,,0.0,-1,0.0,,1,3,30000.0,114000.0,0.0004301567178849594,3.8,3,False,False
100000008769097100,,0.0,-1,0.0,,1,0,31100.0,0.0,0.0002917228570157654,0.0,3,False,False
100000004488265100,,0.0,-1,0.0,,1,0,38740.0,0.0,0.00029476248533402927,0.0,3,False,False
100000002509598100,,0.0,-1,0.0,,1,0,305550.0,0.0,0.0003014631509943508,0.0,3,False,False
100000008706846100,,0.0,-1,0.0,,1,0,14200.0,0.0,0.00028907428122294847,0.0,3,False,False
100000001280798100,,0.0,-1,0.0,,1,0,23785.0,0.0,0.0002957478453823627,0.0,3,False,False
100000006664478100,,0.0,-1,0.0,,1,2,55000.0,60000.0,0.0006195113014954251,1.0909090909090908,3,False,False
100000003781406100,,0.0,-1,0.0,,1,0,45000.0,0.0,0.0007259553797550307,0.0,3,False,False
100000008708595100,,0.0,-1,0.0,,1,0,17200.0,0.0,0.0002895444426062888,0.0,3,False,False
100000004611571100,,0.0,-1,0.0,,1,0,22550.0,0.0,0.00028812417786210705,0.0,3,False,False
100000008576243100,,0.0,-1,0.0,,2,0,82920.0,0.0,0.0016582396966117684,0.0,3,False,False
100000008662216100,,0.0,-1,0.0,,1,0,26200.0,0.0,0.0002909549267563096,0.0,3,False,False
100000002681544100,,0.0,-1,0.0,,2,0,166072.0,0.0,0.00033720262368742813,0.0,3,False,False
100000007864477100,,0.0,-1,0.0,,2,6,76000.0,203500.0,0.0003061302993907699,2.6776315789473686,3,False,False
100000004746397100,,0.0,-1,0.0,,1,1,219520.0,7500.0,0.00029399130378931197,0.03416545189504373,3,False,False
100000003814002100,,0.0,-1,0.0,,1,0,30000.0,0.0,0.0002878249512282775,0.0,3,False,False
100000003962994100,,0.0,-1,0.0,,1,0,10000.0,0.0,0.0004833180296787344,0.0,3,False,False
100000003366471100,,0.0,-1,0.0,,2,1,329789.0,20000.0,0.00036206918808918086,0.0606448365470043,3,False,False
100000003561031100,,0.0,-1,0.0,,1,1,13300.0,5000.0,0.00028956571543929004,0.37593984962406013,3,False,False
100000001690439100,,0.0,-1,0.0,,1,0,14200.0,0.0,0.0004791292796983004,0.0,3,False,False
100000002954780100,,0.0,-1,0.0,,1,0,133400.0,0.0,0.00029375061568105476,0.0,3,False,False
100000008720668100,,0.0,-1,0.0,,1,0,16000.0,0.0,0.00028935637805295266,0.0,3,False,False
100000002459164100,,0.0,-1,0.0,,1,0,20000.0,0.0,0.0005441976818028364,0.0,3,False,False
100000005082652100,,0.0,-1,0.0,,1,0,30000.0,0.0,0.00040978263476441364,0.0,3,False,False
100000005041905100,,0.0,-1,0.0,,1,1,5000.0,1080351.0,0.000287632452980705,216.0702,3,False,False
100000008653041100,,0.0,-1,0.0,,1,0,28000.0,0.0,0.0002912370235863138,0.0,3,False,False
100000008722417100,,0.0,-1,0.0,,1,3,331900.0,720000.0,0.00029764777646137323,2.16932811087677,3,False,False
100000008625905100,,0.0,-1,0.0,,1,2,197800.0,635000.0,0.0005476931582077986,3.210313447927199,3,False,False
100000007487729100,,0.0,-1,0.0,,1,0,25000.0,0.0,0.0002954304206792713,0.0,3,False,False
100000000838385100,,0.0,-1,0.0,,1,2,436900.0,177500.0,0.001939416439649784,0.40627145799954223,3,False,False
100000004750321100,,0.0,-1,0.0,,2,0,50185.0,0.0,0.0003139265645129451,0.0,3,False,False
100000008664774100,,0.0,-1,0.0,,1,0,16300.0,0.0,0.00028940339419128674,0.0,3,False,False
100000006274203100,,0.0,-1,0.0,,2,3,3417512.0,72000.0,0.0006348128592595724,0.02106795821053445,3,False,False
100000002185328100,,0.0,-1,0.0,,1,4,15000.0,55000.0,0.0003533934292326023,3.6666666666666665,3,False,False
100000008254576100,,0.0,-1,0.0,,1,1,8000.0,60000.0,0.0002929743979144967,7.5,3,False,False
100000001689968100,,0.0,-1,0.0,,3,0,344333.75,0.0,0.00034064375029229104,0.0,3,False,False
100000002236528100,,0.0,-1,0.0,,1,0,66000.0,0.0,0.00030861061842404425,0.0,3,False,False
100000002670960100,,0.0,-1,0.0,,1,0,480310.0,0.0,0.0003098218324664033,0.0,3,False,False
100000003557488100,,0.0,-1,0.0,,1,2,664992.0,138000.0,0.0005833816707633925,0.20752129348924497,3,False,False
100000003888197100,,0.0,-1,0.0,,1,0,83167.0,0.0,0.00028955482916523677,0.0,3,False,False
100000002799941100,,0.0,-1,0.0,,1,0,600000.0,0.0,0.0003898849857907598,0.0,3,False,False
100000001632325100,,0.0,-1,0.0,,1,0,85600.0,0.0,0.0003002641221464471,0.0,3,False,False
100000008620570100,,0.0,-1,0.0,,2,2,145000.0,31800.0,0.00035008083059912595,0.2193103448275862,3,False,False
100000005308954100,,0.0,-1,0.0,,1,1,69020.0,30000.0,0.00036103274844872217,0.43465662126919735,3,False,False
100000008468762100,,0.0,-1,0.0,,2,0,170000.0,0.0,0.000311790467456624,0.0,3,False,False
100000002305007100,,0.0,-1,0.0,,1,0,56000.0,0.0,0.0002956251964974897,0.0,3,False,False
100000008314863100,,0.0,-1,0.0,,1,0,12000.0,0.0,0.0005193345948548091,0.0,3,False,False
100000005709551100,,0.0,-1,0.0,,1,0,24560.0,0.0,0.0002959776301291211,0.0,3,False,False
100000008297199100,,0.0,-1,0.0,,1,0,42268.0,0.0,0.00029791893700040824,0.0,3,False,False
100000003271151100,,0.0,-1,0.0,,1,0,127294.0,0.0,0.00031285190205017447,0.0,3,False,False
100000007005380100,,0.0,-1,0.0,,1,0,9400.0,0.0,0.00030444858862264224,0.0,3,False,False
100000004451012100,,0.0,-1,0.0,,1,3,91245.0,65740.0,0.0003025180709228461,0.7204778344018851,3,False,False
100000004779204100,,0.0,-1,0.0,,1,1,30450.0,20000.0,0.0002885709665440164,0.6568144499178982,3,False,False
100000002793881100,,0.0,-1,0.0,,3,0,785600.0,0.0,0.00037674307982882413,0.0,3,False,False
100000008671129100,,0.0,-1,0.0,,1,0,26200.0,0.0,0.0002909549267563096,0.0,3,False,False
100000002095257100,,0.0,-1,0.0,,1,0,8500.0,0.0,0.00039842559844157765,0.0,3,False,False
100000002194329100,,0.0,-1,0.0,,1,0,25170.0,0.0,0.0002882723533490188,0.0,3,False,False
100000001884825100,,0.0,-1,0.0,,3,0,495000.0,0.0,0.0003416112789468228,0.0,3,False,False
100000008692291100,,0.0,-1,0.0,,3,3,160000.0,156000.0,0.0003092289315024144,0.975,3,False,False
100000002697752100,,0.0,-1,0.0,,2,0,190785.0,0.0,0.00033103476484205787,0.0,3,False,False
100000007170072100,,0.0,-1,0.0,,1,2,100000.0,99500.0,0.00030902697667828914,0.995,3,False,False
100000002373144100,,0.0,-1,0.0,,1,1,46468.0,10764.0,0.0002909864876942707,0.2316432813979513,3,False,False
100000000287768100,,0.0,-1,0.0,,1,0,35168.0,0.0,0.00028998030498108743,0.0,3,False,False
100000004508696100,,0.0,-1,0.0,,1,3,7000.0,111000.0,0.0004243772759776554,15.857142857142858,3,False,False
100000008688109100,,0.0,-1,0.0,,1,0,12800.0,0.0,0.0002888548725773897,0.0,3,False,False
100000008724461100,,0.0,-1,0.0,,1,1,100111.0,130000.0,0.00029202833040907597,1.298558599954051,3,False,False
100000001714413100,,0.0,-1,0.0,,1,0,250172.0,0.0,0.0002949886182611399,0.0,3,False,False
100000008672493100,,0.0,-1,0.0,,1,0,14000.0,0.0,0.0002890429371307258,0.0,3,False,False
100000003241965100,,0.0,-1,0.0,,1,0,15000.0,0.0,0.00029246099785228195,0.0,3,False,False
100000002241986100,,0.0,-1,0.0,,1,6,280000.0,3077000.0,0.0002959591225044416,10.989285714285714,3,False,False
100000004140994100,,0.0,-1,0.0,,1,0,18650.0,0.0,0.00028977168727490325,0.0,3,False,False
100000008489922100,,0.0,-1,0.0,,3,36,262010.0,3789900.0,0.0005884489565955904,14.464715087210411,3,False,False
100000001252290100,,0.0,-1,0.0,,1,1,141005.0,5000.0,0.00029143668595831994,0.03545973547037339,3,False,False
100000008667799100,,0.0,-1,0.0,,1,0,34000.0,0.0,0.00029217734635299437,0.0,3,False,False
100000008684951100,,0.0,-1,0.0,,1,0,17200.0,0.0,0.0002895444426062888,0.0,3,False,False
100000006126743100,,0.0,-1,0.0,,1,0,55000.0,0.0,0.00028863836835589393,0.0,3,False,False
100000003009900100,,0.0,-1,0.0,,1,0,15998.0,0.0,0.00029283439271113456,0.0,3,False,False
100000001745217100,,0.0,-1,0.0,,1,0,50000.0,0.0,0.00029130098657417894,0.0,3,False,False
100000002886166100,,0.0,-1,0.0,,1,0,185000.0,0.0,0.0003260325621102659,0.0,3,False,False
100000002956779100,,0.0,-1,0.0,,1,0,411000.0,0.0,0.0004048778166456667,0.0,3,False,False
100000008568512100,,0.0,-1,0.0,,1,0,199640.0,0.0,0.00029334447448943143,0.0,3,False,False
100000008583360100,,0.0,-1,0.0,,1,1,112843.0,170000.0,0.0003290682856025026,1.5065179054083992,3,False,False
100000001130176100,,0.0,-1,0.0,,1,0,25000.0,0.0,0.0005604774925629036,0.0,3,False,False
100000001145749100,,0.0,-1,0.0,,1,0,10000.0,0.0,0.00048058697082486394,0.0,3,False,False
100000005367445100,,0.0,-1,0.0,,1,1,5000.0,5000.0,0.0018698205928640759,1.0,3,False,False
100000003917461100,,0.0,-1,0.0,,1,2,10000.0,140000.0,0.0004008706877935137,14.0,3,False,False
100000008200810100,,0.0,-1,0.0,,1,0,475000.0,0.0,0.0003095678578805908,0.0,3,False,False
100000002554175100,,0.0,-1,0.0,,1,0,24621.0,0.0,0.0002960606290517022,0.0,3,False,False
100000008751380100,,0.0,-1,0.0,,2,0,345780.0,0.0,0.0003141608550120162,0.0,3,False,False
100000004071444100,,0.0,-1,0.0,,1,1,247350.0,100000.0,0.00030887356696769413,0.40428542551041036,3,False,False
100000001141268100,,0.0,-1,0.0,,2,1,480000.0,10000.0,0.0003664778826493079,0.020833333333333332,3,False,False
100000002645993100,,0.0,-1,0.0,,2,5,49650.0,86980.0,0.00029462012240481723,1.7518630412890233,3,False,False
100000002546921100,,0.0,-1,0.0,,1,0,20000.0,0.0,0.0002925299630614711,0.0,3,False,False
100000008753897100,,0.0,-1,0.0,,1,0,24050.0,0.0,0.00029061797776491576,0.0,3,False,False
100000000870121100,,0.0,-1,0.0,,1,0,12000.0,0.0,0.00031707851488318084,0.0,3,False,False
100000003171006100,,0.0,-1,0.0,,2,0,485000.0,0.0,0.00033645816065421035,0.0,3,False,False
100000001690558100,,0.0,-1,0.0,,1,0,740000.0,0.0,0.00041392675065107164,0.0,3,False,False
100000008667795100,,0.0,-1,0.0,,1,0,34000.0,0.0,0.00029217734635299437,0.0,3,False,False
100000005674387100,,0.0,-1,0.0,,1,0,26200.0,0.0,0.0002909549267563096,0.0,3,False,False
100000003636627100,,0.0,-1,0.0,,1,1,77000.0,10000.0,0.0020084672100121447,0.12987012987012986,3,False,False
100000001275752100,,0.0,-1,0.0,,1,0,151500.0,0.0,0.0002946870620574198,0.0,3,False,False
100000002459240100,,0.0,-1,0.0,,1,0,150000.0,0.0,0.0002917293534408363,0.0,3,False,False
100000002644285100,,0.0,-1,0.0,,1,0,500000.0,0.0,0.00031076359510193044,0.0,3,False,False
100000005186109100,,0.0,-1,0.0,,1,0,5000.0,0.0,0.0006085229555982295,0.0,3,False,False
100000005317181100,,0.0,-1,0.0,,1,1,141250.0,14500.0,0.00032384255024560355,0.10265486725663717,3,False,False
100000003001661100,,0.0,-1,0.0,,1,5,110000.0,439500.0,0.0005489541541645926,3.9954545454545456,3,False,False
100000000288317100,,0.0,-1,0.0,,2,3,100000.0,53500.0,0.00031422576799224755,0.535,3,False,False
100000004368189100,,0.0,-1,0.0,,1,2,384600.0,28200.0,0.0003052440720882267,0.07332293291731669,3,False,False
100000004493586100,,0.0,-1,0.0,,1,0,7500.0,0.0,0.00028993192234021907,0.0,3,False,False
100000004114962100,,0.0,-1,0.0,,2,0,165000.0,0.0,0.000714335355213495,0.0,3,False,False
100000008088082100,,0.0,-1,0.0,,1,1,39138.0,50000.0,0.00030139617031153825,1.2775307884920026,3,False,False
100000008595687100,,0.0,-1,0.0,,1,1,64395.0,10400.0,0.0003062191531519819,0.161503222299868,3,False,False
100000001248999100,,0.0,-1,0.0,,1,0,23425.0,0.0,0.0002905511245541334,0.0,3,False,False
100000002736316100,,0.0,-1,0.0,,3,0,266921.0,0.0,0.00038550579299362656,0.0,3,False,False
100000008596924100,,0.0,-1,0.0,,1,0,100000.0,0.0,0.0004178559695334647,0.0,3,False,False
100000008598972100,,0.0,-1,0.0,,1,0,120000.0,0.0,0.00029543129312655945,0.0,3,False,False
100000002769809100,,0.0,-1,0.0,,1,0,113422.0,0.0,0.00037941388776648597,0.0,3,False,False
100000003089553100,,0.0,-1,0.0,,1,0,150000.0,0.0,0.0003084637604072579,0.0,3,False,False
100000002343825100,,0.0,-1,0.0,,3,2,350000.0,89800.0,0.0003350828207250549,0.25657142857142856,3,False,False
100000002015633100,,0.0,-1,0.0,,1,0,94970.0,0.0,0.00028993885965952705,0.0,3,False,False
100000002906470100,,0.0,-1,0.0,,1,0,130000.0,0.0,0.0003091733466168559,0.0,3,False,False
100000005628518100,,0.0,-1,0.0,,1,0,77000.0,0.0,0.0005353273698316095,0.0,3,False,False
100000002958139100,,0.0,-1,0.0,,1,0,209500.0,0.0,0.000301616397547034,0.0,3,False,False
100000008754747100,,0.0,-1,0.0,,1,0,45500.0,0.0,0.0002939796316557987,0.0,3,False,False
100000008776720100,,0.0,-1,0.0,,1,0,26150.0,0.0,0.0002909470907332539,0.0,3,False,False
100000008576528100,,0.0,-1,0.0,,1,0,28000.0,0.0,0.00028775987785806825,0.0,3,False,False
100000004603109100,,0.0,-1,0.0,,3,2,2730000.0,400000.0,0.0032273481702142053,0.14652014652014653,3,False,False
100000008721637100,,0.0,-1,0.0,,1,2,24041.0,127000.0,0.0002917598390807756,5.282642152988644,3,False,False
100000004491749100,,0.0,-1,0.0,,1,0,50000.0,0.0,0.00035235241010430127,0.0,3,False,False
100000005171642100,,0.0,-1,0.0,,2,1,696800.0,683600.0,0.0028280471273330237,0.9810562571756601,3,False,False
100000008682426100,,0.0,-1,0.0,,1,0,20000.0,0.0,0.0002925299630614711,0.0,3,False,False
100000006209210100,,0.0,-1,0.0,,1,0,229111.0,0.0,0.0003623921896254362,0.0,3,False,False
100000003888527100,,0.0,-1,0.0,,1,0,30000.0,0.0,0.0003682881906610144,0.0,3,False,False
100000008490127100,,0.0,-1,0.0,,1,6,431755.0,923000.0,0.0003008967271524987,2.137786476126507,3,False,False
100000004336228100,,0.0,-1,0.0,,1,0,51407.0,0.0,0.00029735004367745146,0.0,3,False,False
100000006844004100,,0.0,-1,0.0,,1,0,20600.0,0.0,0.0005478256591732759,0.0,3,False,False
100000001688676100,,0.0,-1,0.0,,1,0,133700.0,0.0,0.0003098087361167356,0.0,3,False,False
100000008712036100,,0.0,-1,0.0,,1,0,21000.0,0.0,0.0002901399803585198,0.0,3,False,False
100000004697956100,,0.0,-1,0.0,,1,1,10000.0,10000.0,0.00047075822895587796,1.0,3,False,False
100000004921657100,,0.0,-1,0.0,,1,1,8300.0,22190.0,0.0003628873834839626,2.6734939759036145,3,False,False
100000000408846100,,0.0,-1,0.0,,1,0,40500.0,0.0,0.00029704412634544273,0.0,3,False,False
100000003406094100,,0.0,-1,0.0,,1,3,70000.0,47000.0,0.000781313271793232,0.6714285714285714,3,False,False
100000008695566100,,0.0,-1,0.0,,1,0,33700.0,0.0,0.0002921303302146603,0.0,3,False,False
100000005974542100,,0.0,-1,0.0,,1,0,94500.0,0.0,0.00048585026228759346,0.0,3,False,False
100000001887715100,,0.0,-1,0.0,,3,1,1331500.0,750000.0,0.00073410918066691,0.5632745024408562,3,False,False
100000002472632100,,0.0,-1,0.0,,2,1,502400.0,20000.0,0.0009897621912287563,0.03980891719745223,3,False,False
100000004629688100,,0.0,-1,0.0,,1,1,5000.0,15000.0,0.00038971515524088325,3.0,3,False,False
100000002459832100,,0.0,-1,0.0,,2,0,880606.0,0.0,0.00039490837520084253,0.0,3,False,False
100000006100920100,,0.0,-1,0.0,,1,0,100000.0,0.0,0.0003279564728762204,0.0,3,False,False
100000001439416100,,0.0,-1,0.0,,1,2,10000.0,165000.0,0.00034295003658662404,16.5,3,False,False
100000002121357100,,0.0,-1,0.0,,2,1,255300.0,113000.0,0.0003277289071697347,0.4426165295730513,3,False,False
100000002970466100,,0.0,-1,0.0,,1,2,23317.0,93000.0,0.0002881675559531228,3.9885062400823434,3,False,False
100000002581346100,,0.0,-1,0.0,,1,0,166400.0,0.0,0.0002922629550765526,0.0,3,False,False
100000008738658100,,0.0,-1,0.0,,1,0,29920.0,0.0,0.00029153792687165156,0.0,3,False,False
100000005910114100,,0.0,-1,0.0,,3,19,326144.0,1469993.0,0.00036323669634607457,4.507190075549451,3,False,False
100000001046626100,,0.0,-1,0.0,,1,0,150000.0,0.0,0.0002917293534408363,0.0,3,False,False
100000006492770100,,0.0,-1,0.0,,1,1,269000.0,20000.0,0.0003020622880717993,0.07434944237918216,3,False,False
100000001674850100,,0.0,-1,0.0,,2,0,237000.0,0.0,0.0003154950296520016,0.0,3,False,False
100000000860514100,,0.0,-1,0.0,,1,1,12000.0,50000.0,0.00030765269629933677,4.166666666666667,3,False,False
100000003650146100,,0.0,-1,0.0,,1,0,14400.0,0.0,0.00030146705880816323,0.0,3,False,False
100000001227106100,,0.0,-1,0.0,,1,0,164765.0,0.0,0.00029220975759640654,0.0,3,False,False
100000003647799100,,0.0,-1,0.0,,1,0,100000.0,0.0,0.00029010251918560345,0.0,3,False,False
100000008293431100,,0.0,-1,0.0,,1,5,15000.0,297000.0,0.0002881844914448502,19.8,3,False,False
100000002975287100,,0.0,-1,0.0,,1,0,15000.0,0.0,0.0002904870604974667,0.0,3,False,False
100000008507703100,,0.0,-1,0.0,,1,0,28500.0,0.0,0.0002913153838168705,0.0,3,False,False
100000001733687100,,0.0,-1,0.0,,1,0,300000.0,0.0,0.0003079956958377576,0.0,3,False,False
100000004552204100,,0.0,-1,0.0,,1,2,22500.0,10000.0,0.0008681325584092655,0.4444444444444444,3,False,False
100000008223756100,,0.0,-1,0.0,,2,0,331682.0,0.0,0.0003578467210306656,0.0,3,False,False
100000002956769100,,0.0,-1,0.0,,3,0,840000.0,0.0,0.00038648464359370267,0.0,3,False,False
100000008555233100,,0.0,-1,0.0,,1,0,440600.0,0.0,0.00036501805850886317,0.0,3,False,False
100000002346166100,,0.0,-1,0.0,,1,0,6000.0,0.0,0.0002877891734418184,0.0,3,False,False
100000000878006100,,0.0,-1,0.0,,1,0,47003.0,0.0,0.000288378172485112,0.0,3,False,False
100000004997515100,,0.0,-1,0.0,,4,4,395000.0,54500.0,0.00035819757970663327,0.1379746835443038,3,False,False
100000007653003100,,0.0,-1,0.0,,1,0,100000.0,0.0,0.0003026536484509993,0.0,3,False,False
100000000661131100,,0.0,-1,0.0,,1,0,15600.0,0.0,0.0002892936898685073,0.0,3,False,False
100000003880331100,,0.0,-1,0.0,,1,16,100000.0,3904908.0,0.00030902697667828914,39.04908,3,False,False
100000003204491100,,0.0,-1,0.0,,1,1,140000.0,100000.0,0.0002993148311924529,0.7142857142857143,3,False,False
100000008463968100,,0.0,-1,0.0,,1,0,10000.0,0.0,0.00028841605528627214,0.0,3,False,False
100000002712416100,,0.0,-1,0.0,,2,0,116800.0,0.0,0.0003040093806669141,0.0,3,False,False
100000008754997100,,0.0,-1,0.0,,1,0,18000.0,0.0,0.00028966981897517955,0.0,3,False,False
100000008011573100,,0.0,-1,0.0,,1,0,15000.0,0.0,0.0002904870604974667,0.0,3,False,False
100000003178549100,,0.0,-1,0.0,,2,4,250000.0,89080.0,0.0003537117691994737,0.35632,3,False,False
100000000534581100,,0.0,-1,0.0,,2,1,55960.0,40000.0,0.00029978485808505943,0.7147962830593281,3,False,False
100000007138613100,,0.0,-1,0.0,,3,2,1002000.0,179000.0,0.0003557386304979125,0.17864271457085829,3,False,False
100000002380341100,,0.0,-1,0.0,,1,0,57566.4,0.0,0.00031051302890190187,0.0,3,False,False
100000008309514100,,0.0,-1,0.0,,1,0,17200.0,0.0,0.0002895444426062888,0.0,3,False,False
100000003134474100,,0.0,-1,0.0,,1,0,116000.0,0.0,0.000290623106147278,0.0,3,False,False
100000002373386100,,0.0,-1,0.0,,1,0,24000.0,0.0,0.00029061014174186007,0.0,3,False,False
100000008684767100,,0.0,-1,0.0,,1,0,31100.0,0.0,0.0002917228570157654,0.0,3,False,False
100000008332511100,,0.0,-1,0.0,,1,0,100000.0,0.0,0.0011173024942748066,0.0,3,False,False
100000005754335100,,0.0,-1,0.0,,1,0,44037.0,0.0,0.000406393657840406,0.0,3,False,False
100000008547295100,,0.0,-1,0.0,,1,0,15000.0,0.0,0.000565306141506947,0.0,3,False,False
100000001875167100,,0.0,-1,0.0,,1,0,1000000.0,0.0,0.00031938553577979406,0.0,3,False,False
100000004670388100,,0.0,-1,0.0,,1,2,160354.0,720000.0,0.0005162096537647655,4.490065729573319,3,False,False
100000004097972100,,0.0,-1,0.0,,1,2,118878.0,10000.0,0.0003179832720382375,0.0841198539679335,3,False,False
100000000481716100,,0.0,-1,0.0,,1,0,8000.0,0.0,0.00037881373298038844,0.0,3,False,False
100000005089460100,,0.0,-1,0.0,,1,0,12300.0,0.0,0.000288776512346833,0.0,3,False,False
100000003105929100,,0.0,-1,0.0,,1,1,429567.0,156354.0,0.0003008255368854897,0.3639804733603838,3,False,False
100000008379273100,,0.0,-1,0.0,,2,4,36000.0,38000.0,0.00030035218673025657,1.0555555555555556,3,False,False
100000005357705100,,0.0,-1,0.0,,1,4,52595.0,387080.0,0.00029759272302630957,7.35963494628767,3,False,False
100000003111305100,,0.0,-1,0.0,,4,0,509338.0,0.0,0.0004054032372561773,0.0,3,False,False
100000008503177100,,0.0,-1,0.0,,1,0,33951.0,0.0,0.00029378420974338824,0.0,3,False,False
100000000955529100,,0.0,-1,0.0,,1,1,27000.0,63500.0,0.00029695071559399723,2.3518518518518516,3,False,False
100000008695689100,,0.0,-1,0.0,,1,0,26200.0,0.0,0.0002909549267563096,0.0,3,False,False
100000004184158100,,0.0,-1,0.0,,1,0,203805.0,0.0,0.0003049962018132192,0.0,3,False,False
100000005475379100,,0.0,-1,0.0,,1,3,108370.0,81000.0,0.00042347914866647403,0.7474393282273692,3,False,False
100000003093299100,,0.0,-1,0.0,,1,0,15000.0,0.0,0.00028769718361547217,0.0,3,False,False
100000008767027100,,0.0,-1,0.0,,1,0,5000.0,0.0,0.00028761570267189074,0.0,3,False,False
100000004539443100,,0.0,-1,0.0,,2,0,61990.0,0.0,0.0009602399360267047,0.0,3,False,False
100000007863304100,,0.0,-1,0.0,,1,0,25000.0,0.0,0.00028766226780275425,0.0,3,False,False
100000004959752100,,0.0,-1,0.0,,1,0,22200.0,0.0,0.0007881862548134613,0.0,3,False,False
100000002214664100,,0.0,-1,0.0,,1,1,7950.0,76950.0,0.0002880947783409896,9.679245283018869,3,False,False
100000008192264100,,0.0,-1,0.0,,1,1,162810.0,187910.0,0.00029214614837702694,1.1541674344327744,3,False,False
100000000942301100,,0.0,-1,0.0,,1,0,57580.0,0.0,0.0003019291849849956,0.0,3,False,False
100000002578653100,,0.0,-1,0.0,,1,0,20000.0,0.0,0.0003126975226362897,0.0,3,False,False
100000002511581100,,0.0,-1,0.0,,1,0,17600.0,0.0,0.00028960713079073414,0.0,3,False,False
100000005610717100,,0.0,-1,0.0,,4,1,484500.0,265200.0,0.0003460587880217405,0.5473684210526316,3,False,False
100000005704413100,,0.0,-1,0.0,,3,32,97834.67,1363593.0,0.0006022795556250626,13.9377278014021,3,False,False
100000000976943100,,0.0,-1,0.0,,1,1,70000.0,84000.0,0.00037510317252983504,1.2,3,False,False
100000008708061100,,0.0,-1,0.0,,1,0,8650.0,0.0,0.000288204482663769,0.0,3,False,False
100000003986141100,,0.0,-1,0.0,,1,0,5286.32,0.0,0.00028813103343166944,0.0,3,False,False
100000005037490100,,0.0,-1,0.0,,1,2,15000.0,30000.0,0.00032463593093519155,2.0,3,False,False
100000004257714100,,0.0,-1,0.0,,1,0,52220.0,0.0,0.0002950327931544809,0.0,3,False,False
100000000569479100,,0.0,-1,0.0,,1,0,320000.0,0.0,0.00039669294672804636,0.0,3,False,False
100000007303047100,,0.0,-1,0.0,,1,0,52250.0,0.0,0.0002950374947683144,0.0,3,False,False
100000008708743100,,0.0,-1,0.0,,1,0,15550.0,0.0,0.00028928585384545166,0.0,3,False,False
100000008745863100,,0.0,-1,0.0,,1,0,22900.0,0.0,0.0002904377492346353,0.0,3,False,False
100000005048668100,,0.0,-1,0.0,,2,8,16668.0,159400.0,0.00028983991163194546,9.563234941204703,3,False,False
100000006522972100,,0.0,-1,0.0,,1,0,9515.0,0.0,0.000304663904565617,0.0,3,False,False
100000008759857100,,0.0,-1,0.0,,1,2,5000.0,994000.0,0.00028761570267189074,198.8,3,False,False
100000005342513100,,0.0,-1,0.0,,1,1,235000.0,30000.0,0.001103066240657019,0.1276595744680851,3,False,False
100000004750897100,,0.0,-1,0.0,,1,0,10000.0,0.0,0.0004925814598066286,0.0,3,False,False
100000001140785100,,0.0,-1,0.0,,2,0,215000.0,0.0,0.00031675353054066855,0.0,3,False,False
100000002821425100,,0.0,-1,0.0,,1,0,275000.0,0.0,0.00030000196010987376,0.0,3,False,False
100000003221510100,,0.0,-1,0.0,,1,2,24000.0,120000.0,0.00028820618337967266,5.0,3,False,False
100000003031003100,,0.0,-1,0.0,,3,0,280090.0,0.0,0.00031288784627266157,0.0,3,False,False
100000003060187100,,0.0,-1,0.0,,1,0,93046.0,0.0,0.00030282735105508483,0.0,3,False,False
100000008718811100,,0.0,-1,0.0,,1,0,73300.0,0.0,0.000298336460474752,0.0,3,False,False
100000008043184100,,0.0,-1,0.0,,1,0,50564.0,0.0,0.00029484038862252445,0.0,3,False,False
100000002530224100,,0.0,-1,0.0,,1,0,113000.0,0.0,0.0002926951733563119,0.0,3,False,False
100000008754608100,,0.0,-1,0.0,,1,0,12300.0,0.0,0.000288776512346833,0.0,3,False,False
100000006989232100,,0.0,-1,0.0,,1,0,22194.0,0.0,0.00028882506475800423,0.0,3,False,False
100000006532229100,,0.0,-1,0.0,,1,0,105000.0,0.0,0.0003019792874876219,0.0,3,False,False
100000005661829100,,0.0,-1,0.0,,1,2,37790.0,40362.0,0.0002933384099185034,1.0680603334215402,3,False,False
100000004553349100,,0.0,-1,0.0,,1,0,7755.0,0.0,0.000301368634481829,0.0,3,False,False
100000002945626100,,0.0,-1,0.0,,3,0,584000.0,0.0,0.0003392656867946237,0.0,3,False,False
100000008775471100,,0.0,-1,0.0,,1,0,580000.0,0.0,0.00035996546736887387,0.0,3,False,False
100000000404740100,,0.0,-1,0.0,,1,0,25000.0,0.0,0.0005604163568367289,0.0,4,False,True
100000004268036100,,0.0,-1,0.0,,1,0,5500.0,0.0,0.00028980469717605794,0.0,4,False,True
100000001256409100,,0.0,-1,0.0,,1,0,8000.0,0.0,0.000549553862116161,0.0,4,False,True
100000005360814100,,0.0,-1,0.0,,1,0,144000.0,0.0,0.00043559649267614533,0.0,4,False,True
100000002369454100,,0.0,-1,0.0,,1,0,25000.0,0.0,0.00043076040376007304,0.0,4,False,True
100000004272302100,,0.0,-1,0.0,,1,0,10000.0,0.0,0.00028902455702792127,0.0,4,False,True
100000008727982100,,0.0,-1,0.0,,1,0,30000.0,0.0,0.0005161702905370301,0.0,4,False,True
100000000600707100,,0.0,-1,0.0,,1,0,89000.0,0.0,0.0005726088761598881,0.0,4,False,True
100000004500781100,,0.0,-1,0.0,,1,0,74000.0,0.0,0.0006837336338697892,0.0,4,False,True
100000008703533100,,0.0,-1,0.0,,1,0,75000.0,0.0,0.0002968487874783168,0.0,4,False,True
100000004549591100,,0.0,-1,0.0,,1,0,49000.0,0.0,0.00044625604853704994,0.0,4,False,True
100000002700161100,,0.0,-1,0.0,,1,0,39000.0,0.0,0.0009064127928751024,0.0,4,False,True
100000003134550100,,0.0,-1,0.0,,1,0,100000.0,0.0,0.00030018209974604315,0.0,4,False,True
100000001957974100,,0.0,-1,0.0,,1,0,500000.0,0.0,0.0003215701793309761,0.0,4,False,True
100000001246806100,,0.0,-1,0.0,,1,0,130000.0,0.0,0.0005353109341237872,0.0,4,False,True
100000003622955100,,0.0,-1,0.0,,1,0,15000.0,0.0,0.0013392360951323822,0.0,4,False,True
100000003692843100,,0.0,-1,0.0,,1,0,510000.0,0.0,0.0005318067920204751,0.0,4,False,True
100000008629504100,,0.0,-1,0.0,,1,0,20000.0,0.0,0.0003033600318130667,0.0,4,False,True
100000005621418100,,0.0,-1,0.0,,1,0,30000.0,0.0,0.0003091915026361621,0.0,4,False,True
100000004167082100,,0.0,-1,0.0,,1,0,13300.0,0.0,0.00038661659904842344,0.0,4,False,True
100000004379306100,,0.0,-1,0.0,,1,0,15000.0,0.0,0.0005343806771430125,0.0,4,False,True
100000004856746100,,0.0,-1,0.0,,1,0,20000.0,0.0,0.00030138094588721753,0.0,4,False,True
100000004891562100,,0.0,-1,0.0,,1,0,103400.0,0.0,0.0003424187648924353,0.0,4,False,True
100000007042175100,,0.0,-1,0.0,,1,0,60000.0,0.0,0.0005363434676045009,0.0,4,False,True
100000002670463100,,0.0,-1,0.0,,1,0,31500.0,0.0,0.0003037777897258619,0.0,4,False,True
100000005567828100,,0.0,-1,0.0,,1,0,94000.0,0.0,0.00032217896561944677,0.0,4,False,True
100000004200745100,,0.0,-1,0.0,,1,0,130000.0,0.0,0.0006035919445701507,0.0,4,False,True
100000003989033100,,0.0,-1,0.0,,1,0,373400.0,0.0,0.0006015128764964374,0.0,4,False,True
100000005146665100,,0.0,-1,0.0,,1,0,5500.0,0.0,0.00028773710725674335,0.0,4,False,True
100000003096787100,,0.0,-1,0.0,,1,0,16400.0,0.0,0.00029301282817605984,0.0,4,False,True
100000003074515100,,0.0,-1,0.0,,1,0,105000.0,0.0,0.00030072144502382513,0.0,4,False,True
100000004377043100,,0.0,-1,0.0,,1,0,5700.0,0.0,0.0003651438116408857,0.0,4,False,True
100000008680061100,,0.0,-1,0.0,,1,0,41300.0,0.0,0.00031206612655890594,0.0,4,False,True
100000008471634100,,0.0,-1,0.0,,1,0,20000.0,0.0,0.0011291860489853213,0.0,4,False,True
100000002119762100,,0.0,-1,0.0,,1,0,77000.0,0.0,0.0005318447623815342,0.0,4,False,True
100000008628818100,,0.0,-1,0.0,,1,0,46310.0,0.0,0.0003042545700695096,0.0,4,False,True
100000007510567100,,0.0,-1,0.0,,1,0,52000.0,0.0,0.0003063931695805002,0.0,4,False,True
100000004780327100,,0.0,-1,0.0,,1,0,12000.0,0.0,0.00029329797031350894,0.0,4,False,True
100000008376785100,,0.0,-1,0.0,,1,0,234250.0,0.0,0.0005341353785529392,0.0,4,False,True
100000005745873100,,0.0,-1,0.0,,1,0,223000.0,0.0,0.00031773198651832083,0.0,4,False,True
100000002594214100,,0.0,-1,0.0,,1,0,1000000.0,0.0,0.0003686849230295867,0.0,4,False,True
100000001299323100,,0.0,-1,0.0,,1,0,109000.0,0.0,0.000301249924808537,0.0,4,False,True
100000003838587100,,0.0,-1,0.0,,1,0,6000.0,0.0,0.0005574752276981332,0.0,4,False,True
100000000673915100,,0.0,-1,0.0,,1,0,20200.0,0.0,0.0002888646217399607,0.0,4,False,True
100000003061115100,,0.0,-1,0.0,,1,0,45000.0,0.0,0.000536239983966694,0.0,4,False,True
100000004326224100,,0.0,-1,0.0,,1,0,60000.0,0.0,0.0005372173236725554,0.0,4,False,True
100000004988240100,,0.0,-1,0.0,,1,0,20000.0,0.0,0.0005322492062857252,0.0,4,False,True
100000008525136100,,0.0,-1,0.0,,1,0,14100.0,0.0,0.00028981346532966205,0.0,4,False,True
100000001991973100,,0.0,-1,0.0,,1,0,20800.0,0.0,0.00029802732471498106,0.0,4,False,True
100000004569637100,,0.0,-1,0.0,,1,0,5500.0,0.0,0.0005555676972790802,0.0,4,False,True
100000008675322100,,0.0,-1,0.0,,1,0,340000.0,0.0,0.00032077767057809604,0.0,4,False,True
100000004235471100,,0.0,-1,0.0,,1,0,180000.0,0.0,0.0003501606295614153,0.0,4,False,True
100000003194831100,,0.0,-1,0.0,,1,0,6265.0,0.0,0.0002921283635882885,0.0,4,False,True
100000008588665100,,0.0,-1,0.0,,1,0,25000.0,0.0,0.00035404565739034343,0.0,4,False,True
100000003230329100,,0.0,-1,0.0,,1,0,110000.0,0.0,0.000301382044754715,0.0,4,False,True
100000002217806100,,0.0,-1,0.0,,1,0,55000.0,0.0,0.0004657752972548351,0.0,4,False,True
100000004041294100,,0.0,-1,0.0,,1,0,17800.0,0.0,0.0003021986967153913,0.0,4,False,True
100000008583971100,,0.0,-1,0.0,,2,0,51000.0,0.0,0.00033118387912484256,0.0,4,False,True
100000008251939100,,0.0,-1,0.0,,1,0,44360.0,0.0,0.0003035216581105585,0.0,4,False,True
100000004049912100,,0.0,-1,0.0,,1,0,10000.0,0.0,0.0003260015807545357,0.0,4,False,True
100000002227960100,,0.0,-1,0.0,,1,0,10000.0,0.0,0.0003007727149863169,0.0,4,False,True
100000008677368100,,0.0,-1,0.0,,1,0,13500.0,0.0,0.0005363664408357479,0.0,4,False,True
100000008631800100,,0.0,-1,0.0,,1,0,12850.0,0.0,0.0002937547829545602,0.0,4,False,True
100000003220685100,,0.0,-1,0.0,,1,0,1306000.0,0.0,0.0005399479209549977,0.0,4,False,True
100000003072205100,,0.0,-1,0.0,,2,0,163000.0,0.0,0.00032039743806798324,0.0,4,False,True
100000001202637100,,0.0,-1,0.0,,1,0,10000.0,0.0,0.0005511624903345249,0.0,4,False,True
100000002835874100,,0.0,-1,0.0,,1,0,58700.0,0.0,0.0002946042915157849,0.0,4,False,True
100000002707106100,,0.0,-1,0.0,,1,0,15000.0,0.0,0.00028789049053481303,0.0,4,False,True
100000008343415100,,0.0,-1,0.0,,1,0,100000.0,0.0,0.0004359003971259242,0.0,4,False,True
100000004981068100,,0.0,-1,0.0,,1,0,10000.0,0.0,0.00038051846099242207,0.0,4,False,True
100000004241142100,,0.0,-1,0.0,,1,0,27102.0,0.0,0.0005324557913868457,0.0,4,False,True
100000008190411100,,0.0,-1,0.0,,1,0,198450.0,0.0,0.0004260055351496249,0.0,4,False,True
100000008699083100,,0.0,-1,0.0,,1,0,238500.0,0.0,0.0003077703221744275,0.0,4,False,True
100000008136608100,,0.0,-1,0.0,,1,0,170000.0,0.0,0.0005668344012122363,0.0,4,False,True
100000008695157100,,0.0,-1,0.0,,1,0,425546.0,0.0,0.0004996948511918668,0.0,4,False,True
100000000369781100,,0.0,-1,0.0,,1,0,5000.0,0.0,0.0005348085759658293,0.0,4,False,True
100000003133045100,,0.0,-1,0.0,,1,0,68000.0,0.0,0.00033453166520910167,0.0,4,False,True
100000002474570100,,0.0,-1,0.0,,1,0,6750.0,0.0,0.00029047648047172156,0.0,4,False,True
100000002514975100,,0.0,-1,0.0,,1,0,17920.0,0.0,0.0005333676954602618,0.0,4,False,True
100000001089055100,,0.0,-1,0.0,,1,0,13000.0,0.0,0.0003307702046603971,0.0,4,False,True
100000000608031100,,0.0,-1,0.0,,1,0,30000.0,0.0,0.0005409918613686222,0.0,4,False,True
100000002659103100,,0.0,-1,0.0,,1,0,165000.0,0.0,0.0003512730922885501,0.0,4,False,True
100000000733940100,,0.0,-1,0.0,,1,0,752000.0,0.0,0.00041298144740675247,0.0,4,False,True
100000001537524100,,0.0,-1,0.0,,1,0,150000.0,0.0,0.0003000070088507917,0.0,4,False,True
100000002971593100,,0.0,-1,0.0,,1,0,49050.0,0.0,0.0005327033972220851,0.0,4,False,True
100000006918814100,,0.0,-1,0.0,,1,0,20000.0,0.0,0.000305687480683192,0.0,4,False,True
100000007381662100,,0.0,-1,0.0,,1,0,11000.0,0.0,0.0002981615168489848,0.0,4,False,True
100000003199390100,,0.0,-1,0.0,,1,0,260000.0,0.0,0.0003782991979553164,0.0,4,False,True
100000007749747100,,0.0,-1,0.0,,1,0,50000.0,0.0,0.00044559075729108476,0.0,4,False,True
100000003447411100,,0.0,-1,0.0,,1,0,302000.0,0.0,0.0003071836304022918,0.0,4,False,True
100000000500040100,,0.0,-1,0.0,,1,0,20000.0,0.0,0.00030741733462758686,0.0,4,False,True
100000008551752100,,0.0,-1,0.0,,1,0,406000.0,0.0,0.00034307554642550687,0.0,4,False,True
100000002876914100,,0.0,-1,0.0,,1,0,12000.0,0.0,0.00029329797031350894,0.0,4,False,True
100000004571634100,,0.0,-1,0.0,,1,0,20000.0,0.0,0.0003758224388042653,0.0,4,False,True
100000004610802100,,0.0,-1,0.0,,1,0,241000.0,0.0,0.00047602996658220684,0.0,4,False,True
100000001311175100,,0.0,-1,0.0,,1,0,300000.0,0.0,0.0005338359655927143,0.0,4,False,True
100000008740295100,,0.0,-1,0.0,,1,0,300000.0,0.0,0.00032648483452853003,0.0,4,False,True
100000002596039100,,0.0,-1,0.0,,1,0,280000.0,0.0,0.000305702288832764,0.0,4,False,True
100000002126791100,,0.0,-1,0.0,,1,0,1313000.0,0.0,0.0005742126611670555,0.0,4,False,True
100000005783452100,,0.0,-1,0.0,,2,0,286500.0,0.0,0.00031582143692040446,0.0,4,False,True
100000006693788100,,0.0,-1,0.0,,1,0,10764.0,0.0,0.0005344248644049857,0.0,4,False,True
100000002832753100,,0.0,-1,0.0,,1,0,12500.0,0.0,0.000758450753935698,0.0,4,False,True
100000002981489100,,0.0,-1,0.0,,1,0,10000.0,0.0,0.00028962255478302644,0.0,4,False,True
100000003084870100,,0.0,-1,0.0,,1,0,6500.0,0.0,0.00034671115213335163,0.0,4,False,True
100000002791494100,,0.0,-1,0.0,,1,0,85860.0,0.0,0.00031911952800618427,0.0,4,False,True
100000003345947100,,0.0,-1,0.0,,1,0,79500.0,0.0,0.0004969301445873047,0.0,4,False,True
100000002733083100,,0.0,-1,0.0,,1,0,15200.0,0.0,0.00029256180543208994,0.0,4,False,True
100000003247600100,,0.0,-1,0.0,,1,0,58000.0,0.0,0.0008447335511594911,0.0,4,False,True
100000001378288100,,0.0,-1,0.0,,1,0,268000.0,0.0,0.0005257329101252627,0.0,4,False,True
100000002305477100,,0.0,-1,0.0,,1,0,20000.0,0.0,0.00031469657929749593,0.0,4,False,True
100000006638021100,,0.0,-1,0.0,,2,0,388500.0,0.0,0.0005468683892599269,0.0,4,False,True
100000008517061100,,0.0,-1,0.0,,1,0,1844000.0,0.0,0.0004149011107578692,0.0,4,False,True
100000005910895100,,0.0,-1,0.0,,1,0,5100.0,0.0,0.0006001928362077962,0.0,4,False,True
100000002723439100,,0.0,-1,0.0,,1,0,18000.0,0.0,0.0005555216399681355,0.0,4,False,True
100000002320495100,,0.0,-1,0.0,,1,0,13526.27,0.0,0.000537761419963156,0.0,4,False,True
100000002229615100,,0.0,-1,0.0,,1,0,25000.0,0.0,0.0007215592341440234,0.0,4,False,True
100000008327791100,,0.0,-1,0.0,,1,0,11000.0,0.0,0.0005391167609136589,0.0,4,False,True
100000002208836100,,0.0,-1,0.0,,1,0,90000.0,0.0,0.00033128471942352606,0.0,4,False,True
100000001724740100,,0.0,-1,0.0,,1,0,185000.0,0.0,0.0005388284571255885,0.0,4,False,True
100000004386286100,,0.0,-1,0.0,,1,0,12500.0,0.0,0.000599821501654785,0.0,4,False,True
100000001714883100,,0.0,-1,0.0,,1,0,6900.0,0.0,0.00029055709446720125,0.0,4,False,True
100000008337304100,,0.0,-1,0.0,,1,0,105465.0,0.0,0.00035583636466686024,0.0,4,False,True
100000000655469100,,0.0,-1,0.0,,1,0,20000.0,0.0,0.00034695930141472015,0.0,4,False,True
100000008722541100,,0.0,-1,0.0,,1,0,280000.0,0.0,0.00038533384005379163,0.0,4,False,True
100000004222274100,,0.0,-1,0.0,,1,0,15500.0,0.0,0.0005477979606695848,0.0,4,False,True
100000006232642100,,0.0,-1,0.0,,1,0,456000.0,0.0,0.00042972241620991864,0.0,4,False,True
100000004066370100,,0.0,-1,0.0,,1,0,65000.0,0.0,0.0005918735969790847,0.0,4,False,True
100000005685783100,,0.0,-1,0.0,,1,0,26150.0,0.0,0.0005343911435542352,0.0,4,False,True
100000006171671100,,0.0,-1,0.0,,1,0,10000.0,0.0,0.0005313843598046128,0.0,4,False,True
100000003481025100,,0.0,-1,0.0,,1,0,9000.0,0.0,0.0005333521824501148,0.0,4,False,True
100000003646145100,,0.0,-1,0.0,,1,0,5000.0,0.0,0.0006563483329568967,0.0,4,False,True
100000002659265100,,0.0,-1,0.0,,1,0,141000.0,0.0,0.0003211249085404016,0.0,4,False,True
100000003289281100,,0.0,-1,0.0,,1,0,40000.0,0.0,0.0005996044729221805,0.0,4,False,True
100000004840086100,,0.0,-1,0.0,,1,0,100000.0,0.0,0.0005415136966287564,0.0,4,False,True
100000008554390100,,0.0,-1,0.0,,1,0,14000.0,0.0,0.0002943728235865708,0.0,4,False,True
100000004691350100,,0.0,-1,0.0,,1,0,13300.0,0.0,0.0008906882092165292,0.0,4,False,True
100000004652395100,,0.0,-1,0.0,,3,0,101528.0,0.0,0.00033719811399336605,0.0,4,False,True
100000004979264100,,0.0,-1,0.0,,1,0,39800.0,0.0,0.0004132074083414316,0.0,4,False,True
100000008074304100,,0.0,-1,0.0,,1,0,5500.0,0.0,0.00033389968251512316,0.0,4,False,True
100000002227989100,,0.0,-1,0.0,,1,0,20000.0,0.0,0.0003961933200599239,0.0,4,False,True
100000003207060100,,0.0,-1,0.0,,1,0,53000.0,0.0,0.00042930608091137364,0.0,4,False,True
100000004601193100,,0.0,-1,0.0,,1,0,84000.0,0.0,0.0006060180971723406,0.0,4,False,True
100000004991593100,,0.0,-1,0.0,,1,0,45000.0,0.0,0.00035646615481560413,0.0,4,False,True
100000003128638100,,0.0,-1,0.0,,1,0,300000.0,0.0,0.00035977663336718836,0.0,4,False,True
100000005878334100,,0.0,-1,0.0,,1,0,76400.0,0.0,0.0004007242321635386,0.0,4,False,True
100000002878483100,,0.0,-1,0.0,,1,0,6000.0,0.0,0.0002900734104943234,0.0,4,False,True
100000000981693100,,0.0,-1,0.0,,1,0,16500.0,0.0,0.0005314002435612227,0.0,4,False,True
100000006416061100,,0.0,-1,0.0,,1,0,30000.0,0.0,0.000436767503806739,0.0,4,False,True
100000008168850100,,0.0,-1,0.0,,1,0,187910.0,0.0,0.0005354125286335136,0.0,4,False,True
100000004747154100,,0.0,-1,0.0,,1,0,67000.0,0.0,0.0003338304473483081,0.0,4,False,True
100000008524903100,,0.0,-1,0.0,,1,0,15000.0,0.0,0.00033324977520123565,0.0,4,False,True
100000005049404100,,0.0,-1,0.0,,1,0,98000.0,0.0,0.000314031150932446,0.0,4,False,True
100000002258492100,,0.0,-1,0.0,,1,0,9000.0,0.0,0.0005424888658158641,0.0,4,False,True
100000005497148100,,0.0,-1,0.0,,1,0,24000.0,0.0,0.0004921615714314372,0.0,4,False,True
100000004596284100,,0.0,-1,0.0,,1,0,30000.0,0.0,0.0005940440593264003,0.0,4,False,True
100000007960337100,,0.0,-1,0.0,,1,0,35500.0,0.0,0.0003041206765598872,0.0,4,False,True
100000003180305100,,0.0,-1,0.0,,1,0,144000.0,0.0,0.0005303510430199019,0.0,4,False,True
100000007653094100,,0.0,-1,0.0,,1,0,16000.0,0.0,0.0005779124016807724,0.0,4,False,True
100000008175078100,,0.0,-1,0.0,,1,0,1846711.0,0.0,0.0004711333357687021,0.0,4,False,True
100000004263867100,,0.0,-1,0.0,,1,0,9000.0,0.0,0.0002916856904039162,0.0,4,False,True
100000002194320100,,0.0,-1,0.0,,1,0,275000.0,0.0,0.0004886763093074291,0.0,4,False,True
100000001222245100,,0.0,-1,0.0,,1,0,420000.0,0.0,0.0005515537557199473,0.0,4,False,True
100000008151098100,,0.0,-1,0.0,,1,0,30000.0,0.0,0.00031072300648598666,0.0,4,False,True
100000008735802100,,0.0,-1,0.0,,1,0,85000.0,0.0,0.0005109348907519574,0.0,4,False,True
100000004047887100,,0.0,-1,0.0,,1,0,30000.0,0.0,0.00028930393284577136,0.0,4,False,True
100000003146511100,,0.0,-1,0.0,,1,0,10000.0,0.0,0.0003132048427883544,0.0,4,False,True
100000007511780100,,0.0,-1,0.0,,1,0,155000.0,0.0,0.0005605373030244081,0.0,4,False,True
100000007867364100,,0.0,-1,0.0,,1,0,41852.0,0.0,0.0004507108566034336,0.0,4,False,True
100000006288612100,,0.0,-1,0.0,,1,0,30805.0,0.0,0.0002989549226377444,0.0,4,False,True
100000006735545100,,0.0,-1,0.0,,1,0,5000.0,0.0,0.00029458410669074524,0.0,4,False,True
100000004403641100,,0.0,-1,0.0,,1,0,171500.0,0.0,0.0003018930115226354,0.0,4,False,True
100000003370425100,,0.0,-1,0.0,,1,0,20000.0,0.0,0.000650678289432181,0.0,4,False,True
100000004350094100,,0.0,-1,0.0,,1,0,20000.0,0.0,0.0008971220687046565,0.0,4,False,True
100000004911971100,,0.0,-1,0.0,,1,0,35000.0,0.0,0.0002903415233122071,0.0,4,False,True
100000001202787100,,0.0,-1,0.0,,2,0,14850.0,0.0,0.0003527032901298635,0.0,4,False,True
100000008469048100,,0.0,-1,0.0,,1,0,265200.0,0.0,0.0005813053382470204,0.0,4,False,True
100000002635746100,,0.0,-1,0.0,,1,0,5300.0,0.0,0.00028969721184875176,0.0,4,False,True
100000008321975100,,0.0,-1,0.0,,1,0,5900.0,0.0,0.0003045814336433146,0.0,4,False,True
100000003078839100,,0.0,-1,0.0,,1,0,14000.0,0.0,0.0003161959204865907,0.0,4,False,True
100000004006327100,,0.0,-1,0.0,,1,0,300000.0,0.0,0.0005574958046554634,0.0,4,False,True
100000007865484100,,0.0,-1,0.0,,1,0,584600.0,0.0,0.0003678097529797332,0.0,4,False,True
100000005367180100,,0.0,-1,0.0,,1,0,7700.0,0.0,0.0007861065673620728,0.0,4,False,True
100000001669260100,,0.0,-1,0.0,,1,0,500000.0,0.0,0.0005625548425347714,0.0,4,False,True
100000001297206100,,0.0,-1,0.0,,1,0,6758.0,0.0,0.00029984528329712786,0.0,4,False,True
100000002645046100,,0.0,-1,0.0,,1,0,12000.0,0.0,0.00029329797031350894,0.0,4,False,True
100000006308406100,,0.0,-1,0.0,,1,0,183000.0,0.0,0.000541655567569714,0.0,4,False,True
100000002728246100,,0.0,-1,0.0,,1,0,10000.0,0.0,0.0005409922702021904,0.0,4,False,True
100000001590795100,,0.0,-1,0.0,,1,0,5060.0,0.0,0.00028956822945598435,0.0,4,False,True
100000006257675100,,0.0,-1,0.0,,1,0,70000.0,0.0,0.00038431590085339105,0.0,4,False,True
100000002130400100,,0.0,-1,0.0,,1,0,10000.0,0.0,0.00031895671870713223,0.0,4,False,True
100000000557536100,,0.0,-1,0.0,,1,0,153000.0,0.0,0.00030211681963146904,0.0,4,False,True
100000002689717100,,0.0,-1,0.0,,1,0,47500.0,0.0,0.0003047018342906131,0.0,4,False,True
100000005189258100,,0.0,-1,0.0,,1,0,50000.0,0.0,0.00031737824036492967,0.0,4,False,True
100000002748511100,,0.0,-1,0.0,,1,0,20000.0,0.0,0.0005698407341831297,0.0,4,False,True
100000002371892100,,0.0,-1,0.0,,1,0,43830.0,0.0,0.0003079008243401695,0.0,4,False,True
100000008130868100,,0.0,-1,0.0,,1,0,22782.0,0.0,0.00045359052102125617,0.0,4,False,True
100000007153161100,,0.0,-1,0.0,,1,0,44997.0,0.0,0.0005332711575594884,0.0,4,False,True
100000002994441100,,0.0,-1,0.0,,1,0,5000.0,0.0,0.0005556781124537371,0.0,4,False,True
100000001065481100,,0.0,-1,0.0,,1,0,16000.0,0.0,0.00043416376262416347,0.0,4,False,True
100000007731977100,,0.0,-1,0.0,,1,0,50000.0,0.0,0.0003382700605562604,0.0,4,False,True
100000003252446100,,0.0,-1,0.0,,1,0,108600.0,0.0,0.000301328759166141,0.0,4,False,True
100000002671326100,,0.0,-1,0.0,,1,0,1050000.0,0.0,0.0006321600024575433,0.0,4,False,True
100000005087923100,,0.0,-1,0.0,,1,0,20000.0,0.0,0.00046257200146125225,0.0,4,False,True
100000008770483100,,0.0,-1,0.0,,1,0,5000.0,0.0,0.0002901857658399033,0.0,4,False,True
100000002748040100,,0.0,-1,0.0,,1,0,18000.0,0.0,0.00029361419183468636,0.0,4,False,True
100000004800648100,,0.0,-1,0.0,,1,0,131000.0,0.0,0.0003383306045170939,0.0,4,False,True
100000005025629100,,0.0,-1,0.0,,1,0,5227.0,0.0,0.00031555192888998263,0.0,4,False,True
100000000581682100,,0.0,-1,0.0,,1,0,5000.0,0.0,0.00029216224557313057,0.0,4,False,True
100000004976946100,,0.0,-1,0.0,,1,0,246000.0,0.0,0.0003209172426815191,0.0,4,False,True
100000000957746100,,0.0,-1,0.0,,1,0,5300.0,0.0,0.00034884439029508294,0.0,4,False,True
100000003001138100,,0.0,-1,0.0,,1,0,30000.0,0.0,0.0003187292200630942,0.0,4,False,True
100000001325618100,,0.0,-1,0.0,,1,0,9300.0,0.0,0.00029184691839487546,0.0,4,False,True
100000003792647100,,0.0,-1,0.0,,1,0,8000.0,0.0,0.00040201261833181846,0.0,4,False,True
100000004107228100,,0.0,-1,0.0,,1,0,5000.0,0.0,0.0002900012575427844,0.0,4,False,True
100000003500764100,,0.0,-1,0.0,,1,0,21000.0,0.0,0.0005324915548296372,0.0,4,False,True
100000004261340100,,0.0,-1,0.0,,1,0,48500.0,0.0,0.00034892592172265944,0.0,4,False,True
100000008172721100,,0.0,-1,0.0,,1,0,168335.0,0.0,0.00039696133508035846,0.0,4,False,True
100000005079473100,,0.0,-1,0.0,,1,0,39312.0,0.0,0.0003274569569414129,0.0,4,False,True
100000004850609100,,0.0,-1,0.0,,1,0,10000.0,0.0,0.00031442591282254554,0.0,4,False,True
100000005042822100,,0.0,-1,0.0,,1,0,1000000.0,0.0,0.0004545783676054764,0.0,4,False,True
100000002794374100,,0.0,-1,0.0,,1,0,111000.0,0.0,0.00036537574902799667,0.0,4,False,True
100000002860934100,,0.0,-1,0.0,,1,0,279500.0,0.0,0.0005838676254729306,0.0,4,False,True
100000003097947100,,0.0,-1,0.0,,1,0,52980.0,0.0,0.00032150450412681805,0.0,4,False,True
100000004260869100,,0.0,-1,0.0,,1,0,10000.0,0.0,0.0008457607369041781,0.0,4,False,True
100000008762885100,,0.0,-1,0.0,,1,0,7000.0,0.0,0.00028855049893795236,0.0,4,False,True
100000002986245100,,0.0,-1,0.0,,1,0,5750.0,0.0,0.00028993905383519066,0.0,4,False,True
100000001471706100,,0.0,-1,0.0,,1,0,377000.0,0.0,0.0005424888658158641,0.0,4,False,True
100000002304943100,,0.0,-1,0.0,,1,0,15000.0,0.0,0.0003077346471419064,0.0,4,False,True
100000002695812100,,0.0,-1,0.0,,1,0,95000.0,0.0,0.00032255481790608836,0.0,4,False,True
100000008761220100,,0.0,-1,0.0,,1,0,10000.0,0.0,0.0002881700501369176,0.0,4,False,True
100000004890713100,,0.0,-1,0.0,,1,0,40485.0,0.0,0.00030206523049982237,0.0,4,False,True
100000003083865100,,0.0,-1,0.0,,1,0,15000.0,0.0,0.0002924866349747616,0.0,4,False,True
100000004030553100,,0.0,-1,0.0,,1,0,70000.0,0.0,0.0005331552426414786,0.0,4,False,True
100000002653187100,,0.0,-1,0.0,,1,0,15000.0,0.0,0.0004753423438912137,0.0,4,False,True
100000006412162100,,0.0,-1,0.0,,1,0,15000.0,0.0,0.0002949102502231017,0.0,4,False,True
100000004674178100,,0.0,-1,0.0,,1,0,20000.0,0.0,0.00030409586869789454,0.0,4,False,True
100000004070530100,,0.0,-1,0.0,,1,0,20000.0,0.0,0.0002884855721222268,0.0,4,False,True
100000006706519100,,0.0,-1,0.0,,1,0,36000.0,0.0,0.00039243796890561105,0.0,4,False,True
100000005636951100,,0.0,-1,0.0,,1,0,40000.0,0.0,0.0006382951522473666,0.0,4,False,True
100000003040087100,,0.0,-1,0.0,,1,0,29000.0,0.0,0.0002977485669877438,0.0,4,False,True
100000008766764100,,0.0,-1,0.0,,1,0,5000.0,0.0,0.0002875094504060277,0.0,4,False,True
100000000299820100,,0.0,-1,0.0,,1,0,10000.0,0.0,0.0004521425996333725,0.0,4,False,True
100000008349740100,,0.0,-1,0.0,,1,0,70000.0,0.0,0.0002938341959492763,0.0,4,False,True
100000008761132100,,0.0,-1,0.0,,1,0,10000.0,0.0,0.0002881700501369176,0.0,4,False,True
100000002540033100,,0.0,-1,0.0,,1,0,10000.0,0.0,0.0005986691957838226,0.0,4,False,True
100000001845505100,,0.0,-1,0.0,,1,0,20000.0,0.0,0.000594933534078599,0.0,4,False,True
100000003782913100,,0.0,-1,0.0,,1,0,200000.0,0.0,0.0003007373821374731,0.0,4,False,True
100000008778753100,,0.0,-1,0.0,,1,0,10000.0,0.0,0.00029547235968651616,0.0,4,False,True
100000008710913100,,0.0,-1,0.0,,1,0,14000.0,0.0,0.0002894015760989899,0.0,4,False,True
100000005495211100,,0.0,-1,0.0,,1,0,14500.0,0.0,0.0005623945621466781,0.0,4,False,True
100000004013952100,,0.0,-1,0.0,,1,0,5500.0,0.0,0.0005354750926490603,0.0,4,False,True
100000007330432100,,0.0,-1,0.0,,1,0,584900.0,0.0,0.0005405252953174732,0.0,4,False,True
100000000737152100,,0.0,-1,0.0,,1,0,35000.0,0.0,0.0003460334113144902,0.0,4,False,True
100000004674389100,,0.0,-1,0.0,,1,0,15000.0,0.0,0.0003535790417719834,0.0,4,False,True
100000002529877100,,0.0,-1,0.0,,1,0,232000.0,0.0,0.00030720013532014917,0.0,4,False,True
100000004035925100,,0.0,-1,0.0,,1,0,1111588.0,0.0,0.0004644459850980835,0.0,4,False,True
100000002188586100,,0.0,-1,0.0,,1,0,38310.0,0.0,0.0003012477517763769,0.0,4,False,True
100000008050986100,,0.0,-1,0.0,,1,0,95000.0,0.0,0.00031319903970007944,0.0,4,False,True
100000004777215100,,0.0,-1,0.0,,1,0,60000.0,0.0,0.00046718020289388467,0.0,4,False,True
100000000926078100,,0.0,-1,0.0,,1,0,250000.0,0.0,0.0005188088149532329,0.0,4,False,True
100000003486846100,,0.0,-1,0.0,,1,0,27000.0,0.0,0.0005334629102066379,0.0,4,False,True
100000002516862100,,0.0,-1,0.0,,1,0,81710.0,0.0,0.000350989883790352,0.0,4,False,True
100000008730238100,,0.0,-1,0.0,,1,0,113000.0,0.0,0.0005656901911760241,0.0,4,False,True
100000000803368100,,0.0,-1,0.0,,1,0,139503.0,0.0,0.0005505683576775041,0.0,4,False,True
100000002528978100,,0.0,-1,0.0,,1,0,15900.0,0.0,0.00029282490203273904,0.0,4,False,True
100000002597074100,,0.0,-1,0.0,,1,0,8000.0,0.0,0.00031181326024781633,0.0,4,False,True
100000003631015100,,0.0,-1,0.0,,1,0,266000.0,0.0,0.00032368703064951756,0.0,4,False,True
100000008255655100,,0.0,-1,0.0,,1,0,5400.0,0.0,0.0005335196280470303,0.0,4,False,True
100000004265639100,,0.0,-1,0.0,,1,0,10000.0,0.0,0.0005547248904262277,0.0,4,False,True
100000002726055100,,0.0,-1,0.0,,1,0,10000.0,0.0,0.0003415210853675309,0.0,4,False,True
100000003696422100,,0.0,-1,0.0,,1,0,118000.0,0.0,0.0007114053244004053,0.0,4,False,True
100000007745062100,,0.0,-1,0.0,,1,0,100000.0,0.0,0.0006279567979466901,0.0,4,False,True
100000005041147100,,0.0,-1,0.0,,1,0,10000.0,0.0,0.000536097742585771,0.0,4,False,True
100000003819173100,,0.0,-1,0.0,,1,0,143777.0,0.0,0.0002965298891679558,0.0,4,False,True
100000001275557100,,0.0,-1,0.0,,1,0,20000.0,0.0,0.0003490942880526508,0.0,4,False,True
100000002706810100,,0.0,-1,0.0,,1,0,45000.0,0.0,0.0003110330493190294,0.0,4,False,True
100000002896506100,,0.0,-1,0.0,,1,0,45000.0,0.0,0.00031502752147348674,0.0,4,False,True
100000008766031100,,0.0,-1,0.0,,1,0,5000.0,0.0,0.0002877605383265136,0.0,4,False,True
100000008758607100,,0.0,-1,0.0,,1,0,5000.0,0.0,0.0002875094504060277,0.0,4,False,True
100000008648783100,,0.0,-1,0.0,,1,0,5200.0,0.0,0.00028964346918509867,0.0,4,False,True
100000004291663100,,0.0,-1,0.0,,1,0,25000.0,0.0,0.00031255945561569915,0.0,4,False,True
100000003037476100,,0.0,-1,0.0,,3,0,555000.0,0.0,0.0003609501910425195,0.0,4,False,True
100000008715513100,,0.0,-1,0.0,,1,0,32500.0,0.0,0.00030431521636239283,0.0,4,False,True
100000001276409100,,0.0,-1,0.0,,1,0,94760.0,0.0,0.0003224646133572944,0.0,4,False,True
100000003232675100,,0.0,-1,0.0,,1,0,44000.0,0.0,0.0004028152159732906,0.0,4,False,True
100000007988344100,,0.0,-1,0.0,,1,0,20000.0,0.0,0.000389171245180563,0.0,4,False,True
100000003047800100,,0.0,-1,0.0,,1,0,12212.0,0.0,0.0003762285925005613,0.0,4,False,True
100000003230328100,,0.0,-1,0.0,,3,0,26572.0,0.0,0.00035324139302681803,0.0,4,False,True
100000002702968100,,0.0,-1,0.0,,1,0,31600.0,0.0,0.0002987257829330119,0.0,4,False,True
100000004788983100,,0.0,-1,0.0,,1,0,27000.0,0.0,0.0003711037329829278,0.0,4,False,True
100000006490615100,,0.0,-1,0.0,,1,0,41600.0,0.0,0.00039648977786611855,0.0,4,False,True
100000008745676100,,0.0,-1,0.0,,1,0,34547.0,0.0,0.0005326470887004858,0.0,4,False,True
100000001598625100,,0.0,-1,0.0,,1,0,25000.0,0.0,0.00043076040376007304,0.0,4,False,True
100000008461217100,,0.0,-1,0.0,,1,0,18000.0,0.0,0.0005479716592571167,0.0,4,False,True
100000005711521100,,0.0,-1,0.0,,1,0,238000.0,0.0,0.0005361799863213338,0.0,4,False,True
100000002713974100,,0.0,-1,0.0,,1,0,50000.0,0.0,0.0003314167722143403,0.0,4,False,True
100000005272139100,,0.0,-1,0.0,,1,0,165000.0,0.0,0.0007587480153171217,0.0,4,False,True
100000002968096100,,0.0,-1,0.0,,1,0,70000.0,0.0,0.00032090597213802396,0.0,4,False,True
100000004449824100,,0.0,-1,0.0,,1,0,9000.0,0.0,0.0002916856904039162,0.0,4,False,True
100000004502048100,,0.0,-1,0.0,,1,0,13888.0,0.0,0.0003412241622094056,0.0,4,False,True
100000002660298100,,0.0,-1,0.0,,1,0,30900.0,0.0,0.0002984626863323628,0.0,4,False,True
100000001299828100,,0.0,-1,0.0,,1,0,100000.0,0.0,0.0005496498012691123,0.0,4,False,True
100000000581662100,,0.0,-1,0.0,,1,0,21160.0,0.0,0.00030426967518065756,0.0,4,False,True
100000001249054100,,0.0,-1,0.0,,1,0,17375.0,0.0,0.0002933792841555354,0.0,4,False,True
100000008759795100,,0.0,-1,0.0,,1,0,17000.0,0.0,0.00029598510349616354,0.0,4,False,True
100000001299443100,,0.0,-1,0.0,,1,0,8000.0,0.0,0.00029114826376738524,0.0,4,False,True
100000007997939100,,0.0,-1,0.0,,1,0,13000.0,0.0,0.0003595468864431232,0.0,4,False,True
100000003470579100,,0.0,-1,0.0,,1,0,357000.0,0.0,0.0005709513048242385,0.0,4,False,True
100000008649416100,,0.0,-1,0.0,,1,0,5000.0,0.0,0.0005360635952586398,0.0,4,False,True
100000008183752100,,0.0,-1,0.0,,1,0,140000.0,0.0,0.0005325122329931616,0.0,4,False,True
100000003950749100,,0.0,-1,0.0,,1,0,7000.0,0.0,0.000385896009902935,0.0,4,False,True
100000005979037100,,0.0,-1,0.0,,1,0,60300.0,0.0,0.0003262927144564953,0.0,4,False,True
100000008734279100,,0.0,-1,0.0,,1,0,31650.0,0.0,0.0003026792800913572,0.0,4,False,True
100000005589319100,,0.0,-1,0.0,,1,0,26000.0,0.0,0.0003113390696856082,0.0,4,False,True
100000003626268100,,0.0,-1,0.0,,1,0,5000.0,0.0,0.00053321566663876,0.0,4,False,True
100000001220124100,,0.0,-1,0.0,,1,0,40000.0,0.0,0.0005419141070387541,0.0,4,False,True
100000003904497100,,0.0,-1,0.0,,1,0,10000.0,0.0,0.0003427704166505112,0.0,4,False,True
100000001270470100,,0.0,-1,0.0,,1,0,28300.0,0.0,0.00043163503890031443,0.0,4,False,True
100000003091142100,,0.0,-1,0.0,,1,0,40000.0,0.0,0.00041167089853853036,0.0,4,False,True
100000001053894100,,0.0,-1,0.0,,1,0,2000000.0,0.0,0.0004505209953840355,0.0,4,False,True
100000004722630100,,0.0,-1,0.0,,1,0,340000.0,0.0,0.0004942926421165495,0.0,4,False,True
100000004655046100,,0.0,-1,0.0,,1,0,24000.0,0.0,0.0005599393884220685,0.0,4,False,True
100000004019056100,,0.0,-1,0.0,,1,0,50000.0,0.0,0.0005432848903186062,0.0,4,False,True
100000008071749100,,0.0,-1,0.0,,1,0,24943.0,0.0,0.0002962237342608389,0.0,4,False,True
100000008221765100,,0.0,-1,0.0,,1,0,156354.0,0.0,0.0005428011368322504,0.0,4,False,True
100000008778010100,,0.0,-1,0.0,,1,0,76950.0,0.0,0.0005319634725532227,0.0,4,False,True
100000004584730100,,0.0,-1,0.0,,1,0,47000.0,0.0,0.00030519999828623105,0.0,4,False,True
100000004797167100,,0.0,-1,0.0,,1,0,31000.0,0.0,0.0005540311321928093,0.0,4,False,True
100000005010159100,,0.0,-1,0.0,,1,0,7092.0,0.0,0.0006170044548736873,0.0,4,False,True
100000003025903100,,0.0,-1,0.0,,1,0,386300.0,0.0,0.0005287470846618524,0.0,4,False,True
100000003005167100,,0.0,-1,0.0,,1,0,7000.0,0.0,0.00029061083713085434,0.0,4,False,True
100000002214383100,,0.0,-1,0.0,,1,0,213000.0,0.0,0.0005331973163312098,0.0,4,False,True
100000004800452100,,0.0,-1,0.0,,1,0,6544.53,0.0,0.0006105904186465329,0.0,4,False,True
100000006903193100,,0.0,-1,0.0,,1,0,9000.0,0.0,0.00030295089576911586,0.0,4,False,True
100000007811950100,,0.0,-1,0.0,,1,0,50000.0,0.0,0.0005486110276407319,0.0,4,False,True
100000000375150100,,0.0,-1,0.0,,1,0,300000.0,0.0,0.0007494263644586512,0.0,4,False,True
100000008775747100,,0.0,-1,0.0,,1,0,5000.0,0.0,0.0002875094504060277,0.0,4,False,True
100000006689603100,,0.0,-1,0.0,,1,0,400000.0,0.0,0.000313782333757461,0.0,4,False,True
100000005075949100,,0.0,-1,0.0,,1,0,2226000.0,0.0,0.0007711610848047253,0.0,4,False,True
100000003985389100,,0.0,-1,0.0,,1,0,422698.0,0.0,0.0004925042382196951,0.0,4,False,True
100000002478829100,,0.0,-1,0.0,,1,0,34000.0,0.0,0.00038903661693242777,0.0,4,False,True
100000003125997100,,0.0,-1,0.0,,1,0,87750.0,0.0,0.0005508476119532816,0.0,4,False,True
100000003214786100,,0.0,-1,0.0,,1,0,5000.0,0.0,0.00042212780031842547,0.0,4,False,True
100000008308418100,,0.0,-1,0.0,,1,0,50000.0,0.0,0.0004335004037730173,0.0,4,False,True
100000008619159100,,0.0,-1,0.0,,1,0,446400.0,0.0,0.00035816966450760365,0.0,4,False,True
100000004418967100,,0.0,-1,0.0,,1,0,100000.0,0.0,0.00045550191896294884,0.0,4,False,True
100000003173783100,,0.0,-1,0.0,,1,0,23500.0,0.0,0.00034834948327385477,0.0,4,False,True
100000002242455100,,0.0,-1,0.0,,1,0,110000.0,0.0,0.0005345037605974336,0.0,4,False,True
100000004848236100,,0.0,-1,0.0,,1,0,7500.0,0.0,0.00031025298464952393,0.0,4,False,True
100000004674412100,,0.0,-1,0.0,,1,0,46000.0,0.0,0.0004914881033721309,0.0,4,False,True
100000007071852100,,0.0,-1,0.0,,1,0,195000.0,0.0,0.00044546482150226727,0.0,4,False,True
100000001498732100,,0.0,-1,0.0,,1,0,5500.0,0.0,0.0002907055489095026,0.0,4,False,True
100000000627521100,,0.0,-1,0.0,,1,0,6500.0,0.0,0.0002873807851454418,0.0,4,False,True
100000003105089100,,0.0,-1,0.0,,1,0,10000.0,0.0,0.0003007727149863169,0.0,4,False,True
100000003166017100,,0.0,-1,0.0,,1,0,15000.0,0.0,0.0002924866349747616,0.0,4,False,True
100000002506987100,,0.0,-1,0.0,,1,0,28200.0,0.0,0.00029744788515843055,0.0,4,False,True
100000005767403100,,0.0,-1,0.0,,1,0,1100000.0,0.0,0.0010861140873395204,0.0,4,False,True
100000005553088100,,0.0,-1,0.0,,1,0,17500.0,0.0,0.0002956018527220206,0.0,4,False,True
100000003632533100,,0.0,-1,0.0,,1,0,10000.0,0.0,0.00043080356024598855,0.0,4,False,True
100000008762005100,,0.0,-1,0.0,,1,0,5000.0,0.0,0.00028806431372000536,0.0,4,False,True
100000002214207100,,0.0,-1,0.0,,1,0,97000.0,0.0,0.0006935370503709199,0.0,4,False,True
100000003180820100,,0.0,-1,0.0,,1,0,101000.0,0.0,0.0003001929652391132,0.0,4,False,True
100000003786516100,,0.0,-1,0.0,,1,0,5000.0,0.0,0.0002944715277207126,0.0,4,False,True
100000005226217100,,0.0,-1,0.0,,1,0,17500.0,0.0,0.0003847115911320412,0.0,4,False,True
100000001533161100,,0.0,-1,0.0,,1,0,100000.0,0.0,0.0003258938455923574,0.0,4,False,True
100000007034089100,,0.0,-1,0.0,,2,0,198000.0,0.0,0.0003225499409968397,0.0,4,False,True
100000008336318100,,0.0,-1,0.0,,1,0,170000.0,0.0,0.0003281745942006332,0.0,4,False,True
100000005370558100,,0.0,-1,0.0,,1,0,5000.0,0.0,0.0003006373817488417,0.0,4,False,True
100000002729875100,,0.0,-1,0.0,,1,0,76000.0,0.0,0.00031541362445989824,0.0,4,False,True
100000006512787100,,0.0,-1,0.0,,1,0,20000.0,0.0,0.0005323686713884702,0.0,4,False,True
100000003186579100,,0.0,-1,0.0,,1,0,110000.0,0.0,0.0005174329706222673,0.0,4,False,True
100000004472936100,,0.0,-1,0.0,,1,0,5000.0,0.0,0.000534224856447652,0.0,4,False,True
100000002231144100,,0.0,-1,0.0,,1,0,15000.0,0.0,0.00036885720271372736,0.0,4,False,True
100000002505277100,,0.0,-1,0.0,,1,0,60000.0,0.0,0.0004094535334103889,0.0,4,False,True
100000003177533100,,0.0,-1,0.0,,1,0,20000.0,0.0,0.0003396994906530415,0.0,4,False,True
100000005888829100,,0.0,-1,0.0,,1,0,197000.0,0.0,0.0003128764800721987,0.0,4,False,True
100000002242066100,,0.0,-1,0.0,,1,0,60000.0,0.0,0.0005361178711651809,0.0,4,False,True
100000008027922100,,0.0,-1,0.0,,1,0,70000.0,0.0,0.000504707881496433,0.0,4,False,True
100000002686226100,,0.0,-1,0.0,,1,0,430000.0,0.0,0.000657422564333951,0.0,4,False,True
100000001065234100,,0.0,-1,0.0,,1,0,360000.0,0.0,0.000551059341975592,0.0,4,False,True
100000000424935100,,0.0,-1,0.0,,1,0,15000.0,0.0,0.000302789035369116,0.0,4,False,True
100000005723580100,,0.0,-1,0.0,,1,0,35000.0,0.0,0.0003458774245758717,0.0,4,False,True
100000000704700100,,0.0,-1,0.0,,1,0,10000.0,0.0,0.000535589944745787,0.0,4,False,True
100000005293969100,,0.0,-1,0.0,,1,0,5466.97,0.0,0.0005328142094654642,0.0,4,False,True
100000002512742100,,0.0,-1,0.0,,1,0,6000.0,0.0,0.0002900734104943234,0.0,4,False,True
100000001816678100,,0.0,-1,0.0,,1,0,60000.0,0.0,0.0003110373276412958,0.0,4,False,True
100000004586598100,,0.0,-1,0.0,,1,0,761255.0,0.0,0.0005416234594243445,0.0,4,False,True
100000005782886100,,0.0,-1,0.0,,1,0,14000.0,0.0,0.00036513904304066056,0.0,4,False,True
100000002622822100,,0.0,-1,0.0,,1,0,750000.0,0.0,0.0009115195603749133,0.0,4,False,True
100000003718715100,,0.0,-1,0.0,,1,0,915000.0,0.0,0.0005780729063882122,0.0,4,False,True
100000006491963100,,0.0,-1,0.0,,1,0,16000.0,0.0,0.00029544767685963264,0.0,4,False,True
100000004526651100,,0.0,-1,0.0,,1,0,33000.0,0.0,0.00029120880889901097,0.0,4,False,True
100000008331280100,,0.0,-1,0.0,,1,0,41000.0,0.0,0.00031947686361663124,0.0,4,False,True
100000004177936100,,0.0,-1,0.0,,1,0,10000.0,0.0,0.00033850457340797626,0.0,4,False,True
100000002922000100,,0.0,-1,0.0,,1,0,448000.0,0.0,0.00046177042790428147,0.0,4,False,True
100000002404112100,,0.0,-1,0.0,,1,0,60000.0,0.0,0.00033153415459718637,0.0,4,False,True
100000000634341100,,0.0,-1,0.0,,1,0,24000.0,0.0,0.0005573539003533433,0.0,4,False,True
100000001822650100,,0.0,-1,0.0,,1,0,112000.0,0.0,0.00030727065406595434,0.0,4,False,True
100000004791226100,,0.0,-1,0.0,,1,0,20000.0,0.0,0.0005438507021136128,0.0,4,False,True
100000007841978100,,0.0,-1,0.0,,1,0,449000.0,0.0,0.0005085344625420965,0.0,4,False,True
100000006866831100,,0.0,-1,0.0,,1,0,16500.0,0.0,0.0003693041098975185,0.0,4,False,True
100000002999140100,,0.0,-1,0.0,,1,0,10000.0,0.0,0.0002907787555485696,0.0,4,False,True
100000002884708100,,0.0,-1,0.0,,1,0,1171644.0,0.0,0.0005650270040464904,0.0,4,False,True
100000001130553100,,0.0,-1,0.0,,1,0,18000.0,0.0,0.0005459673279026691,0.0,4,False,True
100000006351075100,,0.0,-1,0.0,,1,0,40000.0,0.0,0.0002923884266111348,0.0,4,False,True
100000005616568100,,0.0,-1,0.0,,1,0,530000.0,0.0,0.000433855168393233,0.0,4,False,True
100000006381453100,,0.0,-1,0.0,,1,0,45000.0,0.0,0.0005787091993217518,0.0,4,False,True
100000004616845100,,0.0,-1,0.0,,1,0,20200.0,0.0,0.00029011117484757973,0.0,4,False,True
100000004908173100,,0.0,-1,0.0,,1,0,21000.0,0.0,0.00032226599501557814,0.0,4,False,True
100000004433250100,,0.0,-1,0.0,,1,0,8000.0,0.0,0.00030793930150589736,0.0,4,False,True
100000003664994100,,0.0,-1,0.0,,1,0,338271.0,0.0,0.00039283565744490946,0.0,4,False,True
100000004673335100,,0.0,-1,0.0,,1,0,80000.0,0.0,0.0004962127063303444,0.0,4,False,True
100000002487222100,,0.0,-1,0.0,,1,0,90000.0,0.0,0.00031181218764613514,0.0,4,False,True
100000000018102100,,0.0,-1,0.0,,1,0,7000.0,0.0,0.0003218298697391781,0.0,4,False,True
100000008638859100,,0.0,-1,0.0,,1,0,34000.0,0.0,0.0005419497123214285,0.0,4,False,True
100000001131403100,,0.0,-1,0.0,,1,0,1570000.0,0.0,0.0005404057294243341,0.0,4,False,True
100000001733216100,,0.0,-1,0.0,,1,0,60000.0,0.0,0.0004094535334103889,0.0,4,False,True
100000004400480100,,0.0,-1,0.0,,1,0,21700.0,0.0,0.0004866968416971746,0.0,4,False,True
100000007539296100,,0.0,-1,0.0,,1,0,46000.0,0.0,0.0005597526869806093,0.0,4,False,True
100000008757301100,,0.0,-1,0.0,,1,0,58398.0,0.0,0.000532870629678765,0.0,4,False,True
100000002752565100,,0.0,-1,0.0,,1,0,57000.0,0.0,0.00033973572253054356,0.0,4,False,True
100000002734815100,,0.0,-1,0.0,,1,0,110000.0,0.0,0.000313589037662223,0.0,4,False,True
100000008333492100,,0.0,-1,0.0,,1,0,216400.0,0.0,0.0004399409299864769,0.0,4,False,True
100000006527156100,,0.0,-1,0.0,,1,0,48500.0,0.0,0.00029740102648613743,0.0,4,False,True
100000003448713100,,0.0,-1,0.0,,1,0,266750.0,0.0,0.0003048101172056621,0.0,4,False,True
100000004780083100,,0.0,-1,0.0,,1,0,9999.0,0.0,0.0002946979045255726,0.0,4,False,True
100000004798515100,,0.0,-1,0.0,,1,0,200000.0,0.0,0.00036544694814377303,0.0,4,False,True
100000004232712100,,0.0,-1,0.0,,1,0,12500.0,0.0,0.0005315954812987935,0.0,4,False,True
100000005209352100,,0.0,-1,0.0,,1,0,5000.0,0.0,0.00042212780031842547,0.0,4,False,True
100000000561160100,,0.0,-1,0.0,,1,0,240000.0,0.0,0.00043816438032217447,0.0,4,False,True
100000003568904100,,0.0,-1,0.0,,1,0,49000.0,0.0,0.0005340597144097778,0.0,4,False,True
100000000470237100,,0.0,-1,0.0,,1,0,32500.0,0.0,0.0005874891550959067,0.0,4,False,True
100000008560263100,,0.0,-1,0.0,,1,0,100000.0,0.0,0.00031458589175402374,0.0,4,False,True
100000000542087100,,0.0,-1,0.0,,1,0,8506.91,0.0,0.00028769776072608104,0.0,4,False,True
100000004403548100,,0.0,-1,0.0,,1,0,5000.0,0.0,0.0003694957251542552,0.0,4,False,True
100000003010908100,,0.0,-1,0.0,,1,0,17000.0,0.0,0.00040117257173756337,0.0,4,False,True
100000006756956100,,0.0,-1,0.0,,1,0,121200.0,0.0,0.00031233192132253763,0.0,4,False,True
100000007357489100,,0.0,-1,0.0,,2,0,164500.0,0.0,0.00031435760399258953,0.0,4,False,True
100000002599729100,,0.0,-1,0.0,,1,0,65000.0,0.0,0.00048791952362156144,0.0,4,False,True
100000005849862100,,0.0,-1,0.0,,1,0,13000.0,0.0,0.0005508281363852516,0.0,4,False,True
100000008762843100,,0.0,-1,0.0,,1,0,7000.0,0.0,0.00028855049893795236,0.0,4,False,True
100000002723674100,,0.0,-1,0.0,,1,0,30000.0,0.0,0.0003286204436086749,0.0,4,False,True
100000008758106100,,0.0,-1,0.0,,1,0,10000.0,0.0,0.0002881700501369176,0.0,4,False,True
100000001286703100,,0.0,-1,0.0,,1,0,20500.0,0.0,0.0002885264901584041,0.0,4,False,True
